Workbook

Sheet 装置运转情况表
B2: 延 安 石 油 化 工 厂 装 置 运 转 情 况 表
B3: 填报单位：延安石油化工厂 | C3: 日期： | D3: 2025-12 | I3: =取值!A2&取值!B2&取值!C2 -> 报表生成时间：2026-01-01 8:00:00
B4: 装置名称 | C4: 月份 | D4: 周期 | E4: 开车时间 | F4: 停车时间 | G4: 运转天数 | H4: 本年累计运转天数 | I4: 周期运转天数 | J4: 停车原因
B5: 1、120万吨/年重整装置 | C5: =取值!A5 -> 2025-12 | G5: 31 | H5: =SUM(G5,取值!H5) -> 365
B6: 2、140万吨/年柴油加氢装置 | C6: =取值!A5 -> 2025-12 | G6: 31 | H6: =SUM(G6,取值!H6) -> 363
B7: 3、20万吨/年苯抽提装置 | C7: =取值!A5 -> 2025-12 | G7: 31 | H7: =SUM(G7,取值!H7) -> 363
B8: 4、60万吨/年气体分馏装置 | C8: =取值!A5 -> 2025-12 | G8: 31 | H8: =SUM(G8,取值!H9) -> 365
B9: 5、20万吨/年聚丙烯装置 | C9: =取值!A5 -> 2025-12 | G9: 31 | H9: =SUM(G9,取值!H10) -> 359
B10: 6、12万吨/年MTBE装置 | C10: =取值!A5 -> 2025-12 | G10: 31 | H10: =SUM(G10,取值!H11) -> 365
B11: 7、180万吨/年汽油精制装置 | C11: =取值!A5 -> 2025-12 | G11: 31 | H11: =SUM(G11,取值!H15) -> 365
B12: 8、240万吨/年柴油加氢精制装置 | C12: =取值!A5 -> 2025-12 | G12: 31 | H12: =SUM(G12,取值!H16) -> 365
B13: 9、2万标立方米/小时制氢装置 | C13: =取值!A5 -> 2025-12 | G13: 0 | H13: =SUM(G13,取值!H17) -> 0
B14: 10、60万吨/年液化气精制装置 | C14: =取值!A5 -> 2025-12 | G14: 31 | H14: =SUM(G14,取值!H8) -> 365
B15: 11、0.4万吨/年硫磺回收装置 | C15: =取值!A5 -> 2025-12 | G15: 31 | H15: =SUM(G15,取值!H12) -> 365
B16: 12、2万吨/年硫磺精制装置 | C16: =取值!A5 -> 2025-12 | G16: 31 | H16: =SUM(G16,取值!H13) -> 365
B17: 13、0.5万吨/年碱渣处理装置 | C17: =取值!A5 -> 2025-12 | G17: 31 | H17: =SUM(G17,取值!H14) -> 365
B18: 14、20万吨/年烷基化装置 | C18: =取值!A5 -> 2025-12 | G18: 31 | H18: =SUM(G18,取值!H18) -> 365
B19: 15、30万吨/年混合脱氢装置 | C19: =取值!A5 -> 2025-12 | G19: 31 | H19: =SUM(G19,取值!H19) -> 326
B20: 16、25万吨/年MTBE装置 | C20: =取值!A5 -> 2025-12 | G20: 31 | H20: =SUM(G20,取值!H20) -> 324
B21: 主管领导： | C21: 陈张友 | F21: 单位负责人： | H21: 温铜川 | I21: 填报人： | J21: 李洛娟

Sheet 公式
A1: 公式类型 | C1: 数据源 | E1: 取值 | G1: 计量点名称 | I1: 取值条件
A2: #SQL | B2: (" | C2: SH_PO_ByMonth | D2: "," | E2: VALUE | F2: ",":where{NAME= | G2: 石化厂_联合一车间_装置运转情况表_120万吨/年重整装置_运转天数 | H2: }") | I2: =A2&B2&C2&D2&E2&F2&G2&H2 -> #SQL("SH_PO_ByMonth","VALUE",":where{NAME=石化厂_联合一车间_装置运转情况表_120万吨/年重整装置_运转天数}")
A3: #SQL | B3: (" | C3: SH_PO_ByMonth | D3: "," | E3: VALUE | F3: ",":where{NAME= | G3: 石化厂_联合一车间_装置运转情况表_140万吨/年柴油加氢装置_运转天数 | H3: }") | I3: =A3&B3&C3&D3&E3&F3&G3&H3 -> #SQL("SH_PO_ByMonth","VALUE",":where{NAME=石化厂_联合一车间_装置运转情况表_140万吨/年柴油加氢装置_运转天数}")
A4: #SQL | B4: (" | C4: SH_PO_ByMonth | D4: "," | E4: VALUE | F4: ",":where{NAME= | G4: 石化厂_联合一车间_装置运转情况表_20万吨/年苯抽提装置_运转天数 | H4: }") | I4: =A4&B4&C4&D4&E4&F4&G4&H4 -> #SQL("SH_PO_ByMonth","VALUE",":where{NAME=石化厂_联合一车间_装置运转情况表_20万吨/年苯抽提装置_运转天数}")
A5: #SQL | B5: (" | C5: SH_PO_ByMonth | D5: "," | E5: VALUE | F5: ",":where{NAME= | G5: 石化厂_联合四车间_装置运转情况表_60万吨/年液化气精制装置_运转天数 | H5: }") | I5: =A5&B5&C5&D5&E5&F5&G5&H5 -> #SQL("SH_PO_ByMonth","VALUE",":where{NAME=石化厂_联合四车间_装置运转情况表_60万吨/年液化气精制装置_运转天数}")
A6: #SQL | B6: (" | C6: SH_PO_ByMonth | D6: "," | E6: VALUE | F6: ",":where{NAME= | G6: 石化厂_联合三车间_装置运转情况表_60万吨/年气体分馏装置_运转天数 | H6: }") | I6: =A6&B6&C6&D6&E6&F6&G6&H6 -> #SQL("SH_PO_ByMonth","VALUE",":where{NAME=石化厂_联合三车间_装置运转情况表_60万吨/年气体分馏装置_运转天数}")
A7: #SQL | B7: (" | C7: SH_PO_ByMonth | D7: "," | E7: VALUE | F7: ",":where{NAME= | G7: 石化厂_联合三车间_装置运转情况表_20万吨/年聚丙烯装置_运转天数 | H7: }") | I7: =A7&B7&C7&D7&E7&F7&G7&H7 -> #SQL("SH_PO_ByMonth","VALUE",":where{NAME=石化厂_联合三车间_装置运转情况表_20万吨/年聚丙烯装置_运转天数}")
A8: #SQL | B8: (" | C8: SH_PO_ByMonth | D8: "," | E8: VALUE | F8: ",":where{NAME= | G8: 石化厂_联合三车间_装置运转情况表_12万吨/年MTBE装置_运转天数 | H8: }") | I8: =A8&B8&C8&D8&E8&F8&G8&H8 -> #SQL("SH_PO_ByMonth","VALUE",":where{NAME=石化厂_联合三车间_装置运转情况表_12万吨/年MTBE装置_运转天数}")
A9: #SQL | B9: (" | C9: SH_PO_ByMonth | D9: "," | E9: VALUE | F9: ",":where{NAME= | G9: 石化厂_联合四车间_装置运转情况表_0.4万吨/年硫磺回收装置_运转天数 | H9: }") | I9: =A9&B9&C9&D9&E9&F9&G9&H9 -> #SQL("SH_PO_ByMonth","VALUE",":where{NAME=石化厂_联合四车间_装置运转情况表_0.4万吨/年硫磺回收装置_运转天数}")
A10: #SQL | B10: (" | C10: SH_PO_ByMonth | D10: "," | E10: VALUE | F10: ",":where{NAME= | G10: 石化厂_联合四车间_装置运转情况表_2万吨/年硫磺精制装置_运转天数 | H10: }") | I10: =A10&B10&C10&D10&E10&F10&G10&H10 -> #SQL("SH_PO_ByMonth","VALUE",":where{NAME=石化厂_联合四车间_装置运转情况表_2万吨/年硫磺精制装置_运转天数}")
A11: #SQL | B11: (" | C11: SH_PO_ByMonth | D11: "," | E11: VALUE | F11: ",":where{NAME= | G11: 石化厂_轻烃中心_装置运转情况表_0.5万吨/年碱渣处理装置_运转天数 | H11: }") | I11: =A11&B11&C11&D11&E11&F11&G11&H11 -> #SQL("SH_PO_ByMonth","VALUE",":where{NAME=石化厂_轻烃中心_装置运转情况表_0.5万吨/年碱渣处理装置_运转天数}")
A12: #SQL | B12: (" | C12: SH_PO_ByMonth | D12: "," | E12: VALUE | F12: ",":where{NAME= | G12: 石化厂_联合三车间_装置运转情况表_180万吨/年汽油精制装置_运转天数 | H12: }") | I12: =A12&B12&C12&D12&E12&F12&G12&H12 -> #SQL("SH_PO_ByMonth","VALUE",":where{NAME=石化厂_联合三车间_装置运转情况表_180万吨/年汽油精制装置_运转天数}")
A13: #SQL | B13: (" | C13: SH_PO_ByMonth | D13: "," | E13: VALUE | F13: ",":where{NAME= | G13: 石化厂_联合三车间_装置运转情况表_240万吨/年柴油加氢精制装置_运转天数 | H13: }") | I13: =A13&B13&C13&D13&E13&F13&G13&H13 -> #SQL("SH_PO_ByMonth","VALUE",":where{NAME=石化厂_联合三车间_装置运转情况表_240万吨/年柴油加氢精制装置_运转天数}")
... A33: #SQL | B33: (" | C33: SH_PO_YearSum | D33: "," | E33: VALUE | F33: ",":where{NAME= | G33: 石化厂_轻烃中心_装置运转情况表_25万吨/年MTBE装置_运转天数 | H33: }") | I33: =A33&B33&C33&D33&E33&F33&G33&H33 -> #SQL("SH_PO_YearSum","VALUE",":where{NAME=石化厂_轻烃中心_装置运转情况表_25万吨/年MTBE装置_运转天数}")

Sheet 取值
A2: 报表生成时间： | B2: 2026-01-01 | C2: 8:00:00
A5: 2025-12 | H5: 334
H6: 332
H7: 332
H8: 334
H9: 334
H10: 328
H11: 334
H12: 334
H13: 334
H14: 334
H15: 334
H16: 334
H17: 0
... H20: 293
A25: 陈张友
A26: 温铜川
A27: 李洛娟
