Workbook

Sheet 延安炼油厂装置生产完成情况表（五）
B2: 延安炼油厂装置生产完成情况表（五）
B3: 填报单位：生产计划部 | F3: 日期： | I3: 2025-12 | L3: 陕油延炼计统YB106-5表
B4: 装置名称 | C4: 指标名称 | D4: 产量（吨） | F4: 收率（％） | H4: 去年同期 | J4: 装置名称 | K4: 指标名称 | L4: 产量（吨） | N4: 收率（％） | P4: 去年同期
D5: 本 月 | E5: 累 计 | F5: 本 月 | G5: 平 均 | H5: 产 量 | I5: 收 率 | L5: 本 月 | M5: 累 计 | N5: 本 月 | O5: 平 均 | P5: 产 量 | Q5: 收 率
B6: 7 万 吨 醋 酸 仲 丁 酯 装 置 | C6: 原料处理量 | D6: =_xlfn.IFERROR(SUM(D7:D8),"") -> 13281 | E6: =_xlfn.IFERROR(SUM(D6,取值!E6),"") -> 141630 | F6: / | G6: / | H6: =取值!H6 -> 13103 | I6: / | J6: 50 万 吨 航 煤 加 氢 装 置 | K6: 原料处理量 | L6: =_xlfn.IFERROR(SUM(L7,L8),"") -> 30590 | M6: =_xlfn.IFERROR(SUM(L6,取值!M5),"") -> 223858 | N6: / | O6: / | P6: =取值!P5 -> 0 | Q6: /
C7: 其中：醚后C4 | D7: =取值!D7 -> 10450 | E7: =_xlfn.IFERROR(SUM(D7,取值!E7),"") -> 113631 | F7: / | G7: / | H7: =取值!H7 -> 10204 | I7: / | K7: 其中：常一线 | L7: =取值!L5 -> 30528 | M7: =_xlfn.IFERROR(SUM(L7,取值!M6),"") -> 223400 | N7: / | O7: / | P7: =取值!P6 -> 0 | Q7: /
C8: 醋酸 | D8: =取值!D8 -> 2831 | E8: =_xlfn.IFERROR(SUM(D8,取值!E8),"") -> 27999 | F8: / | G8: / | H8: =取值!H8 -> 2899 | I8: / | K8: 氢气 | L8: =取值!L6 -> 62 | M8: =_xlfn.IFERROR(SUM(L8,取值!M7),"") -> 458 | N8: / | O8: / | P8: =取值!P7 -> 0 | Q8: /
C9: 醋酸仲丁酯（SBA） | D9: =取值!D9 -> 5091 | E9: =_xlfn.IFERROR(SUM(D9,取值!E9),"") -> 52640 | F9: =_xlfn.IFERROR(D9/D6*100,0) -> 38.332957 | G9: =_xlfn.IFERROR(E9/E6*100,0) -> 37.167267 | H9: =取值!H9 -> 5494 | I9: =_xlfn.IFERROR(H9/H6*100,0) -> 41.929329 | K9: 3#喷气燃料 | L9: =取值!L7 -> 0 | M9: =_xlfn.IFERROR(SUM(L9,取值!M8),"") -> 0 | N9: =_xlfn.IFERROR(L9/L6*100,0) -> 0 | O9: =_xlfn.IFERROR(M9/M6*100,0) -> 0 | P9: =取值!P8 -> 0 | Q9: =_xlfn.IFERROR(P9/P6*100,0) -> 0
C10: 酯后C4 | D10: =取值!D10 -> 7389 | E10: =_xlfn.IFERROR(SUM(D10,取值!E10),"") -> 84872 | F10: =_xlfn.IFERROR(D10/D6*100,0) -> 55.635871 | G10: =_xlfn.IFERROR(E10/E6*100,0) -> 59.925157 | H10: =取值!H10 -> 7385 | I10: =_xlfn.IFERROR(H10/H6*100,0) -> 56.361139 | K10: 石脑油 | L10: =取值!L8 -> 669 | M10: =_xlfn.IFERROR(SUM(L10,取值!M9),"") -> 4472 | N10: =_xlfn.IFERROR(L10/L6*100,0) -> 2.1869892 | O10: =_xlfn.IFERROR(M10/M6*100,0) -> 1.997695 | P10: =取值!P9 -> 0 | Q10: =_xlfn.IFERROR(P10/P6*100,0) -> 0
C11: 次品SBA | D11: =取值!D11 -> 0 | E11: =_xlfn.IFERROR(SUM(D11,取值!E11),"") -> 0 | F11: =_xlfn.IFERROR(D11/D6*100,0) -> 0 | G11: =_xlfn.IFERROR(E11/E6*100,0) -> 0 | H11: =取值!H11 -> 0 | I11: =_xlfn.IFERROR(H11/H6*100,0) -> 0 | K11: 酸性气 | L11: =取值!L9 -> 0 | M11: =_xlfn.IFERROR(SUM(L11,取值!M10),"") -> 0 | N11: =_xlfn.IFERROR(L11/L6*100,0) -> 0 | O11: =_xlfn.IFERROR(M11/M6*100,0) -> 0 | P11: =取值!P10 -> 0 | Q11: =_xlfn.IFERROR(P11/P6*100,0) -> 0
C12: 粗酯 | D12: =取值!D12 -> 191 | E12: =_xlfn.IFERROR(SUM(D12,取值!E12),"") -> 1109 | F12: =_xlfn.IFERROR(D12/D6*100,0) -> 1.4381447 | G12: =_xlfn.IFERROR(E12/E6*100,0) -> 0.7830262 | H12: =取值!H12 -> 90 | I12: =_xlfn.IFERROR(H12/H6*100,0) -> 0.6868656 | K12: 酸性水 | L12: =取值!L10 -> 0 | M12: =_xlfn.IFERROR(SUM(L12,取值!M11),"") -> 0 | N12: =_xlfn.IFERROR(L12/L6*100,0) -> 0 | O12: =_xlfn.IFERROR(M12/M6*100,0) -> 0 | P12: =取值!P11 -> 0 | Q12: =_xlfn.IFERROR(P12/P6*100,0) -> 0
C13: C12 | D13: =取值!D13 -> 18 | E13: =_xlfn.IFERROR(SUM(D13,取值!E13),"") -> 158 | F13: =_xlfn.IFERROR(D13/D6*100,0) -> 0.13553196 | G13: =_xlfn.IFERROR(E13/E6*100,0) -> 0.11155829 | H13: =取值!H13 -> 10 | I13: =_xlfn.IFERROR(H13/H6*100,0) -> 0.0763184 | K13: 污油 | L13: =取值!L11 -> 0 | M13: =_xlfn.IFERROR(SUM(L13,取值!M12),"") -> 0 | N13: =_xlfn.IFERROR(L13/L6*100,0) -> 0 | O13: =_xlfn.IFERROR(M13/M6*100,0) -> 0 | P13: =取值!P12 -> 0 | Q13: =_xlfn.IFERROR(P13/P6*100,0) -> 0
C14: 损失量 | D14: =_xlfn.IFERROR(D6-SUM(D9:D13),"") -> 592 | E14: =_xlfn.IFERROR(SUM(D14,取值!E14),"") -> 2851 | F14: =_xlfn.IFERROR(D14/D6*100,0) -> 4.4574957 | G14: =_xlfn.IFERROR(E14/E6*100,0) -> 2.0129916 | H14: =取值!H14 -> 124 | I14: =_xlfn.IFERROR(H14/H6*100,0) -> 0.94634816 | K14: 航煤组分油 | L14: =取值!L12 -> 29765 | M14: =_xlfn.IFERROR(SUM(L14,取值!M13),"") -> 218258 | N14: =_xlfn.IFERROR(L14/L6*100,0) -> 97.30304 | O14: =_xlfn.IFERROR(M14/M6*100,0) -> 97.498414 | P14: =取值!P13 -> 0 | Q14: =_xlfn.IFERROR(P14/P6*100,0) -> 0
K15: 损失量 | L15: =_xlfn.IFERROR(L6-SUM(L9:L14),"") -> 156 | M15: =_xlfn.IFERROR(SUM(L15,取值!M14),"") -> 1128 | N15: =_xlfn.IFERROR(L15/L6*100,0) -> 0.50997058 | O15: =_xlfn.IFERROR(M15/M6*100,0) -> 0.50389086 | P15: =取值!P14 -> 0 | Q15: =_xlfn.IFERROR(P15/P6*100,0) -> 0
C30: 单位领导： | D30: 王静 | I30: 填报人： | K30: 黄宏飞 | N30: 报出日期： | P30: =_xlfn.IFERROR(取值!B3,"") -> 46022

Sheet 取值
A1: 报表生成时间： | B1: 2025-12 | C1: 8:00:00
B2: =EDATE(B1,1) -> 46023
B3: =B2-1 -> 46022
M4: YL_SC_ALL_YearSum | P4: YL_SC_Year_Compare
E5: YL_SC_ALL_YearSum | H5: YL_SC_Year_Compare | L5: 30528 | M5: 193268 | P5: 0
E6: 128349 | H6: 13103 | L6: 62 | M6: 192872 | P6: 0
D7: 10450 | E7: 103181 | H7: 10204 | L7: 0 | M7: 396 | P7: 0
D8: 2831 | E8: 25168 | H8: 2899 | L8: 669 | M8: 0 | P8: 0
D9: 5091 | E9: 47549 | H9: 5494 | L9: 0 | M9: 3803 | P9: 0
D10: 7389 | E10: 77483 | H10: 7385 | L10: 0 | M10: 0 | P10: 0
D11: 0 | E11: 0 | H11: 0 | L11: 0 | M11: 0 | P11: 0
D12: 191 | E12: 918 | H12: 90 | L12: 29765 | M12: 0 | P12: 0
D13: 18 | E13: 140 | H13: 10 | M13: 188493 | P13: 0
E14: 2259 | H14: 124 | M14: 972 | P14: 0
D17: 王静
D18: 黄宏飞
