Workbook

Sheet 延安炼油厂装置生产完成情况表（三）
B2: 延安炼油厂装置生产完成情况表（三）
B3: 填报单位：生产计划部 | H3: 日期： | I3: 2025-12 | L3: 陕油延炼计统YB106-3表
B4: 装置名称 | C4: 指标名称 | D4: 产量（吨） | F4: 收率（％） | H4: 去年同期 | J4: 装置名称 | K4: 指标名称 | L4: 产量（吨） | N4: 收率（％） | P4: 去年同期
D5: 本 月 | E5: 累 计 | F5: 本 月 | G5: 平 均 | H5: 产 量 | I5: 收 率 | L5: 本 月 | M5: 累 计 | N5: 本 月 | O5: 平 均 | P5: 产 量 | Q5: 收 率
B6: 30 万 吨 液 化 气 精 制 装 置 | C6: 原料处理量 | D6: =取值!D6 -> 29009 | E6: =_xlfn.IFERROR(SUM(取值!E6,D6),"") -> 333212 | F6: / | G6: / | H6: =取值!H6 -> 30335 | I6: / | J6: 30 万 吨 气 体 分 馏 装 置 | K6: 原料处理量 | L6: =取值!L6 -> 28916 | M6: =_xlfn.IFERROR(SUM(取值!M6,L6),"") -> 332118 | N6: / | O6: / | P6: =取值!P6 -> 30242 | Q6: /
C7: 精制液化气 | D7: =取值!D7 -> 28916 | E7: =_xlfn.IFERROR(SUM(取值!E7,D7),"") -> 332118 | F7: =_xlfn.IFERROR(D7/D6*100,0) -> 99.67941 | G7: =_xlfn.IFERROR(E7/E6*100,0) -> 99.67168 | H7: =取值!H7 -> 30242 | I7: =_xlfn.IFERROR(H7/H6*100,0) -> 99.693423 | K7: 燃料气 | L7: =取值!L7 -> 1 | M7: =_xlfn.IFERROR(SUM(取值!M7,L7),"") -> 166 | N7: =_xlfn.IFERROR(L7/L6*100,0) -> 0.003458293 | O7: =_xlfn.IFERROR(M7/M6*100,0) -> 0.049982235 | P7: =取值!P7 -> 2 | Q7: =_xlfn.IFERROR(P7/P6*100,0) -> 0.0066133192
C8: 不合格液化气 | D8: =取值!D8 -> 0 | E8: =_xlfn.IFERROR(SUM(取值!E8,D8),"") -> 0 | F8: =_xlfn.IFERROR(D8/D6*100,0) -> 0 | G8: =_xlfn.IFERROR(E8/E6*100,0) -> 0 | H8: =取值!H8 -> 0 | I8: =_xlfn.IFERROR(H8/H6*100,0) -> 0 | K8: 丙烯 | L8: =取值!L8 -> 8136 | M8: =_xlfn.IFERROR(SUM(取值!M8,L8),"") -> 92386 | N8: =_xlfn.IFERROR(L8/L6*100,0) -> 28.136672 | O8: =_xlfn.IFERROR(M8/M6*100,0) -> 27.817222 | P8: =取值!P8 -> 8477 | Q8: =_xlfn.IFERROR(P8/P6*100,0) -> 28.030554
C9: 酸性气 | D9: =取值!D9 -> 53 | E9: =_xlfn.IFERROR(SUM(取值!E9,D9),"") -> 613 | F9: =_xlfn.IFERROR(D9/D6*100,0) -> 0.18270192 | G9: =_xlfn.IFERROR(E9/E6*100,0) -> 0.18396696 | H9: =取值!H9 -> 47 | I9: =_xlfn.IFERROR(H9/H6*100,0) -> 0.15493654 | K9: 丙烷 | L9: =取值!L9 -> 2590 | M9: =_xlfn.IFERROR(SUM(取值!M9,L9),"") -> 31882 | N9: =_xlfn.IFERROR(L9/L6*100,0) -> 8.9569788 | O9: =_xlfn.IFERROR(M9/M6*100,0) -> 9.5996001 | P9: =取值!P9 -> 3217 | Q9: =_xlfn.IFERROR(P9/P6*100,0) -> 10.637524
C10: 加工损失 | D10: =_xlfn.IFERROR(D6-SUM(D7:D9),"") -> 40 | E10: =_xlfn.IFERROR(SUM(取值!E10,D10),"") -> 481 | F10: =_xlfn.IFERROR(D10/D6*100,0) -> 0.13788824 | G10: =_xlfn.IFERROR(E10/E6*100,0) -> 0.14435254 | H10: =取值!H10 -> 46 | I10: =_xlfn.IFERROR(H10/H6*100,0) -> 0.15164002 | K10: 碳四馏分 | L10: =取值!L10 -> 16451 | M10: =_xlfn.IFERROR(SUM(取值!M10,L10),"") -> 194448 | N10: =_xlfn.IFERROR(L10/L6*100,0) -> 56.892378 | O10: =_xlfn.IFERROR(M10/M6*100,0) -> 58.547866 | P10: =取值!P10 -> 17784 | Q10: =_xlfn.IFERROR(P10/P6*100,0) -> 58.805635
K11: 戊烷馏分 | L11: =取值!L11 -> 1645 | M11: =_xlfn.IFERROR(SUM(取值!M11,L11),"") -> 12140 | N11: =_xlfn.IFERROR(L11/L6*100,0) -> 5.688892 | O11: =_xlfn.IFERROR(M11/M6*100,0) -> 3.6553273 | P11: =取值!P11 -> 667 | Q11: =_xlfn.IFERROR(P11/P6*100,0) -> 2.205542
K12: 不合格丙烯 | L12: =取值!L12 -> 0 | M12: =_xlfn.IFERROR(SUM(取值!M12,L12),"") -> 0 | N12: =_xlfn.IFERROR(L12/L6*100,0) -> 0 | O12: =_xlfn.IFERROR(M12/M6*100,0) -> 0 | P12: =取值!P12 -> 0 | Q12: =_xlfn.IFERROR(P12/P6*100,0) -> 0
K13: 加工损失 | L13: =_xlfn.IFERROR(L6-SUM(L7:L12),"") -> 93 | M13: =_xlfn.IFERROR(SUM(取值!M13,L13),"") -> 1096 | N13: =_xlfn.IFERROR(L13/L6*100,0) -> 0.32162125 | O13: =_xlfn.IFERROR(M13/M6*100,0) -> 0.33000319 | P13: =取值!P13 -> 95 | Q13: =_xlfn.IFERROR(P13/P6*100,0) -> 0.31413266
K14: 掺炼丙烯量 | L14: =取值!L13 -> 0 | M14: =_xlfn.IFERROR(SUM(取值!M14,L14),"") -> 191 | N14: / | O14: / | P14: =取值!P14 -> 0 | Q14: /
K15: 冲减后丙烯产量 | L15: =取值!L14 -> 8136 | M15: =_xlfn.IFERROR(SUM(取值!M15,L15),"") -> 92195 | N15: =_xlfn.IFERROR(L15/(L6-L14)*100,0) -> 28.136672 | O15: =_xlfn.IFERROR(M15/(M6-M14)*100,0) -> 27.775686 | P15: =取值!P15 -> 8477 | Q15: =_xlfn.IFERROR(P15/(P6-P14)*100,0) -> 28.030554
B18: 10 万 吨 聚 丙 烯 装 置 | C18: 原料处理量 | D18: =取值!D18 -> 9491 | E18: =_xlfn.IFERROR(SUM(D18,取值!E18),"") -> 107779 | F18: / | G18: / | H18: =取值!H18 -> 9492 | I18: / | J18: 6 万 吨 MTBE 装 置 | K18: 原料处理量 | L18: =_xlfn.IFERROR(SUM(L19,L20),"") -> 17726 | M18: =_xlfn.IFERROR(SUM(L18,取值!M18),"") -> 209464 | N18: / | O18: / | P18: =取值!P18 -> 18992 | Q18: /
C19: 聚丙烯产量合计 | D19: =_xlfn.IFERROR(SUM(D20:D26),"") -> 9121 | E19: =_xlfn.IFERROR(SUM(D19,取值!E19),"") -> 103425.12 | F19: =_xlfn.IFERROR(D19/D18*100,0) -> 96.10157 | G19: =_xlfn.IFERROR(E19/E18*100,0) -> 95.960363 | H19: =取值!H19 -> 9108 | I19: =_xlfn.IFERROR(H19/H18*100,0) -> 95.954488 | K19: 其中：C4 | L19: =取值!L19 -> 16471 | M19: =_xlfn.IFERROR(SUM(L19,取值!M19),"") -> 194539 | N19: / | O19: / | P19: =取值!P19 -> 17587 | Q19: /
C20: 聚丙烯粒料T30S | D20: =取值!D20 -> 9102 | E20: =_xlfn.IFERROR(SUM(D20,取值!E20),"") -> 103329 | F20: =_xlfn.IFERROR(D20/D18*100,0) -> 95.90138 | G20: =_xlfn.IFERROR(E20/E18*100,0) -> 95.871181 | H20: =取值!H20 -> 9083 | I20: =_xlfn.IFERROR(H20/H18*100,0) -> 95.691108 | K20: 甲醇 | L20: =取值!L20 -> 1255 | M20: =_xlfn.IFERROR(SUM(L20,取值!M20),"") -> 14925 | N20: / | O20: / | P20: =取值!P20 -> 1405 | Q20: /
C21: 聚丙烯粉料 | D21: =取值!D21 -> 0 | E21: =_xlfn.IFERROR(SUM(D21,取值!E21),"") -> 0 | F21: =_xlfn.IFERROR(D21/D18*100,0) -> 0 | G21: =_xlfn.IFERROR(E21/E18*100,0) -> 0 | H21: =取值!H21 -> 25 | I21: =_xlfn.IFERROR(H21/H18*100,0) -> 0.26337969 | K21: MTBE | L21: =取值!L21 -> 3355 | M21: =_xlfn.IFERROR(SUM(L21,取值!M21),"") -> 40319 | N21: =_xlfn.IFERROR(L21/L18*100,0) -> 18.927 | O21: =_xlfn.IFERROR(M21/M18*100,0) -> 19.248654 | P21: =取值!P21 -> 3777 | Q21: =_xlfn.IFERROR(P21/P18*100,0) -> 19.887321
C22: 大块料 | D22: =取值!D22 -> 0 | E22: =_xlfn.IFERROR(SUM(D22,取值!E22),"") -> 0 | F22: =_xlfn.IFERROR(D22/D18*100,0) -> 0 | G22: =_xlfn.IFERROR(E22/E18*100,0) -> 0 | H22: =取值!H22 -> 0 | I22: =_xlfn.IFERROR(H22/H18*100,0) -> 0 | K22: 醚后C4 | L22: =取值!L22 -> 14148 | M22: =_xlfn.IFERROR(SUM(L22,取值!M22),"") -> 166720 | N22: =_xlfn.IFERROR(L22/L18*100,0) -> 79.814961 | O22: =_xlfn.IFERROR(M22/M18*100,0) -> 79.593629 | P22: =取值!P22 -> 15154 | Q22: =_xlfn.IFERROR(P22/P18*100,0) -> 79.791491
C23: 过度料 | D23: =取值!D23 -> 0 | E23: =_xlfn.IFERROR(SUM(D23,取值!E23),"") -> 48.78 | F23: =_xlfn.IFERROR(D23/D18*100,0) -> 0 | G23: =_xlfn.IFERROR(E23/E18*100,0) -> 0.045259281 | H23: =取值!H23 -> 0 | I23: =_xlfn.IFERROR(H23/H18*100,0) -> 0 | K23: 次品MTBE | L23: =取值!L23 -> 0 | M23: =_xlfn.IFERROR(SUM(L23,取值!M23),"") -> 0 | N23: =_xlfn.IFERROR(L23/L18*100,0) -> 0 | O23: =_xlfn.IFERROR(M23/M18*100,0) -> 0 | P23: =取值!P23 -> 0 | Q23: =_xlfn.IFERROR(P23/P18*100,0) -> 0
C24: 粉尘料 | D24: =取值!D24 -> 19 | E24: =_xlfn.IFERROR(SUM(D24,取值!E24),"") -> 47.34 | F24: =_xlfn.IFERROR(D24/D18*100,0) -> 0.20018965 | G24: =_xlfn.IFERROR(E24/E18*100,0) -> 0.043923213 | H24: =取值!H24 -> 0 | I24: =_xlfn.IFERROR(H24/H18*100,0) -> 0 | K24: 加工损失 | L24: =_xlfn.IFERROR(L18-SUM(L21:L23),"") -> 223 | M24: =_xlfn.IFERROR(SUM(L24,取值!M24),"") -> 2425 | N24: =_xlfn.IFERROR(L24/L18*100,0) -> 1.258039 | O24: =_xlfn.IFERROR(M24/M18*100,0) -> 1.1577168 | P24: =取值!P24 -> 61 | Q24: =_xlfn.IFERROR(P24/P18*100,0) -> 0.32118787
C25: 聚丙烯粒料T36F | D25: =取值!D25 -> 0 | E25: =_xlfn.IFERROR(SUM(D25,取值!E25),"") -> 0 | F25: =_xlfn.IFERROR(D25/D18*100,0) -> 0 | G25: =_xlfn.IFERROR(E25/E18*100,0) -> 0 | H25: =取值!H25 -> 0 | I25: =_xlfn.IFERROR(H25/H18*100,0) -> 0 | K25: 异丁烯转化率 | L25: =取值!L25 -> 99.34 | M25: =取值!M25 -> 99.69 | P25: =取值!P25 -> 99.9 | Q25: =取值!Q25 -> 99.89
C26: 轻度氧化处理品 | D26: =取值!D26 -> 0 | E26: =_xlfn.IFERROR(SUM(D26,取值!E26),"") -> 0 | F26: =_xlfn.IFERROR(D26/D18*100,0) -> 0 | G26: =_xlfn.IFERROR(E26/E18*100,0) -> 0 | H26: =取值!H26 -> 0 | I26: =_xlfn.IFERROR(H26/H18*100,0) -> 0
C27: 回收气OG | D27: =取值!D27 -> 288 | E27: =_xlfn.IFERROR(SUM(D27,取值!E27),"") -> 3475 | F27: =_xlfn.IFERROR(D27/D18*100,0) -> 3.0344537 | G27: =_xlfn.IFERROR(E27/E18*100,0) -> 3.2241902 | H27: =取值!H27 -> 327 | I27: =_xlfn.IFERROR(H27/H18*100,0) -> 3.4450063
C28: 加工损失 | D28: =_xlfn.IFERROR(D18-SUM(D20:D27),"") -> 82 | E28: =_xlfn.IFERROR(SUM(D28,取值!E28),"") -> 878.88 | F28: =_xlfn.IFERROR(D28/D18*100,0) -> 0.8639764 | G28: =_xlfn.IFERROR(E28/E18*100,0) -> 0.81544642 | H28: =取值!H28 -> 57 | I28: =_xlfn.IFERROR(H28/H18*100,0) -> 0.60050569
C30: 单位领导： | D30: 王静 | I30: 填报人： | K30: 黄宏飞 | N30: 报出日期： | P30: =_xlfn.IFERROR(取值!B3,"") -> 46022

Sheet 取值
A1: 报表生成时间： | B1: 2025-12 | C1: 8:00:00
B2: =EDATE(B1,1) -> 46023
B3: =B2-1 -> 46022
E5: YL_SC_ALL_YearSum | H5: YL_SC_Year_Compare | M5: YL_SC_ALL_YearSum | P5: YL_SC_Year_Compare
D6: 29009 | E6: 304203 | H6: 30335 | L6: 28916 | M6: 303202 | P6: 30242
D7: 28916 | E7: 303202 | H7: 30242 | L7: 1 | M7: 165 | P7: 2
D8: 0 | E8: 0 | H8: 0 | L8: 8136 | M8: 84250 | P8: 8477
D9: 53 | E9: 560 | H9: 47 | L9: 2590 | M9: 29292 | P9: 3217
E10: 441 | H10: 46 | L10: 16451 | M10: 177997 | P10: 17784
L11: 1645 | M11: 10495 | P11: 667
L12: 0 | M12: 0 | P12: 0
L13: 0 | M13: 1003 | P13: 95
L14: 8136 | M14: 191 | P14: 0
M15: 84059 | P15: 8477
E17: YL_SC_ALL_YearSum | H17: YL_SC_Year_Compare | M17: YL_SC_ALL_YearSum | P17: YL_SC_Year_Compare
D18: 9491 | E18: 98288 | H18: 9492 | M18: 191738 | P18: 18992
E19: 94304.12 | H19: 9108 | L19: 16471 | M19: 178068 | P19: 17587
D20: 9102 | E20: 94227 | H20: 9083 | L20: 1255 | M20: 13670 | P20: 1405
D21: 0 | E21: 0 | H21: 25 | L21: 3355 | M21: 36964 | P21: 3777
D22: 0 | E22: 0 | H22: 0 | L22: 14148 | M22: 152572 | P22: 15154
D23: 0 | E23: 48.78 | H23: 0 | L23: 0 | M23: 0 | P23: 0
D24: 19 | E24: 28.34 | H24: 0 | M24: 2202 | P24: 61
D25: 0 | E25: 0 | H25: 0 | L25: 99.34 | M25: 99.69 | P25: 99.9 | Q25: 99.89
D26: 0 | E26: 0 | H26: 0
D27: 288 | E27: 3187 | H27: 327
E28: 796.88 | H28: 57
D30: 王静
D31: 黄宏飞
