Workbook

Sheet 延安石化厂装置生产完成情况（3-3）
B2: 延安石化厂装置生产完成情况（3-3）
B3: 编制单位：延安石油化工厂 | E3: 日期： | F3: 2025-12 | G3: =取值!A7&取值!B7&取值!C7 -> 报表生成时间：2026-01-01 8:00:00 | K3: 附表3-3
B4: 单位名称 | C4: 装置名称 | D4: 指标名称 | E4: 产量（吨） | G4: 收率（%） | I4: 去年同期 | K4: 备注
E5: 本月 | F5: 累计 | G5: 本月 | H5: 累计 | I5: 产量 | J5: 收率
B6: 联 合 四 车 间 | C6: 60万吨/ 年精制 装置 | D6: 原料处理量 | E6: 57350 | F6: =_xlfn.IFERROR(SUM(F7:F8),"") -> 657090 | G6: / | H6: / | I6: =取值!M7 -> 57035 | J6: /
D7: 其中：催化液化气 | E7: 53893 | F7: =取值!F7 -> 621089 | G7: / | H7: / | I7: =取值!M8 -> 54016 | J7: /
D8: 加氢液化气 | E8: 3457 | F8: =取值!F8 -> 36001 | G8: / | H8: / | I8: =取值!M9 -> 3019 | J8: /
D9: 精制液化气 | E9: 57335 | F9: =取值!F9 -> 656868 | G9: =_xlfn.IFERROR(E9/E6*100,0) -> 99.973845 | H9: =_xlfn.IFERROR(F9/F6*100,0) -> 99.966215 | I9: =取值!M10 -> 57018 | J9: =_xlfn.IFERROR(I9/I$6*100,0) -> 99.970194
D10: 酸性气 | E10: 0 | F10: =取值!F10 -> 0 | G10: =_xlfn.IFERROR(E10/E6*100,0) -> 0 | H10: =_xlfn.IFERROR(F10/F6*100,0) -> 0 | I10: =取值!M11 -> 0 | J10: =_xlfn.IFERROR(I10/I$6*100,0) -> 0
D11: 不合格液化气 | E11: 0 | F11: =取值!F11 -> 0 | G11: =_xlfn.IFERROR(E11/E6*100,0) -> 0 | H11: =_xlfn.IFERROR(F11/F6*100,0) -> 0 | I11: =取值!M12 -> 0 | J11: =_xlfn.IFERROR(I11/I$6*100,0) -> 0
D12: 加工损失 | E12: =E6-SUM(E9,E10,E11) -> 15 | F12: =F6-SUM(F9,F10,F11) -> 222 | G12: =_xlfn.IFERROR(E12/E6*100,0) -> 0.026155187 | H12: =_xlfn.IFERROR(F12/F6*100,0) -> 0.033785326 | I12: =_xlfn.IFERROR(I6-SUM(I9,I10,I11),0) -> 17 | J12: =_xlfn.IFERROR(I12/I$6*100,0) -> 0.029806259
C13: 0.40万吨/ 年硫磺回收 | D13: 酸性气原料 | E13: 1652 | F13: =取值!F13 -> 13576 | G13: / | H13: / | I13: =取值!M14 -> 876 | J13: /
D14: 粗硫磺 | E14: 412 | F14: =取值!F14 -> 3393 | G14: =_xlfn.IFERROR(E14/E13*100,0) -> 24.939467 | H14: =_xlfn.IFERROR(F14/F13*100,0) -> 24.992634 | I14: =取值!M15 -> 219 | J14: =_xlfn.IFERROR(I14/I$13*100,0) -> 25
D15: 烟道气 | E15: 1240 | F15: =F13-F14 -> 10183 | G15: =_xlfn.IFERROR(E15/E13*100,0) -> 75.060533 | H15: =_xlfn.IFERROR(F15/F13*100,0) -> 75.007366 | I15: =取值!M16 -> 657 | J15: =_xlfn.IFERROR(I15/I$13*100,0) -> 75
C16: 2万吨/年 硫磺精制 | D16: 粗硫磺 | E16: 342 | F16: =取值!F16 -> 3194 | G16: / | H16: / | I16: =取值!M17 -> 219 | J16: /
D17: 精制硫磺 | E17: 292 | F17: =取值!F17 -> 2231 | G17: =_xlfn.IFERROR(E17/E16*100,0) -> 85.380117 | H17: =_xlfn.IFERROR(F17/F16*100,0) -> 69.849718 | I17: =取值!M18 -> 115 | J17: =_xlfn.IFERROR(I17/I$16*100,0) -> 52.511416
D18: 污水 | E18: 50 | F18: =F16-F17 -> 963 | G18: =_xlfn.IFERROR(E18/E16*100,0) -> 14.619883 | H18: =_xlfn.IFERROR(F18/F16*100,0) -> 30.150282 | I18: =取值!M19 -> 104 | J18: =_xlfn.IFERROR(I18/I$16*100,0) -> 47.488584
B19: 联 合 三 车 间 | C19: 180万吨/年 汽油精制 装置 | D19: 原料处理量 | E19: 129722 | F19: =_xlfn.IFERROR(SUM(F20:F22),"") -> 1540872 | I19: =取值!M20 -> 117174 | J19: /
D20: 其中：催化汽油 | E20: 129316 | F20: =取值!F20 -> 1533158 | G20: / | H20: / | I20: =取值!M21 -> 116898 | J20: /
D21: 氢气 | E21: 393 | F21: =取值!F21 -> 5937 | G21: / | H21: / | I21: =取值!M22 -> 276 | J21: /
D22: 戊烷 | E22: 13 | F22: =取值!F22 -> 1777 | G22: / | H22: / | I22: =取值!M23 -> 0 | J22: /
D23: 精制汽油 | E23: 128090 | F23: =取值!F23 -> 1517866 | G23: =_xlfn.IFERROR(E23/E19*100,0) -> 98.741925 | H23: =_xlfn.IFERROR(F23/F19*100,0) -> 98.506949 | I23: =取值!M24 -> 114910 | J23: =_xlfn.IFERROR(I23/I$19*100,0) -> 98.067831
D24: 燃料气 | E24: 1494 | F24: =取值!F24 -> 20599 | G24: =_xlfn.IFERROR(E24/E19*100,0) -> 1.1516936 | H24: =_xlfn.IFERROR(F24/F19*100,0) -> 1.3368404 | I24: =取值!M25 -> 1885 | J24: =_xlfn.IFERROR(I24/I$19*100,0) -> 1.6087187
D25: 不合格汽油 | E25: 0 | F25: =取值!F25 -> 0 | G25: =_xlfn.IFERROR(E25/E19*100,0) -> 0 | H25: =_xlfn.IFERROR(F25/F19*100,0) -> 0 | I25: =取值!M26 -> 0 | J25: =_xlfn.IFERROR(I25/I$19*100,0) -> 0
D26: 污油 | E26: 86 | F26: =取值!F26 -> 167 | G26: =_xlfn.IFERROR(E26/E19*100,0) -> 0.066295617 | H26: =_xlfn.IFERROR(F26/F19*100,0) -> 0.010838019 | I26: =取值!M27 -> 11 | J26: =_xlfn.IFERROR(I26/I$19*100,0) -> 0.0093877481
D27: 加工损失 | E27: =E19-SUM(E23,E24,E25,E26) -> 52 | F27: =F19-SUM(F23,F24,F25,F26) -> 2240 | G27: =_xlfn.IFERROR(E27/E19*100,0) -> 0.040085722 | H27: =_xlfn.IFERROR(F27/F19*100,0) -> 0.14537223 | I27: =_xlfn.IFERROR(I19-SUM(I23,I24,I25,I26),0) -> 368 | J27: =_xlfn.IFERROR(I27/I$19*100,0) -> 0.31406285
C28: 240万吨/ 年柴油加氢 装置 | D28: 原料处理量 | E28: 143531 | F28: =_xlfn.IFERROR(SUM(F29:F30),"") -> 1868244 | I28: =取值!M29 -> 156453 | J28: /
D29: 其中：常压柴油 | E29: 143241 | F29: =取值!F29 -> 1864458 | G29: / | H29: / | I29: =取值!M30 -> 156187 | J29: /
D30: 氢气 | E30: 290 | F30: =取值!F30 -> 3786 | G30: / | H30: / | I30: =取值!M31 -> 266 | J30: /
D31: 精制柴油 | E31: 133093 | F31: =取值!F31 -> 1743551 | G31: =_xlfn.IFERROR(E31/E28*100,0) -> 92.727703 | H31: =_xlfn.IFERROR(F31/F28*100,0) -> 93.325658 | I31: =取值!M32 -> 145602 | J31: =_xlfn.IFERROR(I31/I$28*100,0) -> 93.064371
D32: 石脑油 | E32: 5301 | F32: =取值!F32 -> 74643 | G32: =_xlfn.IFERROR(E32/E28*100,0) -> 3.6932788 | H32: =_xlfn.IFERROR(F32/F28*100,0) -> 3.9953561 | I32: =取值!M33 -> 7473 | J32: =_xlfn.IFERROR(I32/I$28*100,0) -> 4.7765144
D33: 轻烃 | E33: 2770 | F33: =取值!F33 -> 21141 | G33: =_xlfn.IFERROR(E33/E28*100,0) -> 1.9298967 | H33: =_xlfn.IFERROR(F33/F28*100,0) -> 1.1315974 | I33: =取值!M34 -> 1593 | J33: =_xlfn.IFERROR(I33/I$28*100,0) -> 1.0181972
D34: 富气 | E34: 885 | F34: =取值!F34 -> 11768 | G34: =_xlfn.IFERROR(E34/E28*100,0) -> 0.61659154 | H34: =_xlfn.IFERROR(F34/F28*100,0) -> 0.62989631 | I34: =取值!M35 -> 988 | J34: =_xlfn.IFERROR(I34/I$28*100,0) -> 0.63149956
D35: 高、低气分 | E35: 361 | F35: =取值!F35 -> 3978 | G35: =_xlfn.IFERROR(E35/E28*100,0) -> 0.25151361 | H35: =_xlfn.IFERROR(F35/F28*100,0) -> 0.21292722 | I35: =取值!M36 -> 337 | J35: =_xlfn.IFERROR(I35/I$28*100,0) -> 0.21540015
D36: 不合格柴油 | E36: 0 | F36: =取值!F36 -> 0 | G36: =_xlfn.IFERROR(E36/E28*100,0) -> 0 | H36: =_xlfn.IFERROR(F36/F28*100,0) -> 0 | I36: =取值!M37 -> 0 | J36: =_xlfn.IFERROR(I36/I$28*100,0) -> 0
D37: 污油 | E37: 1088 | F37: =取值!F37 -> 12277 | G37: =_xlfn.IFERROR(E37/E28*100,0) -> 0.7580244 | H37: =_xlfn.IFERROR(F37/F28*100,0) -> 0.65714114 | I37: =取值!M38 -> 394 | J37: =_xlfn.IFERROR(I37/I$28*100,0) -> 0.25183282
D38: 加工损失 | E38: =E28-SUM(E31,E32,E33,E34,E35,E36,E37) -> 33 | F38: =F28-SUM(F31,F32,F33,F34,F35,F36,F37) -> 886 | G38: =_xlfn.IFERROR(E38/E28*100,0) -> 0.022991549 | H38: =_xlfn.IFERROR(F38/F28*100,0) -> 0.047424212 | I38: =_xlfn.IFERROR(I28-SUM(I31,I32,I33,I34,I35,I36,I37),0) -> 66 | J38: =_xlfn.IFERROR(I38/I$28*100,0) -> 0.042185193
B39: 备注：
B40: 主管领导： | D40: 陈张友 | E40: 单位负责人： | G40: 温铜川 | H40: 填报人： | J40: 李洛娟

Sheet 公式
A1: 公式类型 | C1: 数据源 | E1: 取值 | G1: 计量点名称 | I1: 取值条件
A2: #SQL | B2: (" | C2: SH_PM_ALL_ByMonth | D2: "," | E2: VALUE | F2: ",":where{NAME= | G2: 延安石油化工厂_生产_联合四车间_60万吨/年液化气精制装置_进_催化液化气 | H2: }") | I2: =A2&B2&C2&D2&E2&F2&G2&H2 -> #SQL("SH_PM_ALL_ByMonth","VALUE",":where{NAME=延安石油化工厂_生产_联合四车间_60万吨/年液化气精制装置_进_催化液化气}")
A3: #SQL | B3: (" | C3: SH_PM_ALL_ByMonth | D3: "," | E3: VALUE | F3: ",":where{NAME= | G3: 延安石油化工厂_生产_联合四车间_60万吨/年液化气精制装置_进_加氢液化气 | H3: }") | I3: =A3&B3&C3&D3&E3&F3&G3&H3 -> #SQL("SH_PM_ALL_ByMonth","VALUE",":where{NAME=延安石油化工厂_生产_联合四车间_60万吨/年液化气精制装置_进_加氢液化气}")
A4: #SQL | B4: (" | C4: SH_PM_ALL_ByMonth | D4: "," | E4: VALUE | F4: ",":where{NAME= | G4: 延安石油化工厂_生产_联合四车间_60万吨/年液化气精制装置_出_精制液化气 | H4: }") | I4: =A4&B4&C4&D4&E4&F4&G4&H4 -> #SQL("SH_PM_ALL_ByMonth","VALUE",":where{NAME=延安石油化工厂_生产_联合四车间_60万吨/年液化气精制装置_出_精制液化气}")
A5: #SQL | B5: (" | C5: SH_PM_ALL_ByMonth | D5: "," | E5: VALUE | F5: ",":where{NAME= | G5: 延安石油化工厂_生产_联合四车间_60万吨/年液化气精制装置_出_酸性气 | H5: }") | I5: =A5&B5&C5&D5&E5&F5&G5&H5 -> #SQL("SH_PM_ALL_ByMonth","VALUE",":where{NAME=延安石油化工厂_生产_联合四车间_60万吨/年液化气精制装置_出_酸性气}")
A6: #SQL | B6: (" | C6: SH_PM_ALL_ByMonth | D6: "," | E6: VALUE | F6: ",":where{NAME= | G6: 延安石油化工厂_生产_联合四车间_60万吨/年液化气精制装置_出_不合格液化气 | H6: }") | I6: =A6&B6&C6&D6&E6&F6&G6&H6 -> #SQL("SH_PM_ALL_ByMonth","VALUE",":where{NAME=延安石油化工厂_生产_联合四车间_60万吨/年液化气精制装置_出_不合格液化气}")
A7: #SQL | B7: (" | C7: SH_PM_ALL_ByMonth | D7: "," | E7: VALUE | F7: ",":where{NAME= | G7: 延安石油化工厂_生产_联合四车间_60万吨/年液化气精制装置_出_加工损失 | H7: }") | I7: =A7&B7&C7&D7&E7&F7&G7&H7 -> #SQL("SH_PM_ALL_ByMonth","VALUE",":where{NAME=延安石油化工厂_生产_联合四车间_60万吨/年液化气精制装置_出_加工损失}")
A8: #SQL | B8: (" | C8: SH_PM_ALL_ByMonth | D8: "," | E8: VALUE | F8: ",":where{NAME= | G8: 延安石油化工厂_生产_联合四车间_4000吨/年硫磺回收装置_进_ 酸性气原料 | H8: }") | I8: =A8&B8&C8&D8&E8&F8&G8&H8 -> #SQL("SH_PM_ALL_ByMonth","VALUE",":where{NAME=延安石油化工厂_生产_联合四车间_4000吨/年硫磺回收装置_进_ 酸性气原料}")
A9: #SQL | B9: (" | C9: SH_PM_ALL_ByMonth | D9: "," | E9: VALUE | F9: ",":where{NAME= | G9: 延安石油化工厂_生产_联合四车间_4000吨/年硫磺回收装置_出_ 粗硫磺 | H9: }") | I9: =A9&B9&C9&D9&E9&F9&G9&H9 -> #SQL("SH_PM_ALL_ByMonth","VALUE",":where{NAME=延安石油化工厂_生产_联合四车间_4000吨/年硫磺回收装置_出_ 粗硫磺}")
A10: #SQL | B10: (" | C10: SH_PM_ALL_ByMonth | D10: "," | E10: VALUE | F10: ",":where{NAME= | G10: 延安石油化工厂_生产_联合四车间_4000吨/年硫磺回收装置_出_ 烟道气 | H10: }") | I10: =A10&B10&C10&D10&E10&F10&G10&H10 -> #SQL("SH_PM_ALL_ByMonth","VALUE",":where{NAME=延安石油化工厂_生产_联合四车间_4000吨/年硫磺回收装置_出_ 烟道气}")
A11: #SQL | B11: (" | C11: SH_PM_ALL_ByMonth | D11: "," | E11: VALUE | F11: ",":where{NAME= | G11: 延安石油化工厂_生产_联合四车间_ 2万吨/年硫磺精制_进_ 粗硫磺 | H11: }") | I11: =A11&B11&C11&D11&E11&F11&G11&H11 -> #SQL("SH_PM_ALL_ByMonth","VALUE",":where{NAME=延安石油化工厂_生产_联合四车间_ 2万吨/年硫磺精制_进_ 粗硫磺}")
A12: #SQL | B12: (" | C12: SH_PM_ALL_ByMonth | D12: "," | E12: VALUE | F12: ",":where{NAME= | G12: 延安石油化工厂_生产_联合四车间_ 2万吨/年硫磺精制_出_ 精制硫磺 | H12: }") | I12: =A12&B12&C12&D12&E12&F12&G12&H12 -> #SQL("SH_PM_ALL_ByMonth","VALUE",":where{NAME=延安石油化工厂_生产_联合四车间_ 2万吨/年硫磺精制_出_ 精制硫磺}")
A13: #SQL | B13: (" | C13: SH_PM_ALL_ByMonth | D13: "," | E13: VALUE | F13: ",":where{NAME= | G13: 延安石油化工厂_生产_联合四车间_ 2万吨/年硫磺精制_出_ 污水 | H13: }") | I13: =A13&B13&C13&D13&E13&F13&G13&H13 -> #SQL("SH_PM_ALL_ByMonth","VALUE",":where{NAME=延安石油化工厂_生产_联合四车间_ 2万吨/年硫磺精制_出_ 污水}")
... A31: #SQL | B31: (" | C31: SH_PM_ALL_ByMonth | D31: "," | E31: VALUE | F31: ",":where{NAME= | G31: 延安石油化工厂_生产_联合三车间_240万吨/年柴油精制装置_出_加工损失 | H31: }") | I31: =A31&B31&C31&D31&E31&F31&G31&H31 -> #SQL("SH_PM_ALL_ByMonth","VALUE",":where{NAME=延安石油化工厂_生产_联合三车间_240万吨/年柴油精制装置_出_加工损失}")

Sheet 取值
A7: 报表生成时间： | B7: 2026-01-01 | C7: 8:00:00 | E7: 53893 | F7: 621089 | I7: 626994 | M7: 57035
E8: 3457 | F8: 36001 | I8: 30026 | M8: 54016
E9: 57335 | F9: 656868 | I9: 656805 | M9: 3019
E10: 0 | F10: 0 | I10: 0 | M10: 57018
E11: 0 | F11: 0 | I11: 0 | M11: 0
M12: 0
E13: 1652 | F13: 13576 | I13: 11020
E14: 412 | F14: 3393 | I14: 2755 | M14: 876
M15: 219
E16: 342 | F16: 3194 | M16: 657
E17: 292 | F17: 2231 | M17: 219
M18: 115
M19: 104
E20: 129316 | F20: 1533158 | I20: 1501498 | M20: 117174
E21: 393 | F21: 5937 | I21: 4293 | M21: 116898
E22: 13 | F22: 1777 | I22: 652 | M22: 276
E23: 128090 | F23: 1517866 | I23: 1485118 | M23: 0
E24: 1494 | F24: 20599 | I24: 15974 | M24: 114910
E25: 0 | F25: 0 | I25: 0 | M25: 1885
E26: 86 | F26: 167 | I26: 934 | M26: 0
M27: 11
E29: 143241 | F29: 1864458 | I29: 1828344 | M29: 156453
E30: 290 | F30: 3786 | I30: 5480 | M30: 156187
E31: 133093 | F31: 1743551 | I31: 1728578 | M31: 266
E32: 5301 | F32: 74643 | I32: 62166 | M32: 145602
E33: 2770 | F33: 21141 | I33: 16176 | M33: 7473
E34: 885 | F34: 11768 | I34: 12230 | M34: 1593
E35: 361 | F35: 3978 | I35: 4172 | M35: 988
E36: 0 | F36: 0 | I36: 0 | M36: 337
E37: 1088 | F37: 12277 | I37: 9126 | M37: 0
M38: 394
A41: 陈张友
A42: 温铜川
A43: 李洛娟
