Workbook

Sheet 延安炼油厂装置生产完成情况表（二）
B2: 延安炼油厂装置生产完成情况表（二）
B3: 填报单位：生产计划部 | H3: 日期： | I3: 2025-12 | L3: 陕油延炼计统YB106-2表
B4: 装置名称 | C4: 指标名称 | D4: 产量（吨） | F4: 收率（％） | H4: 去年同期 | J4: 装置名称 | K4: 指标名称 | L4: 产量（吨） | N4: 收率（％） | P4: 去年同期
D5: 本 月 | E5: 累 计 | F5: 本 月 | G5: 平 均 | H5: 产量 | I5: 收 率 | L5: 本 月 | M5: 累 计 | N5: 本 月 | O5: 平 均 | P5: 产量 | Q5: 收 率
B6: 催 化 装 置 合 计 | C6: 原料处理量 | D6: =_xlfn.IFERROR(SUM(L6,D20),"") -> 264934 | E6: =_xlfn.IFERROR(SUM(M6,E20),"") -> 3270937 | F6: / | G6: / | H6: =_xlfn.IFERROR(SUM(P6,H20),"") -> 257562 | I6: / | J6: 200 万 催 化 装 置 | K6: 原料处理量 | L6: =_xlfn.IFERROR(SUM(L7),"") -> 183144 | M6: =_xlfn.IFERROR(SUM(L6,取值!M3),"") -> 2248523 | N6: / | O6: / | P6: =取值!P3 -> 181330 | Q6: /
C7: 其中：1#渣油 | D7: =_xlfn.IFERROR(SUM(L7,D21),"") -> 263001 | E7: =_xlfn.IFERROR(SUM(M7,E21),"") -> 3255322 | F7: / | G7: / | H7: =_xlfn.IFERROR(SUM(P7,H21),"") -> 256568 | I7: / | K7: 其中：1#渣油 | L7: =取值!L7 -> 183144 | M7: =_xlfn.IFERROR(SUM(L7,取值!M4),"") -> 2248523 | N7: / | O7: / | P7: =取值!P4 -> 181330 | Q7: /
C8: OG气 | D8: =_xlfn.IFERROR(SUM(L8,D22),"") -> 288 | E8: =_xlfn.IFERROR(SUM(M8,E22),"") -> 3475 | F8: / | G8: / | H8: =_xlfn.IFERROR(SUM(P8,H22),"") -> 327 | I8: / | N8: / | O8: / | Q8: /
C9: 戊烷 | D9: =_xlfn.IFERROR(SUM(L9,D23),"") -> 1645 | E9: =_xlfn.IFERROR(SUM(M9,E23),"") -> 12140 | F9: / | G9: / | H9: =_xlfn.IFERROR(SUM(P9,H23),"") -> 667 | I9: / | N9: / | O9: / | Q9: /
C10: 石脑油Ⅲ | D10: =_xlfn.IFERROR(SUM(L10,D24),"") -> 2085 | E10: =_xlfn.IFERROR(SUM(M10,E24),"") -> 27456 | F10: =_xlfn.IFERROR(D10/D6*100,0) -> 0.78698846 | G10: =_xlfn.IFERROR(E10/E6*100,0) -> 0.8393925 | H10: =_xlfn.IFERROR(SUM(P10,H24),"") -> 2735 | I10: =_xlfn.IFERROR(H10/H6*100,0) -> 1.0618802 | K10: 石脑油Ⅲ | L10: =取值!L9 -> 2085 | M10: =_xlfn.IFERROR(SUM(L10,取值!M7),"") -> 27456 | N10: =_xlfn.IFERROR(L10/L6*100,0) -> 1.1384484 | O10: =_xlfn.IFERROR(M10/M6*100,0) -> 1.2210682 | P10: =取值!P7 -> 2735 | Q10: =_xlfn.IFERROR(P10/P6*100,0) -> 1.5082998
C11: 干气产量 | D11: =_xlfn.IFERROR(SUM(L11,D25),"") -> 9597 | E11: =_xlfn.IFERROR(SUM(M11,E25),"") -> 108528 | F11: =_xlfn.IFERROR(D11/D6*100,0) -> 3.6224116 | G11: =_xlfn.IFERROR(E11/E6*100,0) -> 3.3179483 | H11: =_xlfn.IFERROR(SUM(P11,H25),"") -> 8694 | I11: =_xlfn.IFERROR(H11/H6*100,0) -> 3.3754979 | K11: 干气产量 | L11: =取值!L10 -> 6429 | M11: =_xlfn.IFERROR(SUM(L11,取值!M8),"") -> 72699 | N11: =_xlfn.IFERROR(L11/L6*100,0) -> 3.5103525 | O11: =_xlfn.IFERROR(M11/M6*100,0) -> 3.2331891 | P11: =取值!P8 -> 5827 | Q11: =_xlfn.IFERROR(P11/P6*100,0) -> 3.2134782
C12: 液化气产量 | D12: =_xlfn.IFERROR(SUM(L12,D26),"") -> 47634 | E12: =_xlfn.IFERROR(SUM(M12,E26),"") -> 540177 | F12: =_xlfn.IFERROR(D12/D6*100,0) -> 17.979572 | G12: =_xlfn.IFERROR(E12/E6*100,0) -> 16.514442 | H12: =_xlfn.IFERROR(SUM(P12,H26),"") -> 47122 | I12: =_xlfn.IFERROR(H12/H6*100,0) -> 18.295401 | K12: 液化气产量 | L12: =取值!L11 -> 28937 | M12: =_xlfn.IFERROR(SUM(L12,取值!M9),"") -> 346354 | N12: =_xlfn.IFERROR(L12/L6*100,0) -> 15.800135 | O12: =_xlfn.IFERROR(M12/M6*100,0) -> 15.403623 | P12: =取值!P9 -> 31462 | Q12: =_xlfn.IFERROR(P12/P6*100,0) -> 17.350687
C13: 汽油产量 | D13: =_xlfn.IFERROR(SUM(L13,D27),"") -> 126372 | E13: =_xlfn.IFERROR(SUM(M13,E27),"") -> 1523017 | F13: =_xlfn.IFERROR(D13/D6*100,0) -> 47.699427 | G13: =_xlfn.IFERROR(E13/E6*100,0) -> 46.562101 | H13: =_xlfn.IFERROR(SUM(P13,H27),"") -> 117194 | I13: =_xlfn.IFERROR(H13/H6*100,0) -> 45.501277 | K13: 汽油产量 | L13: =取值!L12 -> 86749 | M13: =_xlfn.IFERROR(SUM(L13,取值!M10),"") -> 1034109 | N13: =_xlfn.IFERROR(L13/L6*100,0) -> 47.366553 | O13: =_xlfn.IFERROR(M13/M6*100,0) -> 45.99059 | P13: =取值!P10 -> 80519 | Q13: =_xlfn.IFERROR(P13/P6*100,0) -> 44.404677
C14: 柴油产量 | D14: =_xlfn.IFERROR(SUM(L14,D28),"") -> 58797 | E14: =_xlfn.IFERROR(SUM(M14,E28),"") -> 791281 | F14: =_xlfn.IFERROR(D14/D6*100,0) -> 22.193075 | G14: =_xlfn.IFERROR(E14/E6*100,0) -> 24.191264 | H14: =_xlfn.IFERROR(SUM(P14,H28),"") -> 60220 | I14: =_xlfn.IFERROR(H14/H6*100,0) -> 23.380778 | K14: 柴油产量 | L14: =取值!L13 -> 44561 | M14: =_xlfn.IFERROR(SUM(L14,取值!M11),"") -> 568748 | N14: =_xlfn.IFERROR(L14/L6*100,0) -> 24.331127 | O14: =_xlfn.IFERROR(M14/M6*100,0) -> 25.294293 | P14: =取值!P11 -> 45082 | Q14: =_xlfn.IFERROR(P14/P6*100,0) -> 24.861854
C15: 生焦量 | D15: =_xlfn.IFERROR(SUM(L15,D29),"") -> 17416 | E15: =_xlfn.IFERROR(SUM(M15,E29),"") -> 243251 | F15: =_xlfn.IFERROR(D15/D6*100,0) -> 6.5737127 | G15: =_xlfn.IFERROR(E15/E6*100,0) -> 7.4367375 | H15: =_xlfn.IFERROR(SUM(P15,H29),"") -> 17991 | I15: =_xlfn.IFERROR(H15/H6*100,0) -> 6.9851143 | K15: 生焦量 | L15: =取值!L14 -> 12561 | M15: =_xlfn.IFERROR(SUM(L15,取值!M12),"") -> 177056 | N15: =_xlfn.IFERROR(L15/L6*100,0) -> 6.8585375 | O15: =_xlfn.IFERROR(M15/M6*100,0) -> 7.8743246 | P15: =取值!P12 -> 13673 | Q15: =_xlfn.IFERROR(P15/P6*100,0) -> 7.540396
C16: 2#渣油产量 | D16: =_xlfn.IFERROR(SUM(L16,D30),"") -> 2014 | E16: =_xlfn.IFERROR(SUM(M16,E30),"") -> 23677 | F16: =_xlfn.IFERROR(D16/D6*100,0) -> 0.76018933 | G16: =_xlfn.IFERROR(E16/E6*100,0) -> 0.72385986 | H16: =_xlfn.IFERROR(SUM(P16,H30),"") -> 2577 | I16: =_xlfn.IFERROR(H16/H6*100,0) -> 1.0005358 | K16: 油浆产量 | L16: =取值!L15 -> 1069 | M16: =_xlfn.IFERROR(SUM(L16,取值!M13),"") -> 12126 | N16: =_xlfn.IFERROR(L16/L6*100,0) -> 0.58369371 | O16: =_xlfn.IFERROR(M16/M6*100,0) -> 0.53928735 | P16: =取值!P13 -> 1259 | Q16: =_xlfn.IFERROR(P16/P6*100,0) -> 0.69431423
C17: 加工损失量 | D17: =_xlfn.IFERROR(SUM(L17,D31),"") -> 1019 | E17: =_xlfn.IFERROR(SUM(M17,E31),"") -> 13550 | F17: =_xlfn.IFERROR(D17/D6*100,0) -> 0.3846241 | G17: =_xlfn.IFERROR(E17/E6*100,0) -> 0.41425439 | H17: =_xlfn.IFERROR(SUM(P17,H31),"") -> 1029 | I17: =_xlfn.IFERROR(H17/H6*100,0) -> 0.39951546 | K17: 加工损失量 | L17: =_xlfn.IFERROR(L6-SUM(L10:L16),"") -> 753 | M17: =_xlfn.IFERROR(SUM(L17,取值!M14),"") -> 9975 | N17: =_xlfn.IFERROR(L17/L6*100,0) -> 0.41115188 | O17: =_xlfn.IFERROR(M17/M6*100,0) -> 0.44362455 | P17: =取值!P14 -> 773 | Q17: =_xlfn.IFERROR(P17/P6*100,0) -> 0.4262946
C18: 轻质油产量合计 | D18: =_xlfn.IFERROR(SUM(L18,D32),"") -> 185169 | E18: =_xlfn.IFERROR(SUM(M18,E32),"") -> 2314298 | F18: =_xlfn.IFERROR(D18/D6*100,0) -> 69.892502 | G18: =_xlfn.IFERROR(E18/E6*100,0) -> 70.753365 | H18: =_xlfn.IFERROR(SUM(P18,H32),"") -> 177414 | I18: =_xlfn.IFERROR(H18/H6*100,0) -> 68.882056 | K18: 轻质油产量合计 | L18: =_xlfn.IFERROR(SUM(L13:L14),"") -> 131310 | M18: =_xlfn.IFERROR(SUM(L18,取值!M15),"") -> 1602857 | N18: =_xlfn.IFERROR(L18/L6*100,0) -> 71.697681 | O18: =_xlfn.IFERROR(M18/M6*100,0) -> 71.284883 | P18: =取值!P15 -> 125601 | Q18: =_xlfn.IFERROR(P18/P6*100,0) -> 69.266531
C19: 汽柴液产量合计 | D19: =_xlfn.IFERROR(SUM(L19,D33),"") -> 232803 | E19: =_xlfn.IFERROR(SUM(M19,E33),"") -> 2854475 | F19: =_xlfn.IFERROR(D19/D6*100,0) -> 87.872074 | G19: =_xlfn.IFERROR(E19/E6*100,0) -> 87.267807 | H19: =_xlfn.IFERROR(SUM(P19,H33),"") -> 224536 | I19: =_xlfn.IFERROR(H19/H6*100,0) -> 87.177456 | K19: 汽柴液产量合计 | L19: =_xlfn.IFERROR(SUM(L12:L14),"") -> 160247 | M19: =_xlfn.IFERROR(SUM(L19,取值!M16),"") -> 1949211 | N19: =_xlfn.IFERROR(L19/L6*100,0) -> 87.497816 | O19: =_xlfn.IFERROR(M19/M6*100,0) -> 86.688506 | P19: =取值!P16 -> 157063 | Q19: =_xlfn.IFERROR(P19/P6*100,0) -> 86.617217
B20: 100 万 催 化 装 置 | C20: 原料处理量 | D20: =_xlfn.IFERROR(SUM(D21:D23),"") -> 81790 | E20: =_xlfn.IFERROR(SUM(D20,取值!E17),"") -> 1022414 | F20: / | G20: / | H20: =取值!H17 -> 76232 | I20: /
C21: 其中：1#渣油 | D21: =取值!D20 -> 79857 | E21: =_xlfn.IFERROR(SUM(D21,取值!E18),"") -> 1006799 | F21: / | G21: / | H21: =取值!H18 -> 75238 | I21: /
C22: OG气 | D22: =取值!D21 -> 288 | E22: =_xlfn.IFERROR(SUM(D22,取值!E19),"") -> 3475 | F22: / | G22: / | H22: =取值!H19 -> 327 | I22: /
C23: 戊烷 | D23: =取值!D22 -> 1645 | E23: =_xlfn.IFERROR(SUM(D23,取值!E20),"") -> 12140 | F23: / | G23: / | H23: =取值!H20 -> 667 | I23: /
C24: 石脑油Ⅲ | E24: =_xlfn.IFERROR(SUM(D24,取值!E21),"") -> 0 | H24: =取值!H21 -> 0
C25: 干气产量 | D25: =取值!D23 -> 3168 | E25: =_xlfn.IFERROR(SUM(D25,取值!E22),"") -> 35829 | F25: =_xlfn.IFERROR(D25/D20*100,0) -> 3.8733341 | G25: =_xlfn.IFERROR(E25/E20*100,0) -> 3.5043534 | H25: =取值!H22 -> 2867 | I25: =_xlfn.IFERROR(H25/H20*100,0) -> 3.7608878
C26: 液化气产量 | D26: =取值!D24 -> 18697 | E26: =_xlfn.IFERROR(SUM(D26,取值!E23),"") -> 193823 | F26: =_xlfn.IFERROR(D26/D20*100,0) -> 22.859763 | G26: =_xlfn.IFERROR(E26/E20*100,0) -> 18.957389 | H26: =取值!H23 -> 15660 | I26: =_xlfn.IFERROR(H26/H20*100,0) -> 20.542554
C27: 汽油产量 | D27: =取值!D25 -> 39623 | E27: =_xlfn.IFERROR(SUM(D27,取值!E24),"") -> 488908 | F27: =_xlfn.IFERROR(D27/D20*100,0) -> 48.444798 | G27: =_xlfn.IFERROR(E27/E20*100,0) -> 47.818985 | H27: =取值!H24 -> 36675 | I27: =_xlfn.IFERROR(H27/H20*100,0) -> 48.109718
C28: 柴油产量 | D28: =取值!D26 -> 14236 | E28: =_xlfn.IFERROR(SUM(D28,取值!E25),"") -> 222533 | F28: =_xlfn.IFERROR(D28/D20*100,0) -> 17.405551 | G28: =_xlfn.IFERROR(E28/E20*100,0) -> 21.765449 | H28: =取值!H25 -> 15138 | I28: =_xlfn.IFERROR(H28/H20*100,0) -> 19.857802
C29: 生焦量 | D29: =取值!D27 -> 4855 | E29: =_xlfn.IFERROR(SUM(D29,取值!E26),"") -> 66195 | F29: =_xlfn.IFERROR(D29/D20*100,0) -> 5.9359335 | G29: =_xlfn.IFERROR(E29/E20*100,0) -> 6.4743832 | H29: =取值!H26 -> 4318 | I29: =_xlfn.IFERROR(H29/H20*100,0) -> 5.664288
C30: 2#渣油产量 | D30: =取值!D28 -> 945 | E30: =_xlfn.IFERROR(SUM(D30,取值!E27),"") -> 11551 | F30: =_xlfn.IFERROR(D30/D20*100,0) -> 1.155398 | G30: =_xlfn.IFERROR(E30/E20*100,0) -> 1.1297772 | H30: =取值!H27 -> 1318 | I30: =_xlfn.IFERROR(H30/H20*100,0) -> 1.7289327
C31: 加工损失量 | D31: =_xlfn.IFERROR(D20-SUM(D25:D30),"") -> 266 | E31: =_xlfn.IFERROR(SUM(D31,取值!E28),"") -> 3575 | F31: =_xlfn.IFERROR(D31/D20*100,0) -> 0.32522313 | G31: =_xlfn.IFERROR(E31/E20*100,0) -> 0.34966266 | H31: =取值!H28 -> 256 | I31: =_xlfn.IFERROR(H31/H20*100,0) -> 0.33581698
C32: 轻质油产量合计 | D32: =_xlfn.IFERROR(SUM(D27:D28),"") -> 53859 | E32: =_xlfn.IFERROR(SUM(D32,取值!E29),"") -> 711441 | F32: =_xlfn.IFERROR(D32/D20*100,0) -> 65.850348 | G32: =_xlfn.IFERROR(E32/E20*100,0) -> 69.584434 | H32: =取值!H29 -> 51813 | I32: =_xlfn.IFERROR(H32/H20*100,0) -> 67.96752
C33: 汽柴液产量合计 | D33: =_xlfn.IFERROR(SUM(D26:D28),"") -> 72556 | E33: =_xlfn.IFERROR(SUM(D33,取值!E30),"") -> 905264 | F33: =_xlfn.IFERROR(D33/D20*100,0) -> 88.710111 | G33: =_xlfn.IFERROR(E33/E20*100,0) -> 88.541824 | H33: =取值!H30 -> 67473 | I33: =_xlfn.IFERROR(H33/H20*100,0) -> 88.510075
C34: 单位领导： | D34: 王静 | I34: 填报人： | K34: 黄宏飞 | N34: 报出日期： | P34: =_xlfn.IFERROR(取值!C3,"") -> 46022

Sheet 取值
B1: 报表生成时间： | C1: 2025-12 | D1: 8:00:00
C2: =EDATE(C1,1) -> 46023 | M2: YL_SC_ALL_YearSum | P2: YL_SC_Year_Compare
C3: =C2-1 -> 46022 | M3: 2065379 | P3: 181330
M4: 2065379 | P4: 181330
L7: 183144 | M7: 25371 | P7: 2735
M8: 66270 | P8: 5827
L9: 2085 | M9: 317417 | P9: 31462
L10: 6429 | M10: 947360 | P10: 80519
L11: 28937 | M11: 524187 | P11: 45082
L12: 86749 | M12: 164495 | P12: 13673
L13: 44561 | M13: 11057 | P13: 1259
L14: 12561 | M14: 9222 | P14: 773
L15: 1069 | M15: 1471547 | P15: 125601
E16: YL_SC_ALL_YearSum | H16: YL_SC_Year_Compare | M16: 1788964 | P16: 157063
E17: 940624 | H17: 76232
E18: 926942 | H18: 75238
E19: 3187 | H19: 327
D20: 79857 | E20: 10495 | H20: 667
D21: 288
D22: 1645 | E22: 32661 | H22: 2867
D23: 3168 | E23: 175126 | H23: 15660
D24: 18697 | E24: 449285 | H24: 36675
D25: 39623 | E25: 208297 | H25: 15138
D26: 14236 | E26: 61340 | H26: 4318
D27: 4855 | E27: 10606 | H27: 1318
D28: 945 | E28: 3309 | H28: 256
E29: 657582 | H29: 51813
E30: 832708 | H30: 67473
D31: 王静
D32: 黄宏飞
