Workbook

Sheet 完成情况
B2: 永坪炼油厂生产任务完成情况统计表
P3: 统计日期: | Q3: 2026-01-06
B4: 序号 | C4: 项目 | F4: 单位 | G4: =MID(取值!F2,6,2)&取值!J2 -> 01月 | M4: 全年 | R4: 去年同期 累计加工 | S4: 同比增减
G6: 计划 （吨） | H6: 本日 （吨） | I6: 月累计 （吨） | J6: 月计划 完成量% | K6: 剩余加工量 | L6: 剩余平均 日加工 | M6: 计划 （吨） | N6: 年累计 （吨） | O6: 年计划 完成量% | P6: 剩余加工量 | Q6: 剩余平均 日加工
B7: 一、 | C7: 加工量指标 | F7: t
B8: 1 | C8: 原油加工量 | F8: t | G8: 280000 | H8: =取值!G6 -> 9194 | I8: =取值!H6 -> 62067 | J8: =_xlfn.IFERROR(I8/G8*100,"") -> 22.166786 | K8: =_xlfn.IFERROR(G8-I8,0) -> 217933 | L8: =_xlfn.IFERROR(K8/取值!F38,0) -> 9080.5417 | M8: 0 | N8: =取值!M6 -> 62067 | O8: =_xlfn.IFERROR(N8/M8*100,0) -> 0 | P8: =_xlfn.IFERROR(M8-N8,0) -> -62067 | Q8: =_xlfn.IFERROR(P8/取值!G38,0) -> -173.37151 | R8: =取值!Q6 -> 78925 | S8: =_xlfn.IFERROR(N8-R8,0) -> -16858
C9: 包含代加工原油量 | N9: =_xlfn.IFERROR(SUM(取值!M6,取值!M53),"") -> 62067 | O9: =_xlfn.IFERROR(N9/M9*100,0) -> 0 | P9: =_xlfn.IFERROR(M9-N9,0) -> -62067 | Q9: =_xlfn.IFERROR(P9/取值!G38,0) -> -173.37151
C10: 210万常压加工量 | F10: t | G10: 124000 | H10: =取值!G7 -> 4053 | I10: =取值!H7 -> 27187 | J10: =_xlfn.IFERROR(I10/G10*100,"") -> 21.925 | K10: =_xlfn.IFERROR(G10-I10,0) -> 96813 | L10: =_xlfn.IFERROR(K10/取值!F38,0) -> 4033.875 | M10: 0 | N10: =取值!M7 -> 27187 | O10: =_xlfn.IFERROR(N10/M10*100,0) -> 0 | P10: =_xlfn.IFERROR(M10-N10,0) -> -27187 | Q10: =_xlfn.IFERROR(P10/取值!G38,0) -> -75.941341 | R10: =取值!Q7 -> 30494 | S10: =_xlfn.IFERROR(N10-R10,0) -> -3307
C11: 250万常压加工量 | F11: t | G11: 156000 | H11: =取值!G8 -> 5141 | I11: =取值!H8 -> 34880 | J11: =_xlfn.IFERROR(I11/G11*100,"") -> 22.358974 | K11: =_xlfn.IFERROR(G11-I11,0) -> 121120 | L11: =_xlfn.IFERROR(K11/取值!F38,0) -> 5046.6667 | M11: 0 | N11: =取值!M8 -> 34880 | O11: =_xlfn.IFERROR(N11/M11*100,0) -> 0 | P11: =_xlfn.IFERROR(M11-N11,0) -> -34880 | Q11: =_xlfn.IFERROR(P11/取值!G38,0) -> -97.430168 | R11: =取值!Q8 -> 48431 | S11: =_xlfn.IFERROR(N11-R11,0) -> -13551
B12: 2 | C12: 催化加工量 | F12: t | G12: 96000 | H12: =取值!G9 -> 3733 | I12: =取值!H9 -> 26723 | J12: =_xlfn.IFERROR(I12/G12*100,"") -> 27.836458 | K12: =_xlfn.IFERROR(G12-I12,0) -> 69277 | L12: =_xlfn.IFERROR(K12/取值!F38,0) -> 2886.5417 | M12: 0 | N12: =取值!M9 -> 26723 | O12: =_xlfn.IFERROR(N12/M12*100,0) -> 0 | P12: =_xlfn.IFERROR(M12-N12,0) -> -26723 | Q12: =_xlfn.IFERROR(P12/取值!G38,0) -> -74.645251 | R12: =取值!Q9 -> 26580 | S12: =_xlfn.IFERROR(N12-R12,0) -> 143
C13: 其中：1#渣油 | F13: t | G13: 96000 | H13: =取值!G10 -> 3431 | I13: =取值!H10 -> 24621 | J13: =_xlfn.IFERROR(I13/G13*100,"") -> 25.646875 | K13: =_xlfn.IFERROR(G13-I13,0) -> 71379 | L13: =_xlfn.IFERROR(K13/取值!F38,0) -> 2974.125 | M13: 0 | N13: =取值!M10 -> 24621 | O13: =_xlfn.IFERROR(N13/M13*100,0) -> 0 | P13: =_xlfn.IFERROR(M13-N13,0) -> -24621 | Q13: =_xlfn.IFERROR(P13/取值!G38,0) -> -68.773743 | R13: =取值!Q10 -> 24661 | S13: =_xlfn.IFERROR(N13-R13,0) -> -40
B14: 3 | C14: 重整加工量 | F14: t | G14: 18000 | H14: =取值!G11 -> 617 | I14: =取值!H11 -> 4266 | J14: =_xlfn.IFERROR(I14/G14*100,"") -> 23.7 | K14: =_xlfn.IFERROR(G14-I14,0) -> 13734 | L14: =_xlfn.IFERROR(K14/取值!F38,0) -> 572.25 | M14: 0 | N14: =取值!M11 -> 4266 | O14: =_xlfn.IFERROR(N14/M14*100,0) -> 0 | P14: =_xlfn.IFERROR(M14-N14,0) -> -4266 | Q14: =_xlfn.IFERROR(P14/取值!G38,0) -> -11.916201 | R14: =取值!Q11 -> 4360 | S14: =_xlfn.IFERROR(N14-R14,0) -> -94
B15: 4 | C15: 3#喷气式燃料加工量 | F15: t | G15: 10526 | H15: =取值!G12 -> 495 | I15: =取值!H12 -> 3554 | J15: =_xlfn.IFERROR(I15/G15*100,"") -> 33.764013 | K15: =_xlfn.IFERROR(G15-I15,0) -> 6972 | L15: =_xlfn.IFERROR(K15/取值!F38,0) -> 290.5 | M15: 0 | N15: =取值!M12 -> 3554 | O15: =_xlfn.IFERROR(N15/M15*100,0) -> 0 | P15: =_xlfn.IFERROR(M15-N15,0) -> -3554 | Q15: =_xlfn.IFERROR(P15/取值!G38,0) -> -9.9273743 | R15: =取值!Q12 -> 4029 | S15: =_xlfn.IFERROR(N15-R15,0) -> -475
B16: 5 | C16: 汽油精制加工量 | F16: t | G16: 47000 | H16: =取值!G13 -> 1806 | I16: =取值!H13 -> 12962 | J16: =_xlfn.IFERROR(I16/G16*100,"") -> 27.578723 | K16: =_xlfn.IFERROR(G16-I16,0) -> 34038 | L16: =_xlfn.IFERROR(K16/取值!F38,0) -> 1418.25 | M16: 0 | N16: =取值!M13 -> 12962 | O16: =_xlfn.IFERROR(N16/M16*100,0) -> 0 | P16: =_xlfn.IFERROR(M16-N16,0) -> -12962 | Q16: =_xlfn.IFERROR(P16/取值!G38,0) -> -36.206704 | R16: =取值!Q13 -> 13426 | S16: =_xlfn.IFERROR(N16-R16,0) -> -464
B17: 6 | C17: 柴油加氢精制加工量 | F17: t | G17: 102000 | H17: =取值!G14 -> 2830 | I17: =取值!H14 -> 23859 | J17: =_xlfn.IFERROR(I17/G17*100,"") -> 23.391176 | K17: =_xlfn.IFERROR(G17-I17,0) -> 78141 | L17: =_xlfn.IFERROR(K17/取值!F38,0) -> 3255.875 | M17: 0 | N17: =取值!M14 -> 23859 | O17: =_xlfn.IFERROR(N17/M17*100,0) -> 0 | P17: =_xlfn.IFERROR(M17-N17,0) -> -23859 | Q17: =_xlfn.IFERROR(P17/取值!G38,0) -> -66.645251 | R17: =取值!Q14 -> 27784 | S17: =_xlfn.IFERROR(N17-R17,0) -> -3925
B18: 二、 | C18: 产品交库 | S18: =N18-R18 -> 0
B19: 7 | C19: 汽油 | F19: t | G19: 72000 | H19: =SUM(取值!G16,取值!G17,取值!G18) -> 3565 | I19: =SUM(取值!H16,取值!H17,取值!H18) -> 17294 | J19: =_xlfn.IFERROR(I19/G19*100,"") -> 24.019444 | K19: =_xlfn.IFERROR(G19-I19,0) -> 54706 | L19: =_xlfn.IFERROR(K19/取值!F38,0) -> 2279.4167 | M19: 0 | N19: =SUM(取值!M16,取值!M17,取值!M18) -> 17294 | O19: =_xlfn.IFERROR(N19/M19*100,0) -> 0 | P19: =_xlfn.IFERROR(M19-N19,0) -> -17294 | Q19: =_xlfn.IFERROR(P19/取值!G38,0) -> -48.307263 | R19: =SUM(取值!Q16,取值!Q17,取值!Q18) -> 21402 | S19: =_xlfn.IFERROR(N19-R19,0) -> -4108
B20: 8 | C20: 柴油 | F20: t | G20: 88000 | H20: =SUM(取值!G19,取值!G20,取值!G21,取值!G22) -> 3427 | I20: =SUM(取值!H19,取值!H20,取值!H21,取值!H22) -> 19647 | J20: =_xlfn.IFERROR(I20/G20*100,"") -> 22.326136 | K20: =_xlfn.IFERROR(G20-I20,0) -> 68353 | L20: =_xlfn.IFERROR(K20/取值!F38,0) -> 2848.0417 | M20: 0 | N20: =SUM(取值!M19,取值!M20,取值!M21,取值!M22) -> 19647 | O20: =_xlfn.IFERROR(N20/M20*100,0) -> 0 | P20: =_xlfn.IFERROR(M20-N20,0) -> -19647 | Q20: =_xlfn.IFERROR(P20/取值!G38,0) -> -54.879888 | R20: =SUM(取值!Q19,取值!Q20,取值!Q21,取值!Q22) -> 19720 | S20: =_xlfn.IFERROR(N20-R20,0) -> -73
B21: 9 | C21: 液化气 | F21: t | G21: 15700 | H21: =取值!G23 -> 709 | I21: =取值!H23 -> 3190 | J21: =_xlfn.IFERROR(I21/G21*100,"") -> 20.318471 | K21: =_xlfn.IFERROR(G21-I21,0) -> 12510 | L21: =_xlfn.IFERROR(K21/取值!F38,0) -> 521.25 | M21: 0 | N21: =取值!M23 -> 3190 | O21: =_xlfn.IFERROR(N21/M21*100,0) -> 0 | P21: =_xlfn.IFERROR(M21-N21,0) -> -3190 | Q21: =_xlfn.IFERROR(P21/取值!G38,0) -> -8.9106145 | R21: =取值!Q23 -> 4388 | S21: =_xlfn.IFERROR(N21-R21,0) -> -1198
B22: 10 | C22: 石脑油 | F22: t | G22: 35900 | H22: =取值!G24 -> 657 | I22: =取值!H24 -> 3839 | J22: =_xlfn.IFERROR(I22/G22*100,"") -> 10.693593 | K22: =_xlfn.IFERROR(G22-I22,0) -> 32061 | L22: =_xlfn.IFERROR(K22/取值!F38,0) -> 1335.875 | M22: 0 | N22: =取值!M24 -> 3839 | O22: =_xlfn.IFERROR(N22/M22*100,0) -> 0 | P22: =_xlfn.IFERROR(M22-N22,0) -> -3839 | Q22: =_xlfn.IFERROR(P22/取值!G38,0) -> -10.723464 | R22: =取值!Q24 -> 6219 | S22: =_xlfn.IFERROR(N22-R22,0) -> -2380
B23: 11 | C23: 1#渣油 | F23: t | G23: 50000 | H23: =取值!G25 -> 1476 | I23: =取值!H25 -> 8741 | J23: =_xlfn.IFERROR(I23/G23*100,"") -> 17.482 | K23: =_xlfn.IFERROR(G23-I23,0) -> 41259 | L23: =_xlfn.IFERROR(K23/取值!F38,0) -> 1719.125 | M23: 0 | N23: =取值!M25 -> 8741 | O23: =_xlfn.IFERROR(N23/M23*100,0) -> 0 | P23: =_xlfn.IFERROR(M23-N23,0) -> -8741 | Q23: =_xlfn.IFERROR(P23/取值!G38,0) -> -24.416201 | R23: =取值!Q25 -> 14596 | S23: =_xlfn.IFERROR(N23-R23,0) -> -5855
B24: 12 | C24: 2#渣油 | F24: t | G24: 2300 | H24: =取值!G26 -> 0 | I24: =取值!H26 -> 0 | J24: =_xlfn.IFERROR(I24/G24*100,"") -> 0 | K24: =_xlfn.IFERROR(G24-I24,0) -> 2300 | L24: =_xlfn.IFERROR(K24/取值!F38,0) -> 95.833333 | M24: 0 | N24: =取值!M26 -> 0 | O24: =_xlfn.IFERROR(N24/M24*100,0) -> 0 | P24: =_xlfn.IFERROR(M24-N24,0) -> 0 | Q24: =_xlfn.IFERROR(P24/取值!G38,0) -> 0 | R24: =取值!Q26 -> 251 | S24: =_xlfn.IFERROR(N24-R24,0) -> -251
B25: 三、 | C25: 收率指标 | S25: =N25-R25 -> 0
B26: 14 | C26: 汽柴液装置收率 | F26: % | G26: 70.22 | H26: 81.19 | I26: 83.33 | J26: =_xlfn.IFERROR(I26-G26,"") -> 13.11 | M26: 0 | N26: 83.33 | O26: =_xlfn.IFERROR(N26-M26,"") -> 83.33 | R26: =_xlfn.IFERROR(ROUND(取值!Q28/完成情况!R8*100,2),"") -> 74.34 | S26: =_xlfn.IFERROR(N26-R26,0) -> 8.99
B27: 14 | C27: 常压装置轻质油收率 | F27: % | G27: 47.6 | H27: 49.04 | I27: 49.12 | J27: =_xlfn.IFERROR(I27-G27,"") -> 1.52 | M27: 0 | N27: 49.12 | O27: =_xlfn.IFERROR(N27-M27,"") -> 49.12 | R27: =_xlfn.IFERROR(ROUND(取值!Q29,2),"") -> 47.95 | S27: =_xlfn.IFERROR(N27-R27,0) -> 1.17
B28: 15 | C28: 催化装置汽柴液收率 | F28: % | G28: 86.3 | H28: =_xlfn.IFERROR(SUM(H29,H30),0) -> 87.22 | I28: =_xlfn.IFERROR(SUM(I29,I30),0) -> 87.22 | J28: =_xlfn.IFERROR(I28-G28,"") -> 0.92 | M28: 0 | N28: =_xlfn.IFERROR(SUM(N29,N30),0) -> 87.22 | O28: =_xlfn.IFERROR(N28-M28,"") -> 87.22 | R28: =_xlfn.IFERROR(SUM(R29,R30),0) -> 86.93 | S28: =_xlfn.IFERROR(N28-R28,0) -> 0.29
C29: 催化装置轻质油收率 | F29: % | G29: 69.9 | H29: 70.56 | I29: 71.2 | J29: =_xlfn.IFERROR(I29-G29,"") -> 1.3 | M29: 0 | N29: 71.2 | O29: =_xlfn.IFERROR(N29-M29,"") -> 71.2 | R29: =_xlfn.IFERROR(ROUND(取值!Q31/完成情况!R12*100,2),"") -> 70.02 | S29: =_xlfn.IFERROR(N29-R29,0) -> 1.18
C30: 催化液化气收率 | F30: % | G30: 16.4 | H30: 16.66 | I30: 16.02 | J30: =_xlfn.IFERROR(I30-G30,"") -> -0.38 | M30: 0 | N30: 16.02 | O30: =_xlfn.IFERROR(N30-M30,"") -> 16.02 | R30: =_xlfn.IFERROR(ROUND(取值!Q32/完成情况!R12*100,2),"") -> 16.91 | S30: =_xlfn.IFERROR(N30-R30,0) -> -0.89
B31: 16 | C31: 重整收率 | F31: % | G31: 92.9 | H31: 93.35 | I31: 93.46 | J31: =_xlfn.IFERROR(I31-G31,"") -> 0.56 | M31: 0 | N31: 93.46 | O31: =_xlfn.IFERROR(N31-M31,"") -> 93.46 | R31: =_xlfn.IFERROR(ROUND(取值!Q33/完成情况!R14*100,2),"") -> 93.35 | S31: =_xlfn.IFERROR(N31-R31,0) -> 0.11
B32: 17 | C32: 3#喷气式燃料收率 | F32: % | G32: 98 | H32: 98.59 | I32: 98.51 | J32: =_xlfn.IFERROR(I32-G32,"") -> 0.51 | M32: 0 | N32: 98.51 | O32: =_xlfn.IFERROR(N32-M32,"") -> 98.51 | R32: =_xlfn.IFERROR(ROUND(取值!Q34/完成情况!R15*100,2),"") -> 98.49 | S32: =_xlfn.IFERROR(N32-R32,0) -> 0.02
B33: 18 | C33: 汽油精制收率 | F33: % | G33: 98.5 | H33: 98.89 | I33: 98.89 | J33: =_xlfn.IFERROR(I33-G33,"") -> 0.39 | M33: 0 | N33: 98.89 | O33: =_xlfn.IFERROR(N33-M33,"") -> 98.89 | R33: =_xlfn.IFERROR(ROUND(取值!Q35/完成情况!R16*100,2),"") -> 98.88 | S33: =_xlfn.IFERROR(N33-R33,0) -> 0.01
B34: 19 | C34: 柴油加氢精制收率 | F34: % | G34: 98.5 | H34: 99.08 | I34: 99.21 | J34: =_xlfn.IFERROR(I34-G34,"") -> 0.71 | M34: 0 | N34: 99.21 | O34: =_xlfn.IFERROR(N34-M34,"") -> 99.21 | R34: =_xlfn.IFERROR(ROUND(取值!Q36/完成情况!R17*100,2),"") -> 98.96 | S34: =_xlfn.IFERROR(N34-R34,0) -> 0.25
C36: 审核人： | F36: 白建东 | O36: 填报人： | Q36: 麻和美

Sheet 取值
A2: 序号 | B2: 项目 | E2: 单位 | F2: 2026-01-06 | J2: 月 | L2: 全年 | Q2: 去年同期累计加工 | R2: 同比增减
F4: 计划（吨） | G4: 本日（吨） | H4: 月累计（吨） | I4: 完成月计划% | J4: 剩余加工量 | K4: 剩余平均日加工 | L4: 计划（吨） | M4: 年累计（吨） | N4: 年计划完成量% | O4: 剩余加工量 | P4: 剩余平均日加工
A5: 一、 | B5: 加工量指标 | E5: t
A6: 1 | B6: 原油加工量 | E6: t | F6: 280000 | G6: 9194 | H6: 62067 | M6: 62067 | Q6: 78925
B7: 210万常压加工量 | E7: t | F7: 124000 | G7: 4053 | H7: 27187 | L7: 0 | M7: 27187 | Q7: 30494
B8: 250万常压加工量 | E8: t | F8: 156000 | G8: 5141 | H8: 34880 | L8: 0 | M8: 34880 | Q8: 48431
A9: 2 | B9: 催化加工量 | E9: t | F9: 96000 | G9: 3733 | H9: 26723 | M9: 26723 | Q9: 26580
B10: 其中：1#渣油 | E10: t | F10: 96000 | G10: 3431 | H10: 24621 | M10: 24621 | Q10: 24661
A11: 3 | B11: 重整加工量 | E11: t | F11: 18000 | G11: 617 | H11: 4266 | M11: 4266 | Q11: 4360
A12: 4 | B12: 3#喷气式燃料加工量 | E12: t | F12: 10526 | G12: 495 | H12: 3554 | M12: 3554 | Q12: 4029
A13: 5 | B13: 汽油精制加工量 | E13: t | F13: 47000 | G13: 1806 | H13: 12962 | M13: 12962 | Q13: 13426
A14: 6 | B14: 柴油加氢精制加工量 | E14: t | F14: 102000 | G14: 2830 | H14: 23859 | M14: 23859 | Q14: 27784 | V14: 永炼_永坪炼油厂生产日报表_常压装置轻质油收率_年
A15: 二、 | B15: 产品交库 | V15: 永炼_永坪炼油厂生产日报表_常压装置轻质油收率_年
A16: 7 | B16: 汽油 | E16: t | F16: 72000 | G16: 0 | H16: 0 | M16: 0 | Q16: 0 | V16: 永炼_永坪炼油厂生产日报表
G17: 0 | H17: 0 | M17: 0 | Q17: 0
G18: 3565 | H18: 17294 | M18: 17294 | Q18: 21402
A19: 8 | B19: 柴油 | E19: t | F19: 88000 | G19: 2075 | H19: 18295 | M19: 18295 | Q19: 14757
G20: 0 | H20: 0 | M20: 0 | Q20: 0
G21: 1352 | H21: 1352 | M21: 1352 | Q21: 4963
G22: 0 | H22: 0 | M22: 0 | Q22: 0
A23: 9 | B23: 液化气 | E23: t | F23: 15700 | G23: =SUM(G44:G45) -> 709 | H23: =SUM(H44:H45) -> 3190 | M23: =SUM(M44:M45) -> 3190 | Q23: =SUM(Q44:Q45) -> 4388
A24: 10 | B24: 石脑油 | E24: t | F24: 35900 | G24: 657 | H24: 3839 | M24: 3839 | Q24: 6219
A25: 11 | B25: 1#渣油 | E25: t | F25: 50000 | G25: 1476 | H25: 8741 | M25: 8741 | Q25: 14596
A26: 12 | B26: 2#渣油 | E26: t | F26: 2300 | G26: =SUM(G48:G50) -> 0 | H26: =SUM(H48:H50) -> 0 | M26: =SUM(M48:M50) -> 0 | Q26: =SUM(Q48:Q50) -> 251
A27: 三、 | B27: 收率指标
A28: 14 | B28: 汽柴液装置收率 | E28: % | F28: 70.219156 | G28: 7465 | H28: 51722 | M28: 51722 | Q28: 58671
A29: 15 | B29: 常压装置轻质油收率 | E29: % | F29: 47.6 | G29: 4509 | H29: 30488 | M29: 30488 | Q29: 47.946785
A30: 16 | B30: 催化装置汽柴液收率 | E30: %
B31: 催化装置轻质油收率 | E31: % | F31: 69.9 | G31: 2634 | H31: 19026 | M31: 19026 | Q31: 18611
B32: 催化液化气收率 | E32: % | F32: 16.4 | G32: 622 | H32: 4282 | M32: 4282 | Q32: 4496
A33: 17 | B33: 重整收率 | E33: % | F33: 92.9 | G33: 576 | H33: 3987 | M33: 3987 | Q33: 4070
A34: 18 | B34: 3#喷气式燃料收率 | E34: % | F34: 98 | G34: 488 | H34: 3501 | M34: 3501 | Q34: 3968
A35: 19 | B35: 汽油精制收率 | E35: % | F35: 98.5 | G35: 1786 | H35: 12818 | M35: 12818 | Q35: 13275
A36: 20 | B36: 柴油加氢精制收率 | E36: % | F36: 98.5 | G36: 2804 | H36: 23670 | M36: 23670 | Q36: 27496
F38: 24 | G38: 358
C41: 审核人： | D41: 白建东 | H41: 填报人 | I41: 麻和美
G44: 709 | H44: 3190 | M44: 3190 | Q44: 4388
G45: 0 | H45: 0 | M45: 0 | Q45: 0
G48: 0 | H48: 0 | M48: 0 | Q48: 251
G49: 0 | H49: 0 | M49: 0 | Q49: 0
