Workbook

Sheet 装置生产流程表
B2: 装置生产流程表
B3: 填报单位：榆林炼油厂 | F3: 日期： | G3: 2025-12 | P3: =Sheet2!A1&Sheet2!B1&Sheet2!C1 -> 报表生成时间：2025-12 8:00:00 | T3: 陕油炼计统B202表
B4: 装置 名称 | C4: 指标名称 | D4: 产量 t | F4: 收率 % | H4: 去年同期 | J4: 收率 % | L4: 装置 名称 | M4: 指标名称 | N4: 产量 t | P4: 收率 % | R4: 去年同期 | T4: 收率 %
D5: 本月 | E5: 累计 | F5: 本月 | G5: 累计 | H5: 本月 | I5: 累计 | J5: 本月 | K5: 累计 | N5: 本月 | O5: 累计 | P5: 本月 | Q5: 累计 | R5: 本月 | S5: 累计 | T5: 本月 | U5: 累计
B6: 500万 吨 常 压 装 置 | C6: 原油加工量 | D6: 379023 | E6: =_xlfn.IFERROR(取值!A73+D6,"") -> 3972275 | L6: 100万 吨 重 整 装 置 | M6: 加工量 | N6: 94368 | O6: =_xlfn.IFERROR(取值!A113+N6,"") -> 1002315
C7: 石脑油Ⅰ | D7: 48401 | E7: =_xlfn.IFERROR(取值!A74+D7,"") -> 493722 | F7: =_xlfn.IFERROR(D7/D6*100,"") -> 12.769937 | G7: =_xlfn.IFERROR(E7/E6*100,"") -> 12.4292 | J7: =_xlfn.IFERROR(H7/H6*100,"") | K7: =_xlfn.IFERROR(I7/I6*100,"") | M7: 重整汽油 | N7: 51101 | O7: =_xlfn.IFERROR(取值!A114+N7,"") -> 634833 | P7: =_xlfn.IFERROR(N7/N6*100,"") -> 54.150771 | Q7: =_xlfn.IFERROR(O7/O6*100,"") -> 63.336676 | T7: =_xlfn.IFERROR(R7/R6*100,"") | U7: =_xlfn.IFERROR(S7/S6*100,"")
C8: 常一线 | D8: 29173 | E8: =_xlfn.IFERROR(取值!A75+D8,"") -> 281248 | F8: =_xlfn.IFERROR(D8/D6*100,"") -> 7.6968944 | G8: =_xlfn.IFERROR(E8/E6*100,"") -> 7.0802752 | J8: =_xlfn.IFERROR(H8/H6*100,"") | K8: =_xlfn.IFERROR(I8/I6*100,"") | M8: 二甲苯塔底油 | N8: 4696 | O8: =_xlfn.IFERROR(取值!A115+N8,"") -> 21166 | P8: =_xlfn.IFERROR(N8/N6*100,"") -> 4.9762631 | Q8: =_xlfn.IFERROR(O8/O6*100,"") -> 2.1117114 | T8: =_xlfn.IFERROR(R8/R6*100,"") | U8: =_xlfn.IFERROR(S8/S6*100,"")
C9: 常二线 | D9: 0 | E9: =_xlfn.IFERROR(取值!A76+D9,"") -> 0 | F9: =_xlfn.IFERROR(D9/D6*100,"") -> 0 | G9: =_xlfn.IFERROR(E9/E6*100,"") -> 0 | J9: =_xlfn.IFERROR(H9/H6*100,"") | K9: =_xlfn.IFERROR(I9/I6*100,"") | M9: C6馏分油 | N9: 13694 | O9: =_xlfn.IFERROR(取值!A116+N9,"") -> 136054 | P9: =_xlfn.IFERROR(N9/N6*100,"") -> 14.511275 | Q9: =_xlfn.IFERROR(O9/O6*100,"") -> 13.573976 | T9: =_xlfn.IFERROR(R9/R6*100,"") | U9: =_xlfn.IFERROR(S9/S6*100,"")
C10: 常三线 | D10: 0 | E10: =_xlfn.IFERROR(取值!A77+D10,"") -> 0 | F10: =_xlfn.IFERROR(D10/D6*100,"") -> 0 | G10: =_xlfn.IFERROR(E10/E6*100,"") -> 0 | J10: =_xlfn.IFERROR(H10/H6*100,"") | K10: =_xlfn.IFERROR(I10/I6*100,"") | M10: 饱和液化气 | N10: 4516 | O10: =_xlfn.IFERROR(取值!A117+N10,"") -> 47162 | P10: =_xlfn.IFERROR(N10/N6*100,"") -> 4.7855205 | Q10: =_xlfn.IFERROR(O10/O6*100,"") -> 4.7053072 | T10: =_xlfn.IFERROR(R10/R6*100,"") | U10: =_xlfn.IFERROR(S10/S6*100,"")
C11: 混柴 | D11: 102803 | E11: =_xlfn.IFERROR(取值!A78+D11,"") -> 1099979 | F11: =_xlfn.IFERROR(D11/D6*100,"") -> 27.123156 | G11: =_xlfn.IFERROR(E11/E6*100,"") -> 27.691411 | J11: =_xlfn.IFERROR(H11/H6*100,"") | K11: =_xlfn.IFERROR(I11/I6*100,"") | M11: 二甲苯 | N11: 14133 | O11: =_xlfn.IFERROR(取值!A118+N11,"") -> 95326 | P11: =_xlfn.IFERROR(N11/N6*100,"") -> 14.976475 | Q11: =_xlfn.IFERROR(O11/O6*100,"") -> 9.510583 | T11: =_xlfn.IFERROR(R11/R6*100,"") | U11: =_xlfn.IFERROR(S11/S6*100,"")
C12: 饱和液化气 | D12: 2661 | E12: =_xlfn.IFERROR(取值!A79+D12,"") -> 44852 | F12: =_xlfn.IFERROR(D12/D6*100,"") -> 0.70206821 | G12: =_xlfn.IFERROR(E12/E6*100,"") -> 1.1291263 | J12: =_xlfn.IFERROR(H12/H6*100,"") | K12: =_xlfn.IFERROR(I12/I6*100,"") | M12: 燃 料 气 | N12: 5675 | O12: =_xlfn.IFERROR(取值!A119+N12,"") -> 63128 | P12: =_xlfn.IFERROR(N12/N6*100,"") -> 6.0136911 | Q12: =_xlfn.IFERROR(O12/O6*100,"") -> 6.2982196 | T12: =_xlfn.IFERROR(R12/R6*100,"") | U12: =_xlfn.IFERROR(S12/S6*100,"")
C13: 渣油 | D13: 192035 | E13: =_xlfn.IFERROR(取值!A80+D13,"") -> 2017109 | F13: =_xlfn.IFERROR(D13/D6*100,"") -> 50.665791 | G13: =_xlfn.IFERROR(E13/E6*100,"") -> 50.779692 | J13: =_xlfn.IFERROR(H13/H6*100,"") | K13: =_xlfn.IFERROR(I13/I6*100,"") | M13: 精制石脑油 | O13: =_xlfn.IFERROR(取值!A120+N13,"") -> 0
C14: 压缩富气 | D14: 187 | E14: =_xlfn.IFERROR(取值!A81+D14,"") -> 6674 | F14: =_xlfn.IFERROR(D14/D6*100,"") -> 0.049337375 | G14: =_xlfn.IFERROR(E14/E6*100,"") -> 0.16801455 | J14: =_xlfn.IFERROR(H14/H6*100,"") | K14: =_xlfn.IFERROR(I14/I6*100,"") | M14: 加工损失 | N14: =_xlfn.IFERROR(N6-N7-N8-N9-N10-N11-N12-N13,"") -> 553 | O14: =_xlfn.IFERROR(取值!A155+N14,"") -> 4646 | P14: =_xlfn.IFERROR(100-P7-P8-P9-P10-P11-P12-P13,"") -> 0.58600373 | Q14: =_xlfn.IFERROR(100-Q7-Q8-Q9-Q10-Q11-Q12-Q13,"") -> 0.46352694 | R14: =_xlfn.IFERROR(R6-R7-R8-R9-R10-R11-R12-R13,"") -> 0 | S14: =_xlfn.IFERROR(S6-S7-S8-S9-S10-S11-S12-S13,"") -> 0 | T14: =_xlfn.IFERROR(100-T7-T8-T9-T10-T11-T12-T13,"") | U14: =_xlfn.IFERROR(100-U7-U8-U9-U10-U11-U12-U13,"")
C15: 加工损失 | D15: =_xlfn.IFERROR(D6-D7-D8-D9-D10-D11-D12-D13-D14,"") -> 3763 | E15: =_xlfn.IFERROR(取值!A143+D15,"") -> 28691 | F15: =_xlfn.IFERROR(100-F7-F8-F9-F10-F11-F12-F13-F14,"") -> 0.99281574 | G15: =_xlfn.IFERROR(100-G7-G8-G9-G10-G11-G12-G13-G14,"") -> 0.72228131 | H15: =_xlfn.IFERROR(H6-H7-H8-H9-H10-H11-H12-H13,"") -> 0 | I15: =_xlfn.IFERROR(I6-I7-I8-I9-I10-I11-I12-I13,"") -> 0 | J15: =_xlfn.IFERROR(100-J7-J8-J9-J10-J11-J12-J13-J14,"") | K15: =_xlfn.IFERROR(100-K7-K8-K9-K10-K11-K12-K13-K14,"")
B16: 60万 吨 催 化 装 置 | C16: 催化加工 | D16: 0 | E16: =_xlfn.IFERROR(取值!A83+D16,"") -> 249205
C17: 催化汽油 | D17: 0 | E17: =_xlfn.IFERROR(取值!A84+D17,"") -> 116064 | F17: =_xlfn.IFERROR(D17/D16*100,"") | G17: =_xlfn.IFERROR(E17/E16*100,"") -> 46.573704 | J17: =_xlfn.IFERROR(H17/H16*100,"") | K17: =_xlfn.IFERROR(I17/I16*100,"") | L17: 20万 吨 苯 抽 提 装 置 | M17: 处理量 | N17: 13559 | O17: =_xlfn.IFERROR(取值!A122+N17,"") -> 132304
C18: 催化柴油 | D18: 0 | E18: =_xlfn.IFERROR(取值!A85+D18,"") -> 55392 | F18: =_xlfn.IFERROR(D18/D16*100,"") | G18: =_xlfn.IFERROR(E18/E16*100,"") -> 22.227483 | J18: =_xlfn.IFERROR(H18/H16*100,"") | K18: =_xlfn.IFERROR(I18/I16*100,"") | M18: 非芳烃 | N18: 8306 | O18: =_xlfn.IFERROR(取值!A123+N18,"") -> 80598 | P18: =_xlfn.IFERROR(N18/N17*100,"") -> 61.258205 | Q18: =_xlfn.IFERROR(O18/O17*100,"") -> 60.918793 | T18: =_xlfn.IFERROR(R18/R17*100,"") | U18: =_xlfn.IFERROR(S18/S17*100,"")
C19: 原料液化气 | D19: 0 | E19: =_xlfn.IFERROR(取值!A86+D19,"") -> 34449 | F19: =_xlfn.IFERROR(D19/D16*100,"") | G19: =_xlfn.IFERROR(E19/E16*100,"") -> 13.823559 | J19: =_xlfn.IFERROR(H19/H16*100,"") | K19: =_xlfn.IFERROR(I19/I16*100,"") | M19: 苯 | N19: 4064 | O19: =_xlfn.IFERROR(取值!A124+N19,"") -> 41528 | P19: =_xlfn.IFERROR(N19/N17*100,"") -> 29.972712 | Q19: =_xlfn.IFERROR(O19/O17*100,"") -> 31.388318 | T19: =_xlfn.IFERROR(R19/R17*100,"") | U19: =_xlfn.IFERROR(S19/S17*100,"")
C20: 2#渣油 | D20: 0 | E20: =_xlfn.IFERROR(取值!A87+D20,"") -> 6399 | F20: =_xlfn.IFERROR(D20/D16*100,"") | G20: =_xlfn.IFERROR(E20/E16*100,"") -> 2.5677655 | J20: =_xlfn.IFERROR(H20/H16*100,"") | K20: =_xlfn.IFERROR(I20/I16*100,"") | M20: 燃料气 | N20: 1117 | O20: =_xlfn.IFERROR(取值!A125+N20,"") -> 9622 | P20: =_xlfn.IFERROR(N20/N17*100,"") -> 8.2380707 | Q20: =_xlfn.IFERROR(O20/O17*100,"") -> 7.2726448 | T20: =_xlfn.IFERROR(R20/R17*100,"") | U20: =_xlfn.IFERROR(S20/S17*100,"")
C21: 干 气 | D21: 0 | E21: =_xlfn.IFERROR(取值!A88+D21,"") -> 7620 | F21: =_xlfn.IFERROR(D21/D16*100,"") | G21: =_xlfn.IFERROR(E21/E16*100,"") -> 3.0577236 | J21: =_xlfn.IFERROR(H21/H16*100,"") | K21: =_xlfn.IFERROR(I21/I16*100,"") | M21: 加工损失 | N21: =_xlfn.IFERROR(N17-N18-N19-N20,"") -> 72 | O21: =_xlfn.IFERROR(取值!A158+N21,"") -> 556 | P21: =_xlfn.IFERROR(100-P18-P19-P20,"") -> 0.53101261 | Q21: =_xlfn.IFERROR(100-Q18-Q19-Q20,"") -> 0.42024429 | R21: =_xlfn.IFERROR(R17-R18-R19-R20,"") -> 0 | S21: =_xlfn.IFERROR(S17-S18-S19-S20,"") -> 0 | T21: =_xlfn.IFERROR(100-T18-T19-T20,"") | U21: =_xlfn.IFERROR(100-U18-U19-U20,"")
C22: 生焦量 | D22: 0 | E22: =_xlfn.IFERROR(取值!A89+D22,"") -> 28156 | F22: =_xlfn.IFERROR(D22/D16*100,"") | G22: =_xlfn.IFERROR(E22/E16*100,"") -> 11.298329 | J22: =_xlfn.IFERROR(H22/H16*100,"") | K22: =_xlfn.IFERROR(I22/I16*100,"") | L22: 20万 DCC石脑油装置 | M22: 裂解石脑油 | N22: 0 | O22: =_xlfn.IFERROR(取值!A127+N22,"") -> 0
C23: 加工损失 | D23: =_xlfn.IFERROR(D16-D17-D18-D19-D20-D21-D22,"") -> 0 | E23: =_xlfn.IFERROR(取值!A146+D23,"") -> 1125 | F23: =_xlfn.IFERROR(100-F17-F18-F19-F20-F21-F22,"") | G23: =_xlfn.IFERROR(100-G17-G18-G19-G20-G21-G22,"") -> 0.45143557 | H23: =_xlfn.IFERROR(H16-H17-H18-H19-H20-H21-H22,"") -> 0 | I23: =_xlfn.IFERROR(I16-I17-I18-I19-I20-I21-I22,"") -> 0 | J23: =_xlfn.IFERROR(100-J17-J18-J19-J20-J21-J22,"") | K23: =_xlfn.IFERROR(100-K17-K18-K19-K20-K21-K22,"") | M23: 氢气处理量 | N23: 0 | O23: =_xlfn.IFERROR(取值!A128+N23,"") -> 0
B24: 180万 吨 催 化 装 置 | C24: 催化加工 | D24: 129635 | E24: =_xlfn.IFERROR(取值!A91+D24,"") -> 1471946 | M24: 脱戊烷油 | N24: 0 | O24: =_xlfn.IFERROR(取值!A129+N24,"") -> 0 | P24: =_xlfn.IFERROR(N24/(N22+N23)*100,"") | Q24: =_xlfn.IFERROR(O24/(O22+O23)*100,"") | T24: =_xlfn.IFERROR(S24/(S22+S23)*100,"") | U24: =_xlfn.IFERROR(S24/(S22+S23)*100,"")
C25: 催化汽油 | D25: 69784 | E25: =_xlfn.IFERROR(取值!A92+D25,"") -> 725290 | F25: =_xlfn.IFERROR(D25/D24*100,"") -> 53.831141 | G25: =_xlfn.IFERROR(E25/E24*100,"") -> 49.274226 | J25: =_xlfn.IFERROR(H25/H24*100,"") | K25: =_xlfn.IFERROR(I25/I24*100,"") | M25: C5 | N25: 0 | O25: =_xlfn.IFERROR(取值!A130+N25,"") -> 0 | P25: =_xlfn.IFERROR(N25/(N23+N22)*100,"") | Q25: =_xlfn.IFERROR(O25/(O22+O23)*100,"") | T25: =_xlfn.IFERROR(S25/(S23+S22)*100,"") | U25: =_xlfn.IFERROR(S25/(S22+S23)*100,"")
C26: 催化柴油 | D26: 24870 | E26: =_xlfn.IFERROR(取值!A93+D26,"") -> 334125 | F26: =_xlfn.IFERROR(D26/D24*100,"") -> 19.184634 | G26: =_xlfn.IFERROR(E26/E24*100,"") -> 22.699542 | J26: =_xlfn.IFERROR(H26/H24*100,"") | K26: =_xlfn.IFERROR(I26/I24*100,"") | M26: 气体产量 | N26: 0 | O26: =_xlfn.IFERROR(取值!A131+N26,"") -> 0 | P26: =_xlfn.IFERROR(N26/(N23+N22)*100,"") | Q26: =_xlfn.IFERROR(O26/(O22+O23)*100,"") | T26: =_xlfn.IFERROR(S26/(S22+S23)*100,"") | U26: =_xlfn.IFERROR(S26/(S22+S23)*100,"")
C27: 原料液化气 | D27: 16092 | E27: =_xlfn.IFERROR(取值!A94+D27,"") -> 192327 | F27: =_xlfn.IFERROR(D27/D24*100,"") -> 12.413314 | G27: =_xlfn.IFERROR(E27/E24*100,"") -> 13.066172 | J27: =_xlfn.IFERROR(H27/H24*100,"") | K27: =_xlfn.IFERROR(I27/I24*100,"") | M27: 加工损失 | N27: =_xlfn.IFERROR(N22+N23-N24-N25-N26,"") -> 0 | O27: =_xlfn.IFERROR(取值!A161+N27,"") -> 0 | P27: =_xlfn.IFERROR(100-P24-P25-P26,"") | Q27: =_xlfn.IFERROR(100-Q24-Q25-Q26,"") | R27: =_xlfn.IFERROR(R22+R23-R24-R25-R26,"") -> 0 | S27: =_xlfn.IFERROR(S22+S23-S24-S25-S26,"") -> 0 | T27: =_xlfn.IFERROR(100-T24-T25-T26,"") | U27: =_xlfn.IFERROR(100-U24-U25-U26,"")
C28: 2#渣油 | D28: 3972 | E28: =_xlfn.IFERROR(取值!A95+D28,"") -> 48950 | F28: =_xlfn.IFERROR(D28/D24*100,"") -> 3.0639873 | G28: =_xlfn.IFERROR(E28/E24*100,"") -> 3.3255296 | J28: =_xlfn.IFERROR(H28/H24*100,"") | K28: =_xlfn.IFERROR(I28/I24*100,"") | L28: 30万吨/年航煤装置 | M28: 处理量 | N28: 29173 | O28: =_xlfn.IFERROR(取值!A133+N28,"") -> 281248
C29: 干 气 | D29: 3024 | E29: =_xlfn.IFERROR(取值!A96+D29,"") -> 34330 | F29: =_xlfn.IFERROR(D29/D24*100,"") -> 2.3327034 | G29: =_xlfn.IFERROR(E29/E24*100,"") -> 2.3322866 | J29: =_xlfn.IFERROR(H29/H24*100,"") | K29: =_xlfn.IFERROR(I29/I24*100,"") | M29: 氢气处理量 | N29: 62 | O29: =_xlfn.IFERROR(取值!A134+N29,"") -> 630
C30: 生焦量 | D30: 10911 | E30: =_xlfn.IFERROR(取值!A97+D30,"") -> 129776 | F30: =_xlfn.IFERROR(D30/D24*100,"") -> 8.4167085 | G30: =_xlfn.IFERROR(E30/E24*100,"") -> 8.8166278 | J30: =_xlfn.IFERROR(H30/H24*100,"") | K30: =_xlfn.IFERROR(I30/I24*100,"") | M30: 3#喷气燃料 | N30: 28268 | O30: =_xlfn.IFERROR(取值!A135+N30,"") -> 272723 | P30: =_xlfn.IFERROR(N30/(N28+N29)*100,"") -> 96.692321 | Q30: =_xlfn.IFERROR(O30/(O28+O29)*100,"") -> 96.752141 | T30: =_xlfn.IFERROR(R30/(R28+R29)*100,"") | U30: =_xlfn.IFERROR(S30/(S28+S29)*100,"")
C31: 加工损失 | D31: =_xlfn.IFERROR(D24-D25-D26-D27-D28-D29-D30,"") -> 982 | E31: =_xlfn.IFERROR(取值!A140+D31,"") -> 7148 | F31: =_xlfn.IFERROR(100-F25-F26-F27-F28-F29-F30,"") -> 0.75751147 | G31: =_xlfn.IFERROR(100-G25-G26-G27-G28-G29-G30,"") -> 0.48561564 | H31: =_xlfn.IFERROR(H24-H25-H26-H27-H28-H29-H30,"") -> 0 | I31: =_xlfn.IFERROR(I24-I25-I26-I27-I28-I29-I30,"") -> 0 | J31: =_xlfn.IFERROR(100-J25-J26-J27-J28-J29-J30,"") | K31: =_xlfn.IFERROR(100-K25-K26-K27-K28-K29-K30,"") | M31: 航煤石脑油Ⅱ | N31: 575 | O31: =_xlfn.IFERROR(取值!A136+N31,"") -> 4382 | P31: =_xlfn.IFERROR(N31/(N29+N28)*100,"") -> 1.9668206 | Q31: =_xlfn.IFERROR(O31/(O28+O68)*100,"") -> 1.5580555 | T31: =_xlfn.IFERROR(R31/(R28+R29)*100,"") | U31: =_xlfn.IFERROR(S31/(S28+S29)*100,"")
B32: 200万 柴 油 加 氢 装 置 | C32: 混合柴油处理量 | D32: 172170 | E32: =_xlfn.IFERROR(取值!A99+D32,"") -> 1899817 | M32: 气体产量 | N32: 123 | O32: =_xlfn.IFERROR(取值!A137+N32,"") -> 2255 | P32: =_xlfn.IFERROR(N32/(N28+N29)*100,"") -> 0.42072858 | Q32: =_xlfn.IFERROR(O32/(O28+O29)*100,"") -> 0.79999149 | T32: =_xlfn.IFERROR(R32/(R28+R29)*100,"") | U32: =_xlfn.IFERROR(S32/(S28+S29)*100,"")
C33: 氢气处理量 | D33: 1314 | E33: =_xlfn.IFERROR(取值!A100+D33,"") -> 10633 | M33: 加工损失 | N33: =_xlfn.IFERROR(N28+N29-N30-N31-N32,"") -> 269 | O33: =_xlfn.IFERROR(取值!A164+N33,"") -> 2518 | P33: =_xlfn.IFERROR(100-P32-P31-P30,"") -> 0.92012998 | Q33: =_xlfn.IFERROR(100-Q32-Q31-Q30,"") -> 0.88981199 | R33: =_xlfn.IFERROR(R28+R29-R30-R31-R32,"") -> 0 | S33: =_xlfn.IFERROR(S28+S29-S30-S31-S32,"") -> 0 | T33: =_xlfn.IFERROR(R33/(R28+R29)*100,"") | U33: =_xlfn.IFERROR(S33/(S28+S29)*100,"")
C34: 精制柴油 | D34: 142188 | E34: =_xlfn.IFERROR(取值!A101+D34,"") -> 1674381 | F34: =_xlfn.IFERROR(D34/(D32+D33)*100,"") -> 81.960296 | G34: =_xlfn.IFERROR(E34/(E32+E33)*100,"") -> 87.643278 | J34: =_xlfn.IFERROR(H34/(H32+H33)*100,"") | K34: =_xlfn.IFERROR(I34/(I32+I33)*100,"") | L34: 220万吨常压装置 | M34: 原油 | N34: 122294 | O34: =_xlfn.IFERROR(取值!A184+N34,"") -> 1082894
C35: 石脑油Ⅰ | D35: 22862 | E35: =_xlfn.IFERROR(取值!A102+D35,"") -> 153080 | F35: =_xlfn.IFERROR(D35/(D33+D32)*100,"") -> 13.178161 | G35: =_xlfn.IFERROR(E35/(E33+E32)*100,"") -> 8.0127719 | J35: =_xlfn.IFERROR(H35/(H33+H32)*100,"") | K35: =_xlfn.IFERROR(I35/(I33+I32)*100,"") | M35: 石脑油 | N35: 29947 | O35: =_xlfn.IFERROR(取值!A185+N35,"") -> 272429 | P35: =_xlfn.IFERROR(N35/N34*100,"") -> 24.48771 | Q35: =_xlfn.IFERROR(O35/O34*100,"") -> 25.157495
C36: 原料液化气 | D36: 0 | E36: =_xlfn.IFERROR(取值!A103+D36,"") -> 0 | F36: =_xlfn.IFERROR(D36/(D32+D33)*100,"") -> 0 | G36: =_xlfn.IFERROR(E36/(E32+E33)*100,"") -> 0 | J36: =_xlfn.IFERROR(H36/(H32+H33)*100,"") | K36: =_xlfn.IFERROR(I36/(I32+I33)*100,"") | M36: 柴油 | N36: 50168 | O36: =_xlfn.IFERROR(取值!A186+N36,"") -> 426627 | P36: =_xlfn.IFERROR(N36/N34*100,"") -> 41.022454 | Q36: =_xlfn.IFERROR(O36/O34*100,"") -> 39.396931
C37: 加氢粗气油 | D37: 7258 | E37: =_xlfn.IFERROR(取值!A104+D37,"") -> 68318 | F37: =_xlfn.IFERROR(D37/(D32+D33)*100,"") -> 4.1836711 | G37: =_xlfn.IFERROR(E37/(E32+E33)*100,"") -> 3.5760161 | J37: =_xlfn.IFERROR(H37/(H32+H33)*100,"") | K37: =_xlfn.IFERROR(I37/(I32+I33)*100,"") | M37: 常压渣油 | N37: 41240 | O37: =_xlfn.IFERROR(取值!A187+N37,"") -> 376812 | P37: =_xlfn.IFERROR(N37/N34*100,"") -> 33.722014 | Q37: =_xlfn.IFERROR(O37/O34*100,"") -> 34.796758
C38: 燃料气 | D38: 255 | E38: =_xlfn.IFERROR(取值!A105+D38,"") -> 6471 | F38: =_xlfn.IFERROR(D38/(D33+D32)*100,"") -> 0.14698762 | G38: =_xlfn.IFERROR(E38/(E33+E32)*100,"") -> 0.33871601 | J38: =_xlfn.IFERROR(H38/(H33+H32)*100,"") | K38: =_xlfn.IFERROR(I38/(I33+I32)*100,"") | M38: 腊油 | N38: 0 | O38: =_xlfn.IFERROR(取值!A188+N38,"") -> 0 | P38: =_xlfn.IFERROR(N38/N34*100,"") -> 0 | Q38: =_xlfn.IFERROR(O38/O34*100,"") -> 0
C39: 加工损失 | D39: =_xlfn.IFERROR(D32+D33-D34-D35-D36-D37-D38,"") -> 921 | E39: =_xlfn.IFERROR(取值!A149+D39,"") -> 8200 | F39: =_xlfn.IFERROR(100-F34-F35-F36-F37-F38,"") -> 0.53088469 | G39: =_xlfn.IFERROR(100-G34-G35-G36-G37-G38,"") -> 0.42921825 | H39: =_xlfn.IFERROR(H32+H33-H34-H35-H36-H37-H38,"") -> 0 | I39: =_xlfn.IFERROR(I32+I33-I34-I35-I36-I37-I38,"") -> 0 | J39: =_xlfn.IFERROR(100-J34-J35-J36-J37-J38,"") | K39: =_xlfn.IFERROR(100-K34-K35-K36-K37-K38,"") | M39: 减二线油 | N39: 0 | O39: =_xlfn.IFERROR(取值!A189+N39,"") -> 0 | P39: =_xlfn.IFERROR(N39/N34*100,"") -> 0 | Q39: =_xlfn.IFERROR(O39/O34*100,"") -> 0
B40: 90万吨汽油精制 | C40: 催化汽油 | D40: 70525 | E40: =_xlfn.IFERROR(取值!A107+D40,"") -> 840052 | M40: 减压渣油 | N40: 0 | O40: =_xlfn.IFERROR(取值!A190+N40,"") -> 0 | P40: =_xlfn.IFERROR(N40/N34*100,"") -> 0 | Q40: =_xlfn.IFERROR(O40/O34*100,"") -> 0
C41: 氢气 | D41: 0 | E41: =_xlfn.IFERROR(取值!A108+D41,"") -> 0 | M41: 燃料气 | N41: 235 | O41: =_xlfn.IFERROR(取值!A191+N41,"") -> 1716 | P41: =_xlfn.IFERROR(N41/N34*100,"") -> 0.19215988 | Q41: =_xlfn.IFERROR(O41/O34*100,"") -> 0.15846426
C42: 精制汽油 | D42: 61999 | E42: =_xlfn.IFERROR(取值!A109+D42,"") -> 756695 | F42: =_xlfn.IFERROR(D42/(D40+D41)*100,"") -> 87.91067 | G42: =_xlfn.IFERROR(E42/(E40+E41)*100,"") -> 90.077162 | J42: =_xlfn.IFERROR(H42/(H40+H41)*100,"") | K42: =_xlfn.IFERROR(I42/(I40+I41)*100,"") | M42: 加工损失 | N42: =_xlfn.IFERROR(N34-N35-N36-N37-N38-N39-N40-N41,"") -> 704 | O42: =_xlfn.IFERROR(O34-O35-O36-O37-O38-O39-O40-O41,"") -> 5310 | P42: =_xlfn.IFERROR(N42/N34*100,"") -> 0.57566193 | Q42: =_xlfn.IFERROR(O42/O34*100,"") -> 0.4903527
C43: 轻烃液 | D43: 8072 | E43: =_xlfn.IFERROR(取值!A110+D43,"") -> 76819 | F43: =_xlfn.IFERROR(D43/(D41+D40)*100,"") -> 11.445587 | G43: =_xlfn.IFERROR(E43/(E41+E40)*100,"") -> 9.144553 | J43: =_xlfn.IFERROR(H43/(H41+H40),"") | K43: =_xlfn.IFERROR(I43/(I41+I40),"")
C44: 轻烃气 | D44: 153 | E44: =_xlfn.IFERROR(取值!A111+D44,"") -> 3016 | F44: =_xlfn.IFERROR(D44/(D40+D41)*100,"") -> 0.21694435 | G44: =_xlfn.IFERROR(E44/(E40+E41)*100,"") -> 0.35902539 | J44: =_xlfn.IFERROR(H44/(H40+H41)*100,"") | K44: =_xlfn.IFERROR(I44/(I40+I41)*100,"")
C45: 加工损失 | D45: =_xlfn.IFERROR(D40+D41-D42-D43-D44,"") -> 301 | E45: =_xlfn.IFERROR(取值!A152+D45,"") -> 3522 | F45: =_xlfn.IFERROR(100-F42-F43-F44,"") -> 0.42679901 | G45: =_xlfn.IFERROR(100-G42-G43-G44,"") -> 0.41925976 | H45: =_xlfn.IFERROR(H40+H41-H42-H43-H44,"") -> 0 | I45: =_xlfn.IFERROR(I40+I41-I42-I43-I44,"") -> 0 | J45: =_xlfn.IFERROR(100-J42-J43-J44,"") | K45: =_xlfn.IFERROR(100-K42-K43-K44,"")
D46: 单位负责人： | E46: 0 | K46: 统计负责人： | L46: 0 | R46: 填报人： | S46: 0

Sheet 公式
A1: 公式类型 | C1: 数据源 | E1: 取值 | G1: 计量点名称 | I1: 取值条件
A2: 产量部分
A3: 500万常压
A4: #SQL | B4: (" | C4: Yul_PM_ALL_ByMonth | D4: "," | E4: VALUE | F4: ",":where{NAME= | G4: 榆炼_生产_联合一车间_500万吨/年常压装置_进_原油 | H4: }") | I4: =A4&B4&C4&D4&E4&F4&G4&H4 -> #SQL("Yul_PM_ALL_ByMonth","VALUE",":where{NAME=榆炼_生产_联合一车间_500万吨/年常压装置_进_原油}")
A5: #SQL | B5: (" | C5: Yul_PM_ALL_ByMonth | D5: "," | E5: VALUE | F5: ",":where{NAME= | G5: 榆炼_生产_联合一车间_500万吨/年常压装置_出_石脑油（常压） | H5: }") | I5: =A5&B5&C5&D5&E5&F5&G5&H5 -> #SQL("Yul_PM_ALL_ByMonth","VALUE",":where{NAME=榆炼_生产_联合一车间_500万吨/年常压装置_出_石脑油（常压）}")
A6: #SQL | B6: (" | C6: Yul_PM_ALL_ByMonth | D6: "," | E6: VALUE | F6: ",":where{NAME= | G6: 榆炼_生产_联合一车间_500万吨/年常压装置_出_终止剂 | H6: }") | I6: =A6&B6&C6&D6&E6&F6&G6&H6 -> #SQL("Yul_PM_ALL_ByMonth","VALUE",":where{NAME=榆炼_生产_联合一车间_500万吨/年常压装置_出_终止剂}")
A7: #SQL | B7: (" | C7: Yul_PM_ALL_ByMonth | D7: "," | E7: VALUE | F7: ",":where{NAME= | G7: 榆炼_生产_联合一车间_500万吨/年常压装置_出_常三线柴油 | H7: }") | I7: =A7&B7&C7&D7&E7&F7&G7&H7 -> #SQL("Yul_PM_ALL_ByMonth","VALUE",":where{NAME=榆炼_生产_联合一车间_500万吨/年常压装置_出_常三线柴油}")
A8: #SQL | B8: (" | C8: Yul_PM_ALL_ByMonth | D8: "," | E8: VALUE | F8: ",":where{NAME= | G8: 榆炼_生产_联合一车间_500万吨/年常压装置_出_混合柴油 | H8: }") | I8: =A8&B8&C8&D8&E8&F8&G8&H8 -> #SQL("Yul_PM_ALL_ByMonth","VALUE",":where{NAME=榆炼_生产_联合一车间_500万吨/年常压装置_出_混合柴油}")
A9: #SQL | B9: (" | C9: Yul_PM_ALL_ByMonth | D9: "," | E9: VALUE | F9: ",":where{NAME= | G9: 榆炼_生产_联合一车间_500万吨/年常压装置_出_常三线单出产量 | H9: }") | I9: =A9&B9&C9&D9&E9&F9&G9&H9 -> #SQL("Yul_PM_ALL_ByMonth","VALUE",":where{NAME=榆炼_生产_联合一车间_500万吨/年常压装置_出_常三线单出产量}")
A10: #SQL | B10: (" | C10: Yul_PM_ALL_ByMonth | D10: "," | E10: VALUE | F10: ",":where{NAME= | G10: 榆炼_生产_联合一车间_500万吨/年常压装置_出_饱和液化气 | H10: }") | I10: =A10&B10&C10&D10&E10&F10&G10&H10 -> #SQL("Yul_PM_ALL_ByMonth","VALUE",":where{NAME=榆炼_生产_联合一车间_500万吨/年常压装置_出_饱和液化气}")
A11: #SQL | B11: (" | C11: Yul_PM_ALL_ByMonth | D11: "," | E11: VALUE | F11: ",":where{NAME= | G11: 榆炼_生产_联合一车间_500万吨/年常压装置_出_1#渣油 （常压） | H11: }") | I11: =A11&B11&C11&D11&E11&F11&G11&H11 -> #SQL("Yul_PM_ALL_ByMonth","VALUE",":where{NAME=榆炼_生产_联合一车间_500万吨/年常压装置_出_1#渣油 （常压）}")
A12: #SQL | B12: (" | C12: Yul_PM_ALL_ByMonth | D12: "," | E12: VALUE | F12: ",":where{NAME= | G12: 榆炼_生产_联合一车间_500万吨/年常压装置_出_压缩富气 | H12: }") | I12: =A12&B12&C12&D12&E12&F12&G12&H12 -> #SQL("Yul_PM_ALL_ByMonth","VALUE",":where{NAME=榆炼_生产_联合一车间_500万吨/年常压装置_出_压缩富气}")
A13: 60万催化
A14: #SQL | B14: (" | C14: Yul_PM_ALL_ByMonth | D14: "," | E14: VALUE | F14: ",":where{NAME= | G14: 榆炼_生产_联合二车间_60万吨/年催化装置_进_渣油 | H14: }") | I14: =A14&B14&C14&D14&E14&F14&G14&H14 -> #SQL("Yul_PM_ALL_ByMonth","VALUE",":where{NAME=榆炼_生产_联合二车间_60万吨/年催化装置_进_渣油}")
A15: #SQL | B15: (" | C15: Yul_PM_ALL_ByMonth | D15: "," | E15: VALUE | F15: ",":where{NAME= | G15: 榆炼_生产_联合二车间_60万吨/年催化装置_出_汽油 | H15: }") | I15: =A15&B15&C15&D15&E15&F15&G15&H15 -> #SQL("Yul_PM_ALL_ByMonth","VALUE",":where{NAME=榆炼_生产_联合二车间_60万吨/年催化装置_出_汽油}")
A16: #SQL | B16: (" | C16: Yul_PM_ALL_ByMonth | D16: "," | E16: VALUE | F16: ",":where{NAME= | G16: 榆炼_生产_联合二车间_60万吨/年催化装置_出_柴油 | H16: }") | I16: =A16&B16&C16&D16&E16&F16&G16&H16 -> #SQL("Yul_PM_ALL_ByMonth","VALUE",":where{NAME=榆炼_生产_联合二车间_60万吨/年催化装置_出_柴油}")
A17: #SQL | B17: (" | C17: Yul_PM_ALL_ByMonth | D17: "," | E17: VALUE | F17: ",":where{NAME= | G17: 榆炼_生产_联合二车间_60万吨/年催化装置_出_液化气 | H17: }") | I17: =A17&B17&C17&D17&E17&F17&G17&H17 -> #SQL("Yul_PM_ALL_ByMonth","VALUE",":where{NAME=榆炼_生产_联合二车间_60万吨/年催化装置_出_液化气}")
A18: #SQL | B18: (" | C18: Yul_PM_ALL_ByMonth | D18: "," | E18: VALUE | F18: ",":where{NAME= | G18: 榆炼_生产_联合二车间_60万吨/年催化装置_出_油浆 | H18: }") | I18: =A18&B18&C18&D18&E18&F18&G18&H18 -> #SQL("Yul_PM_ALL_ByMonth","VALUE",":where{NAME=榆炼_生产_联合二车间_60万吨/年催化装置_出_油浆}")
A19: #SQL | B19: (" | C19: Yul_PM_ALL_ByMonth | D19: "," | E19: VALUE | F19: ",":where{NAME= | G19: 榆炼_生产_联合二车间_60万吨/年催化装置_出_干气 | H19: }") | I19: =A19&B19&C19&D19&E19&F19&G19&H19 -> #SQL("Yul_PM_ALL_ByMonth","VALUE",":where{NAME=榆炼_生产_联合二车间_60万吨/年催化装置_出_干气}")
A20: #SQL | B20: (" | C20: Yul_PM_ALL_ByMonth | D20: "," | E20: VALUE | F20: ",":where{NAME= | G20: 榆炼_生产_联合二车间_60万吨/年催化装置_出_生焦 | H20: }") | I20: =A20&B20&C20&D20&E20&F20&G20&H20 -> #SQL("Yul_PM_ALL_ByMonth","VALUE",":where{NAME=榆炼_生产_联合二车间_60万吨/年催化装置_出_生焦}")
A21: #SQL | B21: (" | C21: Yul_PM_ALL_ByMonth | D21: "," | E21: VALUE | F21: ",":where{NAME= | H21: }") | I21: =A21&B21&C21&D21&E21&F21&G21&H21 -> #SQL("Yul_PM_ALL_ByMonth","VALUE",":where{NAME=}")
A22: 180催化
A23: #SQL | B23: (" | C23: Yul_PM_ALL_ByMonth | D23: "," | E23: VALUE | F23: ",":where{NAME= | G23: 榆炼_生产_联合二车间_180万吨/年催化装置_进_常压渣油 | H23: }") | I23: =A23&B23&C23&D23&E23&F23&G23&H23 -> #SQL("Yul_PM_ALL_ByMonth","VALUE",":where{NAME=榆炼_生产_联合二车间_180万吨/年催化装置_进_常压渣油}")
A24: #SQL | B24: (" | C24: Yul_PM_ALL_ByMonth | D24: "," | E24: VALUE | F24: ",":where{NAME= | G24: 榆炼_生产_联合二车间_180万吨/年催化装置_出_催化汽油 | H24: }") | I24: =A24&B24&C24&D24&E24&F24&G24&H24 -> #SQL("Yul_PM_ALL_ByMonth","VALUE",":where{NAME=榆炼_生产_联合二车间_180万吨/年催化装置_出_催化汽油}")
A25: #SQL | B25: (" | C25: Yul_PM_ALL_ByMonth | D25: "," | E25: VALUE | F25: ",":where{NAME= | G25: 榆炼_生产_联合二车间_180万吨/年催化装置_出_催化柴油 | H25: }") | I25: =A25&B25&C25&D25&E25&F25&G25&H25 -> #SQL("Yul_PM_ALL_ByMonth","VALUE",":where{NAME=榆炼_生产_联合二车间_180万吨/年催化装置_出_催化柴油}")
A26: #SQL | B26: (" | C26: Yul_PM_ALL_ByMonth | D26: "," | E26: VALUE | F26: ",":where{NAME= | G26: 榆炼_生产_联合二车间_180万吨/年催化装置_出_原料液化气 | H26: }") | I26: =A26&B26&C26&D26&E26&F26&G26&H26 -> #SQL("Yul_PM_ALL_ByMonth","VALUE",":where{NAME=榆炼_生产_联合二车间_180万吨/年催化装置_出_原料液化气}")
A27: #SQL | B27: (" | C27: Yul_PM_ALL_ByMonth | D27: "," | E27: VALUE | F27: ",":where{NAME= | G27: 榆炼_生产_联合二车间_180万吨/年催化装置_出_2#渣油(催化渣油、催化澄清油、油浆、罐区回炼油浆） | H27: }") | I27: =A27&B27&C27&D27&E27&F27&G27&H27 -> #SQL("Yul_PM_ALL_ByMonth","VALUE",":where{NAME=榆炼_生产_联合二车间_180万吨/年催化装置_出_2#渣油(催化渣油、催化澄清油、油浆、罐区回炼油浆）}")
A28: #SQL | B28: (" | C28: Yul_PM_ALL_ByMonth | D28: "," | E28: VALUE | F28: ",":where{NAME= | G28: 榆炼_生产_联合二车间_180万吨/年催化装置_出_干气 | H28: }") | I28: =A28&B28&C28&D28&E28&F28&G28&H28 -> #SQL("Yul_PM_ALL_ByMonth","VALUE",":where{NAME=榆炼_生产_联合二车间_180万吨/年催化装置_出_干气}")
A29: #SQL | B29: (" | C29: Yul_PM_ALL_ByMonth | D29: "," | E29: VALUE | F29: ",":where{NAME= | G29: 榆炼_生产_联合二车间_180万吨/年催化装置_出_生焦 | H29: }") | I29: =A29&B29&C29&D29&E29&F29&G29&H29 -> #SQL("Yul_PM_ALL_ByMonth","VALUE",":where{NAME=榆炼_生产_联合二车间_180万吨/年催化装置_出_生焦}")
A30: #SQL | B30: (" | C30: Yul_PM_ALL_ByMonth | D30: "," | E30: VALUE | F30: ",":where{NAME= | H30: }") | I30: =A30&B30&C30&D30&E30&F30&G30&H30 -> #SQL("Yul_PM_ALL_ByMonth","VALUE",":where{NAME=}")
A31: 200万柴油加氢
A32: #SQL | B32: (" | C32: Yul_PM_ALL_ByMonth | D32: "," | E32: VALUE | F32: ",":where{NAME= | G32: 榆炼_生产_联合四车间_200万吨/年柴油精制装置_进_加氢加工量 | H32: }") | I32: =A32&B32&C32&D32&E32&F32&G32&H32 -> #SQL("Yul_PM_ALL_ByMonth","VALUE",":where{NAME=榆炼_生产_联合四车间_200万吨/年柴油精制装置_进_加氢加工量}")
A33: #SQL | B33: (" | C33: Yul_PM_ALL_ByMonth | D33: "," | E33: VALUE | F33: ",":where{NAME= | G33: 榆炼_生产_联合四车间_200万吨/年柴油精制装置_进_氢气 | H33: }") | I33: =A33&B33&C33&D33&E33&F33&G33&H33 -> #SQL("Yul_PM_ALL_ByMonth","VALUE",":where{NAME=榆炼_生产_联合四车间_200万吨/年柴油精制装置_进_氢气}")
A34: #SQL | B34: (" | C34: Yul_PM_ALL_ByMonth | D34: "," | E34: VALUE | F34: ",":where{NAME= | G34: 榆炼_生产_联合四车间_200万吨/年柴油精制装置_出_精制柴油 | H34: }") | I34: =A34&B34&C34&D34&E34&F34&G34&H34 -> #SQL("Yul_PM_ALL_ByMonth","VALUE",":where{NAME=榆炼_生产_联合四车间_200万吨/年柴油精制装置_出_精制柴油}")
A35: #SQL | B35: (" | C35: Yul_PM_ALL_ByMonth | D35: "," | E35: VALUE | F35: ",":where{NAME= | G35: 榆炼_生产_联合四车间_200万吨/年柴油精制装置_出_石脑油Ⅱ (拨头油、重整轻汽油、轻石脑油、重整轻石脑油) | H35: }") | I35: =A35&B35&C35&D35&E35&F35&G35&H35 -> #SQL("Yul_PM_ALL_ByMonth","VALUE",":where{NAME=榆炼_生产_联合四车间_200万吨/年柴油精制装置_出_石脑油Ⅱ (拨头油、重整轻汽油、轻石脑油、重整轻石脑油)}")
A36: #SQL | B36: (" | C36: Yul_PM_ALL_ByMonth | D36: "," | E36: VALUE | F36: ",":where{NAME= | G36: 榆炼_生产_联合四车间_200万吨/年柴油精制装置_出_轻烃气 | H36: }") | I36: =A36&B36&C36&D36&E36&F36&G36&H36 -> #SQL("Yul_PM_ALL_ByMonth","VALUE",":where{NAME=榆炼_生产_联合四车间_200万吨/年柴油精制装置_出_轻烃气}")
A37: #SQL | B37: (" | C37: Yul_PM_ALL_ByMonth | D37: "," | E37: VALUE | F37: ",":where{NAME= | G37: 榆炼_生产_联合四车间_200万吨/年柴油精制装置_出_轻烃液 | H37: }") | I37: =A37&B37&C37&D37&E37&F37&G37&H37 -> #SQL("Yul_PM_ALL_ByMonth","VALUE",":where{NAME=榆炼_生产_联合四车间_200万吨/年柴油精制装置_出_轻烃液}")
A38: #SQL | B38: (" | C38: Yul_PM_ALL_ByMonth | D38: "," | E38: VALUE | F38: ",":where{NAME= | G38: 榆炼_生产_联合四车间_200万吨/年柴油精制装置_出_低分气 | H38: }") | I38: =A38&B38&C38&D38&E38&F38&G38&H38 -> #SQL("Yul_PM_ALL_ByMonth","VALUE",":where{NAME=榆炼_生产_联合四车间_200万吨/年柴油精制装置_出_低分气}")
A39: 90万汽油精制
A40: #SQL | B40: (" | C40: Yul_PM_ALL_ByMonth | D40: "," | E40: VALUE | F40: ",":where{NAME= | G40: 榆炼_生产_联合四车间_90万吨/年汽油加氢装置_进_催化汽油 | H40: }") | I40: =A40&B40&C40&D40&E40&F40&G40&H40 -> #SQL("Yul_PM_ALL_ByMonth","VALUE",":where{NAME=榆炼_生产_联合四车间_90万吨/年汽油加氢装置_进_催化汽油}")
A41: #SQL | B41: (" | C41: Yul_PM_ALL_ByMonth | D41: "," | E41: VALUE | F41: ",":where{NAME= | G41: 榆炼_生产_联合四车间_90万吨/年汽油加氢装置_进_氢气 | H41: }") | I41: =A41&B41&C41&D41&E41&F41&G41&H41 -> #SQL("Yul_PM_ALL_ByMonth","VALUE",":where{NAME=榆炼_生产_联合四车间_90万吨/年汽油加氢装置_进_氢气}")
A42: #SQL | B42: (" | C42: Yul_PM_ALL_ByMonth | D42: "," | E42: VALUE | F42: ",":where{NAME= | G42: 榆炼_生产_联合四车间_90万吨/年汽油加氢装置_出_精制汽油 | H42: }") | I42: =A42&B42&C42&D42&E42&F42&G42&H42 -> #SQL("Yul_PM_ALL_ByMonth","VALUE",":where{NAME=榆炼_生产_联合四车间_90万吨/年汽油加氢装置_出_精制汽油}")
A43: #SQL | B43: (" | C43: Yul_PM_ALL_ByMonth | D43: "," | E43: VALUE | F43: ",":where{NAME= | G43: 榆炼_生产_联合四车间_90万吨/年汽油加氢装置_出_轻烃 | H43: }") | I43: =A43&B43&C43&D43&E43&F43&G43&H43 -> #SQL("Yul_PM_ALL_ByMonth","VALUE",":where{NAME=榆炼_生产_联合四车间_90万吨/年汽油加氢装置_出_轻烃}")
A44: #SQL | B44: (" | C44: Yul_PM_ALL_ByMonth | D44: "," | E44: VALUE | F44: ",":where{NAME= | G44: 榆炼_生产_联合四车间_90万吨/年汽油加氢装置_出_酸性气 | H44: }") | I44: =A44&B44&C44&D44&E44&F44&G44&H44 -> #SQL("Yul_PM_ALL_ByMonth","VALUE",":where{NAME=榆炼_生产_联合四车间_90万吨/年汽油加氢装置_出_酸性气}")
A45: 100万重整
A46: #SQL | B46: (" | C46: Yul_PM_ALL_ByMonth | D46: "," | E46: VALUE | F46: ",":where{NAME= | G46: 榆炼_生产_联合三车间_100万吨/年连续重整装置_进_重整加工量 | H46: }") | I46: =A46&B46&C46&D46&E46&F46&G46&H46 -> #SQL("Yul_PM_ALL_ByMonth","VALUE",":where{NAME=榆炼_生产_联合三车间_100万吨/年连续重整装置_进_重整加工量}")
A47: #SQL | B47: (" | C47: Yul_PM_ALL_ByMonth | D47: "," | E47: VALUE | F47: ",":where{NAME= | G47: 榆炼_生产_联合三车间_100万吨/年连续重整装置_出_重整汽油 | H47: }") | I47: =A47&B47&C47&D47&E47&F47&G47&H47 -> #SQL("Yul_PM_ALL_ByMonth","VALUE",":where{NAME=榆炼_生产_联合三车间_100万吨/年连续重整装置_出_重整汽油}")
A48: #SQL | B48: (" | C48: Yul_PM_ALL_ByMonth | D48: "," | E48: VALUE | F48: ",":where{NAME= | G48: 榆炼_生产_联合三车间_100万吨/年连续重整装置_进_二甲苯塔底油 | H48: }") | I48: =A48&B48&C48&D48&E48&F48&G48&H48 -> #SQL("Yul_PM_ALL_ByMonth","VALUE",":where{NAME=榆炼_生产_联合三车间_100万吨/年连续重整装置_进_二甲苯塔底油}")
A49: #SQL | B49: (" | C49: Yul_PM_ALL_ByMonth | D49: "," | E49: VALUE | F49: ",":where{NAME= | G49: 榆炼_生产_联合三车间_100万吨/年连续重整装置_出_C6馏分油 | H49: }") | I49: =A49&B49&C49&D49&E49&F49&G49&H49 -> #SQL("Yul_PM_ALL_ByMonth","VALUE",":where{NAME=榆炼_生产_联合三车间_100万吨/年连续重整装置_出_C6馏分油}")
A50: #SQL | B50: (" | C50: Yul_PM_ALL_ByMonth | D50: "," | E50: VALUE | F50: ",":where{NAME= | G50: 榆炼_生产_联合三车间_100万吨/年连续重整装置_出_原料液化气 | H50: }") | I50: =A50&B50&C50&D50&E50&F50&G50&H50 -> #SQL("Yul_PM_ALL_ByMonth","VALUE",":where{NAME=榆炼_生产_联合三车间_100万吨/年连续重整装置_出_原料液化气}")
A51: #SQL | B51: (" | C51: Yul_PM_ALL_ByMonth | D51: "," | E51: VALUE | F51: ",":where{NAME= | G51: 榆炼_生产_联合三车间_100万吨/年连续重整装置_出_二甲苯 | H51: }") | I51: =A51&B51&C51&D51&E51&F51&G51&H51 -> #SQL("Yul_PM_ALL_ByMonth","VALUE",":where{NAME=榆炼_生产_联合三车间_100万吨/年连续重整装置_出_二甲苯}")
A52: #SQL | B52: (" | C52: Yul_PM_ALL_ByMonth | D52: "," | E52: VALUE | F52: ",":where{NAME= | G52: 榆炼_生产_联合三车间_100万吨/年连续重整装置_出_氢气 | H52: }") | I52: =A52&B52&C52&D52&E52&F52&G52&H52 -> #SQL("Yul_PM_ALL_ByMonth","VALUE",":where{NAME=榆炼_生产_联合三车间_100万吨/年连续重整装置_出_氢气}")
A53: #SQL | B53: (" | C53: Yul_PM_ALL_ByMonth | D53: "," | E53: VALUE | F53: ",":where{NAME= | G53: 榆炼_生产_联合三车间_100万吨/年连续重整装置_出_重整轻汽油 | H53: }") | I53: =A53&B53&C53&D53&E53&F53&G53&H53 -> #SQL("Yul_PM_ALL_ByMonth","VALUE",":where{NAME=榆炼_生产_联合三车间_100万吨/年连续重整装置_出_重整轻汽油}")
A54: 20万苯抽提
A55: #SQL | B55: (" | C55: Yul_PM_ALL_ByMonth | D55: "," | E55: VALUE | F55: ",":where{NAME= | G55: 榆炼_生产_联合三车间_20万吨/年苯抽提装置_进_苯抽提加工量 | H55: }") | I55: =A55&B55&C55&D55&E55&F55&G55&H55 -> #SQL("Yul_PM_ALL_ByMonth","VALUE",":where{NAME=榆炼_生产_联合三车间_20万吨/年苯抽提装置_进_苯抽提加工量}")
A56: #SQL | B56: (" | C56: Yul_PM_ALL_ByMonth | D56: "," | E56: VALUE | F56: ",":where{NAME= | G56: 榆炼_生产_联合三车间_20万吨/年苯抽提装置_出_非芳烃 | H56: }") | I56: =A56&B56&C56&D56&E56&F56&G56&H56 -> #SQL("Yul_PM_ALL_ByMonth","VALUE",":where{NAME=榆炼_生产_联合三车间_20万吨/年苯抽提装置_出_非芳烃}")
A57: #SQL | B57: (" | C57: Yul_PM_ALL_ByMonth | D57: "," | E57: VALUE | F57: ",":where{NAME= | G57: 榆炼_生产_联合三车间_20万吨/年苯抽提装置_出_苯 | H57: }") | I57: =A57&B57&C57&D57&E57&F57&G57&H57 -> #SQL("Yul_PM_ALL_ByMonth","VALUE",":where{NAME=榆炼_生产_联合三车间_20万吨/年苯抽提装置_出_苯}")
A58: #SQL | B58: (" | C58: Yul_PM_ALL_ByMonth | D58: "," | E58: VALUE | F58: ",":where{NAME= | G58: 榆炼_生产_联合三车间_20万吨/年苯抽提装置_出_重芳烃至脱C6塔 | H58: }") | I58: =A58&B58&C58&D58&E58&F58&G58&H58 -> #SQL("Yul_PM_ALL_ByMonth","VALUE",":where{NAME=榆炼_生产_联合三车间_20万吨/年苯抽提装置_出_重芳烃至脱C6塔}")
A59: 20万DCC裂解石脑油
A60: #SQL | B60: (" | C60: Yul_PM_ALL_ByMonth | D60: "," | E60: VALUE | F60: ",":where{NAME= | G60: 榆炼_生产_联合三车间_20万吨/年DCC裂解石脑油加氢装置生产、消耗月报表_裂解石脑油_日产量 | H60: }") | I60: =A60&B60&C60&D60&E60&F60&G60&H60 -> #SQL("Yul_PM_ALL_ByMonth","VALUE",":where{NAME=榆炼_生产_联合三车间_20万吨/年DCC裂解石脑油加氢装置生产、消耗月报表_裂解石脑油_日产量}")
A61: #SQL | B61: (" | C61: Yul_PM_ALL_ByMonth | D61: "," | E61: VALUE | F61: ",":where{NAME= | G61: 榆炼_生产_联合三车间_20万吨/年DCC裂解石脑油加氢装置生产、消耗月报表_氢气加工量_日产量 | H61: }") | I61: =A61&B61&C61&D61&E61&F61&G61&H61 -> #SQL("Yul_PM_ALL_ByMonth","VALUE",":where{NAME=榆炼_生产_联合三车间_20万吨/年DCC裂解石脑油加氢装置生产、消耗月报表_氢气加工量_日产量}")
A62: #SQL | B62: (" | C62: Yul_PM_ALL_ByMonth | D62: "," | E62: VALUE | F62: ",":where{NAME= | G62: 榆炼_生产_联合三车间_20万吨/年DCC裂解石脑油加氢装置生产、消耗月报表_脱戊烷油产量_日产量 | H62: }") | I62: =A62&B62&C62&D62&E62&F62&G62&H62 -> #SQL("Yul_PM_ALL_ByMonth","VALUE",":where{NAME=榆炼_生产_联合三车间_20万吨/年DCC裂解石脑油加氢装置生产、消耗月报表_脱戊烷油产量_日产量}")
A63: #SQL | B63: (" | C63: Yul_PM_ALL_ByMonth | D63: "," | E63: VALUE | F63: ",":where{NAME= | G63: 榆炼_生产_联合三车间_20万吨/年DCC裂解石脑油加氢装置生产、消耗月报表_塔顶C5产量_日产量 | H63: }") | I63: =A63&B63&C63&D63&E63&F63&G63&H63 -> #SQL("Yul_PM_ALL_ByMonth","VALUE",":where{NAME=榆炼_生产_联合三车间_20万吨/年DCC裂解石脑油加氢装置生产、消耗月报表_塔顶C5产量_日产量}")
A64: #SQL | B64: (" | C64: Yul_PM_ALL_ByMonth | D64: "," | E64: VALUE | F64: ",":where{NAME= | G64: 榆炼_生产_联合三车间_20万吨/年DCC裂解石脑油加氢装置生产、消耗月报表_燃料气产量_日产量 | H64: }") | I64: =A64&B64&C64&D64&E64&F64&G64&H64 -> #SQL("Yul_PM_ALL_ByMonth","VALUE",":where{NAME=榆炼_生产_联合三车间_20万吨/年DCC裂解石脑油加氢装置生产、消耗月报表_燃料气产量_日产量}")
A65: 30万航煤
A66: #SQL | B66: (" | C66: Yul_PM_ALL_ByMonth | D66: "," | E66: VALUE | F66: ",":where{NAME= | G66: 榆炼_生产_联合一车间_30万吨/年航煤加氢装置_进_直馏煤油 | H66: }") | I66: =A66&B66&C66&D66&E66&F66&G66&H66 -> #SQL("Yul_PM_ALL_ByMonth","VALUE",":where{NAME=榆炼_生产_联合一车间_30万吨/年航煤加氢装置_进_直馏煤油}")
A67: #SQL | B67: (" | C67: Yul_PM_ALL_ByMonth | D67: "," | E67: VALUE | F67: ",":where{NAME= | G67: 榆炼_生产_联合一车间_30万吨/年航煤加氢装置_进_氢气 | H67: }") | I67: =A67&B67&C67&D67&E67&F67&G67&H67 -> #SQL("Yul_PM_ALL_ByMonth","VALUE",":where{NAME=榆炼_生产_联合一车间_30万吨/年航煤加氢装置_进_氢气}")
A68: #SQL | B68: (" | C68: Yul_PM_ALL_ByMonth | D68: "," | E68: VALUE | F68: ",":where{NAME= | G68: 榆炼_生产_联合一车间_30万吨/年航煤加氢装置_出_精制航煤 | H68: }") | I68: =A68&B68&C68&D68&E68&F68&G68&H68 -> #SQL("Yul_PM_ALL_ByMonth","VALUE",":where{NAME=榆炼_生产_联合一车间_30万吨/年航煤加氢装置_出_精制航煤}")
A69: #SQL | B69: (" | C69: Yul_PM_ALL_ByMonth | D69: "," | E69: VALUE | F69: ",":where{NAME= | G69: 榆炼_生产_联合一车间_30万吨/年航煤加氢装置_出_粗石脑油 | H69: }") | I69: =A69&B69&C69&D69&E69&F69&G69&H69 -> #SQL("Yul_PM_ALL_ByMonth","VALUE",":where{NAME=榆炼_生产_联合一车间_30万吨/年航煤加氢装置_出_粗石脑油}")
A70: #SQL | B70: (" | C70: Yul_PM_ALL_ByMonth | D70: "," | E70: VALUE | F70: ",":where{NAME= | G70: 榆炼_生产_联合一车间_30万吨/年航煤加氢装置_出_排放气含硫干气量 | H70: }") | I70: =A70&B70&C70&D70&E70&F70&G70&H70 -> #SQL("Yul_PM_ALL_ByMonth","VALUE",":where{NAME=榆炼_生产_联合一车间_30万吨/年航煤加氢装置_出_排放气含硫干气量}")
A71: #SQL | B71: (" | C71: Yul_PM_ALL_ByMonth | D71: "," | E71: VALUE | F71: ",":where{NAME= | G71: 榆炼_生产_联合一车间_30万吨/年航煤加氢装置_出_分馏塔顶含硫干气产量 | H71: }") | I71: =A71&B71&C71&D71&E71&F71&G71&H71 -> #SQL("Yul_PM_ALL_ByMonth","VALUE",":where{NAME=榆炼_生产_联合一车间_30万吨/年航煤加氢装置_出_分馏塔顶含硫干气产量}")
A72: 累计部分
A73: 500万常压
A74: #SQL | B74: (" | C74: Yul_Device_ByMonth_SUM | D74: "," | E74: VALUE | F74: ",":where{NAME= | G74: 榆炼_装置生产流程表_500万吨常压装置_原油加工量 | H74: }") | I74: =A74&B74&C74&D74&E74&F74&G74&H74 -> #SQL("Yul_Device_ByMonth_SUM","VALUE",":where{NAME=榆炼_装置生产流程表_500万吨常压装置_原油加工量}")
A75: #SQL | B75: (" | C75: Yul_Device_ByMonth_SUM | D75: "," | E75: VALUE | F75: ",":where{NAME= | G75: 榆炼_装置生产流程表_500万吨常压装置_石脑油Ⅰ | H75: }") | I75: =A75&B75&C75&D75&E75&F75&G75&H75 -> #SQL("Yul_Device_ByMonth_SUM","VALUE",":where{NAME=榆炼_装置生产流程表_500万吨常压装置_石脑油Ⅰ}")
A76: #SQL | B76: (" | C76: Yul_Device_ByMonth_SUM | D76: "," | E76: VALUE | F76: ",":where{NAME= | G76: 榆炼_装置生产流程表_500万吨常压装置_常一线 | H76: }") | I76: =A76&B76&C76&D76&E76&F76&G76&H76 -> #SQL("Yul_Device_ByMonth_SUM","VALUE",":where{NAME=榆炼_装置生产流程表_500万吨常压装置_常一线}")
A77: #SQL | B77: (" | C77: Yul_Device_ByMonth_SUM | D77: "," | E77: VALUE | F77: ",":where{NAME= | G77: 榆炼_装置生产流程表_500万吨常压装置_常二线 | H77: }") | I77: =A77&B77&C77&D77&E77&F77&G77&H77 -> #SQL("Yul_Device_ByMonth_SUM","VALUE",":where{NAME=榆炼_装置生产流程表_500万吨常压装置_常二线}")
A78: #SQL | B78: (" | C78: Yul_Device_ByMonth_SUM | D78: "," | E78: VALUE | F78: ",":where{NAME= | G78: 榆炼_装置生产流程表_500万吨常压装置_常三线 | H78: }") | I78: =A78&B78&C78&D78&E78&F78&G78&H78 -> #SQL("Yul_Device_ByMonth_SUM","VALUE",":where{NAME=榆炼_装置生产流程表_500万吨常压装置_常三线}")
A79: #SQL | B79: (" | C79: Yul_Device_ByMonth_SUM | D79: "," | E79: VALUE | F79: ",":where{NAME= | G79: 榆炼_装置生产流程表_500万吨常压装置_混柴 | H79: }") | I79: =A79&B79&C79&D79&E79&F79&G79&H79 -> #SQL("Yul_Device_ByMonth_SUM","VALUE",":where{NAME=榆炼_装置生产流程表_500万吨常压装置_混柴}")
A80: #SQL | B80: (" | C80: Yul_Device_ByMonth_SUM | D80: "," | E80: VALUE | F80: ",":where{NAME= | G80: 榆炼_装置生产流程表_500万吨常压装置_饱和液化气 | H80: }") | I80: =A80&B80&C80&D80&E80&F80&G80&H80 -> #SQL("Yul_Device_ByMonth_SUM","VALUE",":where{NAME=榆炼_装置生产流程表_500万吨常压装置_饱和液化气}")
A81: #SQL | B81: (" | C81: Yul_Device_ByMonth_SUM | D81: "," | E81: VALUE | F81: ",":where{NAME= | G81: 榆炼_装置生产流程表_500万吨常压装置_渣油 | H81: }") | I81: =A81&B81&C81&D81&E81&F81&G81&H81 -> #SQL("Yul_Device_ByMonth_SUM","VALUE",":where{NAME=榆炼_装置生产流程表_500万吨常压装置_渣油}")
A82: #SQL | B82: (" | C82: Yul_Device_ByMonth_SUM | D82: "," | E82: VALUE | F82: ",":where{NAME= | G82: 榆炼_装置生产流程表_500万吨常压装置_压缩富气 | H82: }") | I82: =A82&B82&C82&D82&E82&F82&G82&H82 -> #SQL("Yul_Device_ByMonth_SUM","VALUE",":where{NAME=榆炼_装置生产流程表_500万吨常压装置_压缩富气}")
A83: 60万催化
A84: #SQL | B84: (" | C84: Yul_Device_ByMonth_SUM | D84: "," | E84: VALUE | F84: ",":where{NAME= | G84: 榆炼_装置生产流程表_60万催化装置_催化加工 | H84: }") | I84: =A84&B84&C84&D84&E84&F84&G84&H84 -> #SQL("Yul_Device_ByMonth_SUM","VALUE",":where{NAME=榆炼_装置生产流程表_60万催化装置_催化加工}")
A85: #SQL | B85: (" | C85: Yul_Device_ByMonth_SUM | D85: "," | E85: VALUE | F85: ",":where{NAME= | G85: 榆炼_装置生产流程表_60万催化装置_催化汽油 | H85: }") | I85: =A85&B85&C85&D85&E85&F85&G85&H85 -> #SQL("Yul_Device_ByMonth_SUM","VALUE",":where{NAME=榆炼_装置生产流程表_60万催化装置_催化汽油}")
A86: #SQL | B86: (" | C86: Yul_Device_ByMonth_SUM | D86: "," | E86: VALUE | F86: ",":where{NAME= | G86: 榆炼_装置生产流程表_60万催化装置_催化柴油 | H86: }") | I86: =A86&B86&C86&D86&E86&F86&G86&H86 -> #SQL("Yul_Device_ByMonth_SUM","VALUE",":where{NAME=榆炼_装置生产流程表_60万催化装置_催化柴油}")
A87: #SQL | B87: (" | C87: Yul_Device_ByMonth_SUM | D87: "," | E87: VALUE | F87: ",":where{NAME= | G87: 榆炼_装置生产流程表_60万催化装置_原料液化气 | H87: }") | I87: =A87&B87&C87&D87&E87&F87&G87&H87 -> #SQL("Yul_Device_ByMonth_SUM","VALUE",":where{NAME=榆炼_装置生产流程表_60万催化装置_原料液化气}")
A88: #SQL | B88: (" | C88: Yul_Device_ByMonth_SUM | D88: "," | E88: VALUE | F88: ",":where{NAME= | G88: 榆炼_装置生产流程表_60万催化装置_2#渣油 | H88: }") | I88: =A88&B88&C88&D88&E88&F88&G88&H88 -> #SQL("Yul_Device_ByMonth_SUM","VALUE",":where{NAME=榆炼_装置生产流程表_60万催化装置_2#渣油}")
A89: #SQL | B89: (" | C89: Yul_Device_ByMonth_SUM | D89: "," | E89: VALUE | F89: ",":where{NAME= | G89: 榆炼_装置生产流程表_60万催化装置_干气 | H89: }") | I89: =A89&B89&C89&D89&E89&F89&G89&H89 -> #SQL("Yul_Device_ByMonth_SUM","VALUE",":where{NAME=榆炼_装置生产流程表_60万催化装置_干气}")
A90: #SQL | B90: (" | C90: Yul_Device_ByMonth_SUM | D90: "," | E90: VALUE | F90: ",":where{NAME= | G90: 榆炼_装置生产流程表_60万催化装置_生焦量 | H90: }") | I90: =A90&B90&C90&D90&E90&F90&G90&H90 -> #SQL("Yul_Device_ByMonth_SUM","VALUE",":where{NAME=榆炼_装置生产流程表_60万催化装置_生焦量}")
A91: 180万催化
A92: #SQL | B92: (" | C92: Yul_Device_ByMonth_SUM | D92: "," | E92: VALUE | F92: ",":where{NAME= | G92: 榆炼_装置生产流程表_180万吨催化装置_催化加工 | H92: }") | I92: =A92&B92&C92&D92&E92&F92&G92&H92 -> #SQL("Yul_Device_ByMonth_SUM","VALUE",":where{NAME=榆炼_装置生产流程表_180万吨催化装置_催化加工}")
A93: #SQL | B93: (" | C93: Yul_Device_ByMonth_SUM | D93: "," | E93: VALUE | F93: ",":where{NAME= | G93: 榆炼_装置生产流程表_180万吨催化装置_催化汽油 | H93: }") | I93: =A93&B93&C93&D93&E93&F93&G93&H93 -> #SQL("Yul_Device_ByMonth_SUM","VALUE",":where{NAME=榆炼_装置生产流程表_180万吨催化装置_催化汽油}")
A94: #SQL | B94: (" | C94: Yul_Device_ByMonth_SUM | D94: "," | E94: VALUE | F94: ",":where{NAME= | G94: 榆炼_装置生产流程表_180万吨催化装置_催化柴油 | H94: }") | I94: =A94&B94&C94&D94&E94&F94&G94&H94 -> #SQL("Yul_Device_ByMonth_SUM","VALUE",":where{NAME=榆炼_装置生产流程表_180万吨催化装置_催化柴油}")
A95: #SQL | B95: (" | C95: Yul_Device_ByMonth_SUM | D95: "," | E95: VALUE | F95: ",":where{NAME= | G95: 榆炼_装置生产流程表_180万吨催化装置_原料液化气 | H95: }") | I95: =A95&B95&C95&D95&E95&F95&G95&H95 -> #SQL("Yul_Device_ByMonth_SUM","VALUE",":where{NAME=榆炼_装置生产流程表_180万吨催化装置_原料液化气}")
A96: #SQL | B96: (" | C96: Yul_Device_ByMonth_SUM | D96: "," | E96: VALUE | F96: ",":where{NAME= | G96: 榆炼_装置生产流程表_180万吨催化装置_2#渣油 | H96: }") | I96: =A96&B96&C96&D96&E96&F96&G96&H96 -> #SQL("Yul_Device_ByMonth_SUM","VALUE",":where{NAME=榆炼_装置生产流程表_180万吨催化装置_2#渣油}")
A97: #SQL | B97: (" | C97: Yul_Device_ByMonth_SUM | D97: "," | E97: VALUE | F97: ",":where{NAME= | G97: 榆炼_装置生产流程表_180万吨催化装置_干气 | H97: }") | I97: =A97&B97&C97&D97&E97&F97&G97&H97 -> #SQL("Yul_Device_ByMonth_SUM","VALUE",":where{NAME=榆炼_装置生产流程表_180万吨催化装置_干气}")
A98: #SQL | B98: (" | C98: Yul_Device_ByMonth_SUM | D98: "," | E98: VALUE | F98: ",":where{NAME= | G98: 榆炼_装置生产流程表_180万吨催化装置_生焦量 | H98: }") | I98: =A98&B98&C98&D98&E98&F98&G98&H98 -> #SQL("Yul_Device_ByMonth_SUM","VALUE",":where{NAME=榆炼_装置生产流程表_180万吨催化装置_生焦量}")
A99: 200万柴油加氢
A100: #SQL | B100: (" | C100: Yul_Device_ByMonth_SUM | D100: "," | E100: VALUE | F100: ",":where{NAME= | G100: 榆炼_装置生产流程表_200万柴油加氢装置_混合柴油处理量 | H100: }") | I100: =A100&B100&C100&D100&E100&F100&G100&H100 -> #SQL("Yul_Device_ByMonth_SUM","VALUE",":where{NAME=榆炼_装置生产流程表_200万柴油加氢装置_混合柴油处理量}")
...

Sheet 取值
A1: 产量部分 | N1: 0
A2: 500万常压 | N2: 0
A3: 379023 | N3: 0
A4: 48401
A5: 0
A6: 29173
A7: 102803
A8: 0
A9: 2661
A10: 192035
A11: 187
A12: 60万催化
A21: 180催化
A22: 129635
A23: 69784
A24: 24870
A25: 16092
A26: 3972
A27: 3024
A28: 10911
A30: 200万柴油加氢
A31: 172170
A32: 1314
A33: 142188
A34: 22862
A35: 0
A36: 7258
A37: 255
A38: 90万汽油精制
A39: 70525
A40: 0
A41: 61999
A42: 8072
A43: 153
A44: 100万连续重整
A45: 94368
A46: 51101 | M46: 0
A47: 4696
A48: 13694
A49: 4516
A50: 14133
A51: 5675
A52: 0
A53: 20万苯抽提
A54: 13559
A55: 8306
A56: 4064
A57: 1117
A58: 20万DCC裂解石脑油
A64: 30万航煤
A65: 29173
A66: 62
A67: 28268
A68: 575
A70: 123
A71: 累计部分
A72: 500万常压
A73: 3593252
A74: 445321
A75: 252075
A76: 0
A77: 0
A78: 997176
A79: 42191
A80: 1825074
A81: 6487
A82: 60万催化
A83: 249205
A84: 116064
A85: 55392
A86: 34449
A87: 6399
A88: 7620
A89: 28156
A90: 180万催化
A91: 1342311
A92: 655506
A93: 309255
A94: 176235
A95: 44978
A96: 31306
A97: 118865
A98: 200万柴油加氢
A99: 1727647
A100: 9319
A101: 1532193
A102: 130218
A103: 0
A104: 61060
A105: 6216
A106: 90万汽油精制
A107: 769527
A108: 0
A109: 694696
A110: 68747
A111: 2863
A112: 100万重整
A113: 907947
A114: 583732
A115: 16470
...

Sheet Sheet2
A1: 报表生成时间： | B1: 2025-12 | C1: 8:00:00
