Workbook

Sheet 生产装置工艺流程图
B1: 生产装置工艺流程图
B2: 编制单位：油田气化工科技公司 | H2: 日期： | I2: 2025-05 | K2: 单位：吨/方 | N2: =取值!N1&取值!O1&取值!P1 -> 报表生成时间：2025-06-01 8:00:00
B4: 空分装置 | G4: 气体分离装置
B5: 氧气 | C5: =取值!C5 -> 15502122 | G5: 合成气 | H5: =取值!H5 -> 33538300 | I5: =_xlfn.IFERROR(H5*1000/SUM(H7,H8),"") -> 1282.1886
O6: EG装置
G7: 氢气 | H7: =取值!H7 -> 17690285 | K7: PTMEG装置 | O7: 氧气 | P7: =取值!P7 -> 1268100 | Q7: =_xlfn.IFERROR(P7/SUM(P13,P14,P15,P16),"") -> 179.67763
B8: 乙炔装置 | G8: 一氧化碳 | H8: =取值!H8 -> 8466787 | K8: BDO | L8: =取值!L8 -> 0 | M8: =_xlfn.IFERROR(L8/L14,"") | O8: 一氧化碳 | P8: =取值!P8 -> 6900998 | Q8: =_xlfn.IFERROR(P8/SUM(P13,P14,P15,P16),"") -> 977.80533
B9: 天然气 | C9: =取值!C9 -> 19990403 | D9: 7086.785 | K9: 甲醇 | L9: =取值!L9 -> 0 | M9: =_xlfn.IFERROR(L9/L14,"") | O9: 氢气 | P9: =取值!P9 -> 11950320 | Q9: =_xlfn.IFERROR(P9/SUM(P13,P14,P15,P16),"") -> 1693.2459
B10: 氧气 | C10: =取值!C10 -> 10993090 | D10: =_xlfn.IFERROR(C10/C12,"") -> 3897.1533 | K10: 醋酐 | L10: =取值!L10 -> 0 | M10: =_xlfn.IFERROR(L10/L14,"") | O10: 甲醇 | P10: =取值!P10 -> 842 | Q10: =_xlfn.IFERROR(P10/SUM(P13,P14,P15,P16),"") -> 0.11930334
G11: BDO装置 | K11: 氢气 | L11: =取值!L11 -> 0 | M11: =_xlfn.IFERROR(L11/L14,"") | O11: 硝酸 | P11: =取值!P11 -> 510.24 | Q11: =_xlfn.IFERROR(P11/SUM(P13,P14,P15,P16),"") -> 0.072296122
B12: 乙炔 | C12: =取值!C12 -> 2820.8 | G12: 乙炔 | H12: =取值!H11 -> 2820.8 | I12: =_xlfn.IFERROR(H12/H17,"") -> 0.36307517
B13: 合成气 | C13: =取值!C13 -> 33905965 | G13: 甲醛 | H13: =取值!H12 -> 16886.31 | I13: =_xlfn.IFERROR(H13/H17,"") -> 2.1734969 | K13: THF | L13: =取值!L13 -> 0 | O13: 聚酯级乙二醇 | P13: =取值!P13 -> 4650.3
G14: 氢气 | H14: =取值!H13 -> 3582221 | I14: =_xlfn.IFERROR(H14*0.0899/1000/H17,"") -> 0.041451125 | K14: PTMEG | L14: =_xlfn.IFERROR(SUM(L15,L16),"") -> 0 | O14: 工业级乙二醇 | P14: =取值!P14 -> 0
K15: 1800 | L15: =取值!L15 -> 0 | O15: 轻质多元醇 | P15: =取值!P15 -> 1674.8
G16: BYD | H16: =取值!H15 -> 7668.04 | K16: 2000 | L16: =取值!L16 -> 0 | O16: 重质多元醇 | P16: =取值!P16 -> 732.54
B17: 甲醛装置 | G17: BDO | H17: =取值!H16 -> 7769.19 | K17: 副产油 | L17: =取值!L17 -> 0 | O17: 碳酸二甲酯 | P17: =取值!P19 -> 242
B18: 甲醇 | C18: =取值!C17 -> 6426.41 | D18: =_xlfn.IFERROR(C18/C19,"") -> 0.42249077 | G18: 正丁醇 | H18: =取值!H17 -> 25.6 | K18: PT过渡料 | L18: =取值!L18 -> 0 | O18: 混合醇 | P18: =取值!P17 -> 201.1
B19: 甲醛(37%) | C19: =取值!C18 -> 15210.77 | G19: 焦油 | H19: =取值!H18 -> 0 | K19: THF过渡料 | L19: =取值!L19 -> 0 | O19: 粗乙醇 | P19: =取值!P18 -> 0
B21: 审核人： | C21: 李刚 | M21: 填报人： | N21: 霍宇

Sheet 取值
N1: 报表生成时间： | O1: 2025-06-01 | P1: 8:00:00
C5: 15502122 | H5: 33538300
H7: 17690285 | P7: 1268100
C8: 0 | H8: 8466787 | L8: 0 | P8: 6900998
B9: 147559 | C9: 19990403 | L9: 0 | P9: 11950320
B10: 10845531 | C10: =_xlfn.IFERROR(SUM(B9,B10),"") -> 10993090 | L10: 0 | P10: 842
H11: 2820.8 | L11: 0 | P11: 510.24
C12: 2820.8 | H12: 16886.31
C13: 33905965 | H13: 3582221 | L13: 0 | P13: 4650.3
P14: 0
H15: 7668.04 | L15: 0 | P15: 1674.8
H16: 7769.19 | L16: 0 | P16: 732.54
C17: 6426.41 | H17: 25.6 | L17: 0 | P17: 201.1
C18: 15210.77 | H18: 0 | L18: 0 | P18: 0
L19: 0 | P19: 242
C30: 李刚
C31: 霍宇
