Workbook

Sheet 延安炼油厂调运月报表
B2: 延安炼油厂调运月报表
B3: 填报单位：延安炼油厂 | D3: 日期： | F3: 2025-12 | J3: 报出日期： | K3: =_xlfn.IFERROR(取值!G3,"") -> 46022
B4: 物料名称 | C4: 调运单位 | D4: 调入 | H4: 调出
D5: 车次 | F5: 调运量 | H5: 车次 | J5: 调运量
D6: 本月 | E6: 累计 | F6: 本月 | G6: 累计 | H6: 本月 | I6: 累计 | J6: 本月 | K6: 累计
B7: 0#柴油 | C7: 延安石化厂 | I7: =_xlfn.IFERROR(SUM(H7,取值!I7),0) -> 42 | J7: 94.78 | K7: =_xlfn.IFERROR(SUM(J7,取值!K7),0) -> 831.02
B8: -10#柴油 | C8: 延安石化厂
B9: 1#渣油 | C9: 榆林炼油厂 | H9: 0 | I9: =_xlfn.IFERROR(SUM(H9,取值!I9),0) -> 0 | J9: 0 | K9: =_xlfn.IFERROR(SUM(J9,取值!K9),0) -> 0
B10: 1#渣油 | C10: 永坪炼油厂 | D10: 0 | E10: =_xlfn.IFERROR(SUM(D10,取值!E10),0) -> 801 | F10: 0 | G10: =_xlfn.IFERROR(SUM(F10,取值!G10),0) -> 25725.322
B11: 常压石脑油 | C11: 延安石化厂 | J11: 80567 | K11: =_xlfn.IFERROR(SUM(J11,取值!K11),0) -> 953346
B12: 催化汽油 | C12: 延安石化厂 | J12: 126153 | K12: =_xlfn.IFERROR(SUM(J12,取值!K12),0) -> 1532231
B13: 重整汽油 | C13: 延安石化厂 | F13: 84515 | G13: =_xlfn.IFERROR(SUM(F13,取值!G13),0) -> 992065
B14: 重整轻汽油 | C14: 延安石化厂 | F14: 23079 | G14: =_xlfn.IFERROR(SUM(F14,取值!G14),0) -> 259307
B15: 精制汽油 | C15: 延安石化厂 | F15: 128543 | G15: =_xlfn.IFERROR(SUM(F15,取值!G15),0) -> 1517049
B16: MTBE | C16: 延安石化厂 | F16: 22528 | G16: =_xlfn.IFERROR(SUM(F16,取值!G16),0) -> 214664.6
B17: 烷基化油 | C17: 延安石化厂 | F17: 12756 | G17: =_xlfn.IFERROR(SUM(F17,取值!G17),0) -> 135148
B18: 二甲苯 | C18: 榆林炼油厂 | D18: 18 | E18: =_xlfn.IFERROR(SUM(D18,取值!E18),0) -> 452 | F18: 574.48 | G18: =_xlfn.IFERROR(SUM(F18,取值!G18),0) -> 14644.32
B19: 常压柴油 | C19: 延安石化厂 | J19: 143430 | K19: =_xlfn.IFERROR(SUM(J19,取值!K19),0) -> 1866906
B20: 催化柴油 | C20: 延安石化厂 | J20: 57239 | K20: =_xlfn.IFERROR(SUM(J20,取值!K20),0) -> 964305
B21: 加氢柴油 | C21: 延安石化厂 | F21: 64655 | G21: =_xlfn.IFERROR(SUM(F21,取值!G21),0) -> 890659
B22: 精制柴油 | C22: 延安石化厂 | F22: 133093 | G22: =_xlfn.IFERROR(SUM(F22,取值!G22),0) -> 1738605
B23: 催化液化气 | C23: 永坪炼油厂 | D23: 721 | E23: =_xlfn.IFERROR(SUM(D23,取值!E23),0) -> 9094 | F23: 18241.12 | G23: =_xlfn.IFERROR(SUM(F23,取值!G23),0) -> 228479.76
B24: 催化液化气 | C24: 榆林炼油厂 | D24: 702 | E24: =_xlfn.IFERROR(SUM(D24,取值!E24),0) -> 7582 | F24: 17157.6 | G24: =_xlfn.IFERROR(SUM(F24,取值!G24),0) -> 184465.06
B25: 催化液化气 | C25: 延安石化厂 | J25: 53893 | K25: =_xlfn.IFERROR(SUM(J25,取值!K25),0) -> 621089
B26: 精制液化气 | C26: 延安石化厂
B27: C4 | C27: 延安石化厂 | F27: 1157 | G27: =_xlfn.IFERROR(SUM(F27,取值!G27),0) -> 14213
B28: 丙烷 | C28: 延安石化厂 | F28: 913 | G28: =_xlfn.IFERROR(SUM(F28,取值!G28),0) -> 20852 | J28: 2595 | K28: =_xlfn.IFERROR(SUM(J28,取值!K28),0) -> 30403
B29: 醚后C4 | C29: 延安石化厂 | F29: 5316 | G29: =_xlfn.IFERROR(SUM(F29,取值!G29),0) -> 74310
B30: 酯后C4 | C30: 延安石化厂 | J30: 6636 | K30: =_xlfn.IFERROR(SUM(J30,取值!K30),0) -> 74611
B31: 饱和液化气 | C31: 延安石化厂 | J31: 7864 | K31: =_xlfn.IFERROR(SUM(J31,取值!K31),0) -> 54059
B32: 饱和液化气 | C32: 榆林炼油厂 | D32: 271 | E32: =_xlfn.IFERROR(SUM(D32,取值!E32),0) -> 2138 | F32: 6776.78 | G32: =_xlfn.IFERROR(SUM(F32,取值!G32),0) -> 52806.5
B33: 民用液化气 | C33: 延安石化厂 | F33: 0 | G33: =_xlfn.IFERROR(SUM(F33,取值!G33),0) -> 0
B34: 丙烯 | C34: 延安石化厂 | F34: 7431 | G34: =_xlfn.IFERROR(SUM(F34,取值!G34),0) -> 53588
B35: 苯 | F35: 5515 | G35: =_xlfn.IFERROR(SUM(F35,取值!G35),0) -> 59327
B36: 硫磺 | C36: 延能化 | H36: 0 | I36: =_xlfn.IFERROR(SUM(H36,取值!I36),0) -> 8 | J36: 0 | K36: =_xlfn.IFERROR(SUM(J36,取值!K36),0) -> 261
C37: 单位负责人： | D37: 王静 | H37: 填报人： | I37: 黄宏飞

Sheet 取值
F1: 报表生成时间： | G1: 2025-12 | H1: 8:00:00
G2: =EDATE(G1,1) -> 46023 | J2: 王静
G3: =G2-1 -> 46022 | J3: 黄宏飞
B4: 物料名称 | C4: 调运单位 | D4: 调入 | H4: 调出
D5: 车次 | F5: 调运量 | H5: 车次 | J5: 调运量
D6: 本月 | E6: 累计 | F6: 本月 | G6: 累计 | H6: 本月 | I6: 累计 | J6: 本月 | K6: 累计
B7: 0#柴油 | C7: 延安石化厂 | I7: 42 | J7: 94.78 | K7: 736.24
B8: -10#柴油 | C8: 延安石化厂
B9: 1#渣油 | C9: 榆林炼油厂 | H9: 0 | I9: 0 | J9: 0 | K9: 0
B10: 1#渣油 | C10: 永坪炼油厂 | D10: 0 | E10: 801 | F10: 0 | G10: 25725.322
B11: 常压石脑油 | C11: 延安石化厂 | J11: 80567 | K11: 872779
B12: 催化汽油 | C12: 延安石化厂 | J12: 126153 | K12: 1406078
B13: 重整汽油 | C13: 延安石化厂 | F13: 84515 | G13: 907550
B14: 重整轻汽油 | C14: 延安石化厂 | F14: 23079 | G14: 236228
B15: 精制汽油 | C15: 延安石化厂 | F15: 128543 | G15: 1388506
B16: MTBE | C16: 延安石化厂 | F16: 22528 | G16: 192136.6
B17: 烷基化油 | C17: 延安石化厂 | F17: 12756 | G17: 122392
B18: 二甲苯 | C18: 榆林炼油厂 | D18: 18 | E18: 434 | F18: 574.48 | G18: 14069.84
B19: 常压柴油 | C19: 延安石化厂 | J19: 143430 | K19: 1723476
B20: 催化柴油 | C20: 延安石化厂 | J20: 57239 | K20: 907066
B21: 加氢柴油 | C21: 延安石化厂 | F21: 64655 | G21: 826004
B22: 精制柴油 | C22: 延安石化厂 | F22: 133093 | G22: 1605512
B23: 催化液化气 | C23: 永坪炼油厂 | D23: 721 | E23: 8373 | F23: 18241.12 | G23: 210238.64
B24: 催化液化气 | C24: 榆林炼油厂 | D24: 702 | E24: 6880 | F24: 17157.6 | G24: 167307.46
B25: 催化液化气 | C25: 延安石化厂 | J25: 53893 | K25: 567196
B26: 精制液化气 | C26: 延安石化厂
B27: C4 | C27: 延安石化厂 | F27: 1157 | G27: 13056
B28: 丙烷 | C28: 延安石化厂 | F28: 913 | G28: 19939 | J28: 2595 | K28: 27808
B29: 醚后C4 | C29: 延安石化厂 | F29: 5316 | G29: 68994
B30: 酯后C4 | C30: 延安石化厂 | J30: 6636 | K30: 67975
B31: 饱和液化气 | C31: 延安石化厂 | J31: 7864 | K31: 46195
B32: 饱和液化气 | C32: 榆林炼油厂 | D32: 271 | E32: 1867 | F32: 6776.78 | G32: 46029.72
B33: 民用液化气 | C33: 延安石化厂 | G33: 0
B34: 丙烯 | C34: 延安石化厂 | F34: 7431 | G34: 46157
B35: 苯 | F35: 5515 | G35: 53812
B36: 硫磺 | C36: 延能化 | I36: 8 | K36: 261
