Workbook

Sheet Sheet1
B2: 延安石油化工厂调运月报
B3: 填报单位：延安石油化工厂 | D3: 日期: | E3: 2025-01 | H3: =取值!K1&取值!L1&" "&取值!M1 -> 报表生成时间：2025-02-01 8:00:00
B4: 物料名称 | C4: 调运单位 | D4: 调入 | H4: 调出
D5: 车次 | F5: 调运量 | H5: 车次 | J5: 调运量
D6: 本月 | E6: 累计 | F6: 本月 | G6: 累计 | H6: 本月 | I6: 累计 | J6: 本月 | K6: 累计
B7: 一、常压石脑油 | C7: 永坪炼油厂 | D7: 845 | E7: =SUM(D7,取值!D4) -> 845 | F7: 27138.16 | G7: =SUM(F7,取值!F4) -> 27138.16 | H7: =IF(取值!G4=0,"",取值!G4) | I7: =SUM(H7,取值!H4) -> 0 | J7: =IF(取值!I4=0,"",取值!I4) | K7: =SUM(J7,取值!J4) -> 0
C8: 榆林炼油厂 | D8: 15 | E8: =SUM(D8,取值!D5) -> 15 | F8: 486.3 | G8: =SUM(F8,取值!F5) -> 486.3 | H8: =IF(取值!G5=0,"",取值!G5) | I8: =SUM(H8,取值!H5) -> 0 | J8: =IF(取值!I5=0,"",取值!I5) | K8: =SUM(J8,取值!J5) -> 0
B9: 二、催化柴油 | C9: 永坪炼油厂 | D9: =IF(取值!C6=0,"",取值!C6) | E9: =SUM(D9,取值!D6) -> 0 | F9: =IF(取值!E6=0,"",取值!E6) | G9: =SUM(F9,取值!F6) -> 0 | H9: =IF(取值!G6=0,"",取值!G6) | I9: =SUM(H9,取值!H6) -> 0 | J9: =IF(取值!I6=0,"",取值!I6) | K9: =SUM(J9,取值!J6) -> 0
C10: 榆林炼油厂 | D10: =IF(取值!C7=0,"",取值!C7) | E10: =SUM(D10,取值!D7) -> 0 | F10: =IF(取值!E7=0,"",取值!E7) | G10: =SUM(F10,取值!F7) -> 0 | H10: =IF(取值!G7=0,"",取值!G7) | I10: =SUM(H10,取值!H7) -> 0 | J10: =IF(取值!I7=0,"",取值!I7) | K10: =SUM(J10,取值!J7) -> 0
B11: 三、常压柴油 | C11: 永坪炼油厂 | D11: =IF(取值!C8=0,"",取值!C8) | E11: =SUM(D11,取值!D8) -> 0 | F11: =IF(取值!E8=0,"",取值!E8) | G11: =SUM(F11,取值!F8) -> 0 | H11: =IF(取值!G8=0,"",取值!G8) | I11: =SUM(H11,取值!H8) -> 0 | J11: =IF(取值!I8=0,"",取值!I8) | K11: =SUM(J11,取值!J8) -> 0
C12: 榆林炼油厂 | D12: =IF(取值!C9=0,"",取值!C9) | E12: =SUM(D12,取值!D9) -> 0 | F12: =IF(取值!E9=0,"",取值!E9) | G12: =SUM(F12,取值!F9) -> 0 | H12: =IF(取值!G9=0,"",取值!G9) | I12: =SUM(H12,取值!H9) -> 0 | J12: =IF(取值!I9=0,"",取值!I9) | K12: =SUM(J12,取值!J9) -> 0
B13: 四、粗硫磺 | C13: 永坪炼油厂 | D13: =IF(取值!C10=0,"",取值!C10) | E13: =SUM(D13,取值!D10) -> 0 | F13: =IF(取值!E10=0,"",取值!E10) | G13: =SUM(F13,取值!F10) -> 0 | H13: =IF(取值!G10=0,"",取值!G10) | I13: =SUM(H13,取值!H10) -> 0 | J13: =IF(取值!I10=0,"",取值!I10) | K13: =SUM(J13,取值!J10) -> 0
C14: 榆林炼油厂 | D14: =IF(取值!C11=0,"",取值!C11) | E14: =SUM(D14,取值!D11) -> 0 | F14: =IF(取值!E11=0,"",取值!E11) | G14: =SUM(F14,取值!F11) -> 0 | H14: =IF(取值!G11=0,"",取值!G11) | I14: =SUM(H14,取值!H11) -> 0 | J14: =IF(取值!I11=0,"",取值!I11) | K14: =SUM(J14,取值!J11) -> 0
C15: 外销 | D15: =IF(取值!C12=0,"",取值!C12) | E15: =SUM(D15,取值!D12) -> 0 | F15: =IF(取值!E12=0,"",取值!E12) | G15: =SUM(F15,取值!F12) -> 0 | H15: =IF(取值!G13=0,"",取值!G13) | I15: =SUM(H15,取值!H12) -> 0 | J15: =IF(取值!I13=0,"",取值!I13) | K15: =SUM(J15,取值!J12) -> 0
B16: 五、异丁烷 | C16: 外购 | D16: 44 | E16: =SUM(D16,取值!D21) -> 44 | F16: 1064.76 | G16: =SUM(F16,取值!F21) -> 1064.76 | I16: =SUM(取值!H21,Sheet1!H16) -> 0 | K16: =SUM(J16,取值!J21) -> 0
B17: 六、DCC | C17: 榆能化 | D17: =IF(取值!C13=0,"",取值!C13) | E17: =SUM(D17,取值!D13) -> 0 | F17: =IF(取值!E13=0,"",取值!E13) | G17: =SUM(F17,取值!F13) -> 0 | H17: =IF(取值!G13=0,"",取值!G13) | I17: =SUM(H17,取值!H13) -> 0 | J17: =IF(取值!I13=0,"",取值!I13) | K17: =SUM(J17,取值!J13) -> 0
B18: 七、异辛烷组分 | C18: 永坪炼油厂 | D18: =IF(取值!C14=0,"",取值!C14) | E18: =SUM(D18,取值!D14) -> 0 | F18: =IF(取值!E14=0,"",取值!E14) | G18: =SUM(F18,取值!F14) -> 0 | H18: 159 | I18: =SUM(H18,取值!H14) -> 159 | J18: 4972.5 | K18: =SUM(J18,取值!J14) -> 4972.5
C19: 榆林炼油厂 | D19: =IF(取值!C15=0,"",取值!C15) | E19: =SUM(D19,取值!D15) -> 0 | F19: =IF(取值!E15=0,"",取值!E15) | G19: =SUM(F19,取值!F15) -> 0 | H19: 175 | I19: =SUM(H19,取值!H15) -> 175 | J19: 5423.4 | K19: =SUM(J19,取值!J15) -> 5423.4
C20: 外销 | D20: =IF(取值!C16=0,"",取值!C16) | E20: =SUM(D20,取值!D16) -> 0 | F20: =IF(取值!E16=0,"",取值!E16) | G20: =SUM(F20,取值!F16) -> 0 | H20: =IF(取值!G16=0,"",取值!G16) | I20: =SUM(H20,取值!H16) -> 0 | J20: =IF(取值!I16=0,"",取值!I16) | K20: =SUM(J20,取值!J16) -> 0
B21: 八、MTBE | C21: 永坪炼油厂 | D21: =IF(取值!C17=0,"",取值!C17) | E21: =SUM(D21,取值!D17) -> 0 | F21: =IF(取值!E17=0,"",取值!E17) | G21: =SUM(F21,取值!F17) -> 0 | H21: 96 | I21: =SUM(H21,取值!H17) -> 96 | J21: 3008.44 | K21: =SUM(J21,取值!J17) -> 3008.44
C22: 榆林炼油厂 | D22: =IF(取值!C18=0,"",取值!C18) | E22: =SUM(D22,取值!D18) -> 0 | F22: =IF(取值!E18=0,"",取值!E18) | G22: =SUM(F22,取值!F18) -> 0 | H22: =IF(取值!G18=0,"",取值!G18) | I22: =SUM(H22,取值!H18) -> 0 | J22: =IF(取值!I18=0,"",取值!I18) | K22: =SUM(J22,取值!J18) -> 0
C23: 外销 | D23: =IF(取值!C19=0,"",取值!C19) | E23: =SUM(D23,取值!D19) -> 0 | F23: =IF(取值!E19=0,"",取值!E19) | G23: =SUM(F23,取值!F19) -> 0 | H23: =IF(取值!G19=0,"",取值!G19) | I23: =SUM(H23,取值!H19) -> 0 | J23: =IF(取值!I19=0,"",取值!I19) | K23: =SUM(J23,取值!J19) -> 0
B24: 九、精制硫磺 | C24: 外销 | D24: =IF(取值!C20=0,"",取值!C20) | E24: =SUM(D24,取值!D20) -> 0 | F24: =IF(取值!E20=0,"",取值!E20) | G24: =SUM(F24,取值!F20) -> 0 | H24: 4 | I24: =SUM(H24,取值!H20) -> 4 | J24: 136 | K24: =SUM(J24,取值!J20) -> 136
B25: 备注

Sheet 取值
A1: 物料名称 | B1: 调运单位 | C1: 调入 | G1: 调出 | K1: 报表生成时间： | L1: 2025-02-01 | M1: 8:00:00
C2: 车次 | E2: 调运量 | G2: 车次 | I2: 调运量
C3: 本月 | D3: 累计 | E3: 本月 | F3: 累计 | G3: 本月 | H3: 累计 | I3: 本月 | J3: 累计
A4: 一、常压石脑油 | B4: 永坪炼油厂 | C4: 845 | E4: 27138.16
B5: 榆林炼油厂 | C5: 8 | E5: 486.3
A6: 二、催化柴油 | B6: 永坪炼油厂 | E6: 0
B7: 榆林炼油厂 | C7: 0 | E7: 0
A8: 三、常压柴油 | B8: 永坪炼油厂 | C8: 0 | E8: 0
B9: 榆林炼油厂
A10: 四、粗硫磺 | B10: 永坪炼油厂
B11: 榆林炼油厂
A13: 五、异丁烷 | B13: 榆能化 | C13: 0 | E13: 0
A14: 六、烷基化油 | B14: 榆林炼油厂 | G14: 175 | I14: 5423.4
B15: 永坪炼油厂 | G15: 159 | I15: 4972.5
B16: 外销 | G16: 0 | I16: 0
A17: 七、MTBE | B17: 永坪炼油厂 | G17: 96 | I17: 3008.44
B18: 榆林炼油厂 | G18: 0 | I18: 0
B19: 外销 | G19: 0 | I19: 0
A20: 八、精制硫磺 | B20: 外销 | I20: 136
C21: 44 | E21: 1064.76
