Workbook

Sheet 油品动态
B2: =取值!A1&取值!B1 -> 2026-01-07油品动态
B3: 原 油 | H3: 1# 渣 油
B4: 罐号 | C4: 容积(m3) | D4: 安全高度(米) | E4: 油尺 | F4: 油量(吨) | G4: 空量(吨) | H4: 罐号 | I4: 容积(m3) | J4: 安全高度(米) | K4: 油尺 | L4: 油量(吨) | M4: 空量(吨)
B5: 6101 | C5: 10000 | D5: 14.2 | E5: 3.58 | F5: 1897.4 | G5: =IF(E5=0,0,(14.2-E5)*530) -> 5628.6 | H5: 6201 | I5: 10000 | J5: 16.03 | K5: 4.6 | L5: =K5*522 -> 2401.2 | M5: =IF(K5=0,0,(16.03-K5)*522) -> 5966.46
B6: 6102 | C6: 10000 | D6: 14.2 | E6: 9.66 | F6: =E6*530 -> 5119.8 | G6: =IF(E6=0,0,(14.2-E6)*530) -> 2406.2 | H6: 6202 | I6: 5000 | J6: 10.8 | K6: 2.75 | L6: =K6*388 -> 1067 | M6: =IF(K6=0,0,(10.8-K6)*388) -> 3123.4
B7: 6105 | C7: 10000 | D7: 14.2 | E7: 4.45 | F7: =E7*530 -> 2358.5 | G7: =IF(E7=0,0,(14.2-E7)*530) -> 5167.5 | H7: 6204 | I7: 20000 | J7: 16.03 | K7: 7.06 | L7: =K7*997 -> 7038.82 | M7: =IF(K7=0,0,(16.03-K7)*997) -> 8943.09
B8: 6106 | C8: 10000 | D8: 14.2 | E8: 10.53 | F8: =E8*530 -> 5580.9 | G8: =IF(E8=0,0,(14.2-E8)*530) -> 1945.1 | H8: 6205 | I8: 20000 | J8: 16.03 | K8: 6.9 | L8: =K8*996 -> 6872.4 | M8: =IF(K8=0,0,(16.03-K8)*996) -> 9093.48
B9: 9501 | C9: 10000 | D9: 13.6 | E9: 11.85 | F9: =E9*530 -> 6280.5 | G9: =IF(E9=0,0,(13.6-E9)*530) -> 927.5 | H9: 9505 | I9: 5000 | J9: 8.5 | K9: 7.71 | L9: =K9*282 -> 2174.22 | M9: =IF(K9=0,0,(8.5-K9)*278) -> 219.62
B10: 9502 | C10: 10000 | D10: 13.6 | E10: 11.68 | F10: =E10*530 -> 6190.4 | G10: =IF(E10=0,0,(13.6-E10)*530) -> 1017.6 | H10: 9506 | I10: 5000 | J10: 13.67 | K10: 11.06 | L10: =K10*282 -> 3118.92 | M10: =IF(K10=0,0,(13.67-K10)*278) -> 725.58
B11: 9503 | C11: 10000 | D11: 13.6 | E11: 11.2 | F11: =E11*530 -> 5936 | G11: =IF(E11=0,0,(13.6-E11)*530) -> 1272 | H11: 9507 | I11: 5000 | J11: 13.67 | K11: 7.21 | L11: =K11*280 -> 2018.8 | M11: =IF(K11=0,0,(13.67-K11)*278) -> 1795.88
B12: 9510 | C12: 20000 | D12: 13.4 | E12: 8.91 | F12: =E12*1045 -> 9310.95 | G12: =IF(E12=0,0,(13.4-E12)*1045) -> 4692.05 | H12: 9508 | I12: 5000 | J12: 13.67 | K12: 6.73 | L12: =K12*280 -> 1884.4 | M12: =IF(K12=0,0,(13.67-K12)*278) -> 1929.32
B13: 合计 | F13: =SUM(F5:F12) -> 42674.45 | G13: =SUM(G5:G12) -> 23056.55 | H13: 23601 | I13: 5000 | J13: 15.38 | K13: 14.82 | L13: =K13*277 -> 4105.14 | M13: =IF(K13=0,0,(15.38-K13)*278) -> 155.68
B14: 航煤原油掺炼污油专罐 | H14: 23602 | I14: 5000 | J14: 15.38 | K14: 10.8 | L14: =K14*277 -> 2991.6 | M14: =IF(K14=0,0,(15.38-K14)*278) -> 1273.24
B15: 6104 | C15: 5000 | D15: 12.8 | E15: 2.62 | F15: =E15*319 -> 835.78 | G15: =IF(E15=0,0,(12.8-E15)*319) -> 3247.42 | H15: 23603 | I15: 5000 | J15: 15.38 | K15: 11.15 | L15: =K15*277 -> 3088.55 | M15: =IF(K15=0,0,(15.38-K15)*278) -> 1175.94
B16: 环 保 应 急 罐 | H16: 23604 | I16: 5000 | J16: 15.38 | K16: 11.18 | L16: =K16*277 -> 3096.86 | M16: =IF(K16=0,0,(15.38-K16)*278) -> 1167.6
B17: 6103 | C17: 5000 | D17: 12.8 | E17: 3.43 | F17: =E17*319 -> 1094.17 | G17: =IF(E17=0,0,(12.8-E17)*319) -> 2989.03 | H17: 合计 | L17: =SUM(L5:L16) -> 39857.91 | M17: =SUM(M5:M16) -> 35569.29
B18: 9504 | C18: 10000 | D18: 13.6 | E18: 3.39 | F18: =E18*530 -> 1796.7 | G18: =IF(E18=0,0,(13.6-E18)*530) -> 5411.3 | H18: 6203 | K18: 0 | L18: =K18*388 -> 0 | M18: =取值!C1 -> 0
B19: 9509 | C19: 20000 | D19: 13 | E19: 2.88 | F19: =E19*1244 -> 3582.72 | G19: =IF(E19=0,0,(13-E19)*1244) -> 12589.28 | H19: 催 化 柴 油
B20: 合计 | F20: =SUM(F17:F19) -> 6473.59 | G20: =SUM(G17:G19) -> 20989.61 | H20: 罐号 | I20: 容积(m3) | J20: 安全高度(米) | K20: 油尺 | L20: 油量(吨) | M20: 空量(吨)
B21: 常 压 石 脑 油 | H21: 6801 | I21: 10000 | J21: 16.03 | K21: 7.17 | L21: =K21*492 -> 3527.64 | M21: =IF(K21=0,0,(16.03-K21)*492) -> 4359.12
B22: 罐号 | C22: 容积(m3) | D22: 安全高度(米) | E22: 油尺 | F22: 油量(吨) | G22: 空量(吨) | H22: 6802 | I22: 10000 | J22: 16.03 | K22: 2.96 | L22: =K22*492 -> 1456.32 | M22: =IF(K22=0,0,(16.03-K22)*492) -> 6430.44
B23: 6803 | C23: 10000 | D23: 16.03 | E23: 15.08 | F23: =E23*439 -> 6620.12 | G23: =IF(E23=0,0,(16.03-E23)*439) -> 417.05 | H23: 合计 | L23: =SUM(L21:L22) -> 4983.96 | M23: =SUM(M21:M22) -> 10789.56
B24: 6804 | C24: 10000 | D24: 16.03 | E24: 11.91 | F24: =E24*439 -> 5228.49 | G24: =IF(E24=0,0,(16.03-E24)*439) -> 1808.68 | H24: 常 压 直 馏 柴 油
B25: 合计 | F25: =SUM(F23:F24) -> 11848.61 | G25: =SUM(G23:G24) -> 2225.73 | H25: 罐号 | I25: 容积(m3) | J25: 安全高度(米) | K25: 油尺 | L25: 油量(吨) | M25: 空量(吨)
B26: 过 剩 精 制 汽 油 | H26: 9527 | I26: 10000 | J26: 15.5 | K26: 7.33 | L26: =K26*478 -> 3503.74 | M26: =IF(K26=0,0,(15.5-K26)*478) -> 3905.26
B27: 罐号 | C27: 容积(m3) | D27: 安全高度(米) | E27: 油尺 | F27: 油量(吨) | G27: 空量(吨) | H27: 9528 | I27: 10000 | J27: 10 | K27: 5.95 | L27: =K27*478 -> 2844.1 | M27: =IF(K27=0,0,(10-K27)*478) -> 1935.9
B28: 9511 | C28: 5000 | D28: 13 | E28: 10.02 | F28: =E28*225 -> 2254.5 | G28: =IF(E28=0,0,(13-E28)*225) -> 670.5 | H28: 合计 | L28: =SUM(L26:L27) -> 6347.84 | M28: =SUM(M26:M27) -> 5841.16
B29: =_xlfn.IFERROR(IF(取值!C157=0,"",取值!C157),"") | C29: 5000 | D29: 13 | E29: =_xlfn.IFERROR(IF(B29=9529,ROUND(取值!B73,2),IF(B29=9530,ROUND(取值!B74,2),IF(B29=823,ROUND(取值!B99,2),IF(B29=824,ROUND(取值!B86,2),"")))),"") | F29: =_xlfn.IFERROR(IF(E29="","",E29*218),"") | G29: =IF(E29=0,0,_xlfn.IFERROR(IF(E29="","",(13-E29)*225),""))
B30: =_xlfn.IFERROR(IF(取值!C158=0,"",取值!C158),"") | C30: 5000 | D30: 13 | E30: =_xlfn.IFERROR(IF(B30=9529,ROUND(取值!B73,2),IF(B30=9530,ROUND(取值!B74,2),IF(B30=823,ROUND(取值!B99,2),IF(B30=824,ROUND(取值!B86,2),"")))),"") | F30: =_xlfn.IFERROR(IF(E30="","",E30*218),"") | G30: =IF(E30=0,0,_xlfn.IFERROR(IF(E30="","",(13-E30)*215),""))
B31: 合计 | F31: =SUM(F28:F30) -> 2254.5 | G31: =SUM(G28:G30) -> 670.5 | H31: 0# 柴 油
B32: 催 化 汽 油（原料） | H32: 罐号 | I32: 容积(m3) | J32: 安全高度(米) | K32: 油尺 | L32: 油量(吨) | M32: 空量(吨)
B33: 罐号 | C33: 容积(m3) | D33: 安全高度(米) | E33: 油尺 | F33: 油量(吨) | G33: 空量(吨) | H33: 801 | I33: 10000 | J33: 13.4 | K33: 13.09 | L33: =K33*515 -> 6741.35 | M33: =IF(K33=0,0,(13.4-K33)*515) -> 159.65
B34: 9512 | C34: 5000 | D34: 13 | E34: 9.92 | F34: =E34*232.5 -> 2306.4 | G34: =IF(E34=0,0,(13-E34)*228) -> 702.24 | H34: 802 | I34: 10000 | J34: 13.4 | K34: 13.09 | L34: =K34*515 -> 6741.35 | M34: =IF(K34=0,0,(13.4-K34)*515) -> 159.65
B35: 9513 | C35: 5000 | D35: 13 | E35: 7.62 | F35: =E35*223 -> 1699.26 | G35: =IF(E35=0,0,(13-E35)*225) -> 1210.5 | H35: 803 | I35: 10000 | J35: 13.4 | K35: 9.54 | L35: =K35*515 -> 4913.1 | M35: =IF(K35=0,0,(13.4-K35)*515) -> 1987.9
B36: 合计 | F36: =SUM(F35) -> 1699.26 | G36: =SUM(G35) -> 1210.5 | H36: 804 | I36: 10000 | J36: 13.4 | K36: 9.15 | L36: =K36*515 -> 4712.25 | M36: =IF(K36=0,0,(13.4-K36)*515) -> 2188.75
B37: MTBE | H37: 810 | I37: 5000 | J37: 10.2 | K37: 2.61 | L37: =K37*365 -> 952.65 | M37: =IF(K37=0,0,(10.2-K37)*365) -> 2770.35
B38: 罐号 | C38: 容积(m3) | D38: 安全高度(米) | E38: 油尺 | F38: 油量(吨) | G38: 空量(吨) | H38: 811 | I38: 5000 | J38: 10.2 | K38: 3.41 | L38: =K38*365 -> 1244.65 | M38: =IF(K38=0,0,(10.2-K38)*365) -> 2478.35
B39: 24903 | C39: 1000 | D39: 7.6 | E39: 3.16 | F39: =E39*68 -> 214.88 | G39: =IF(E39=0,0,(7.6-E39)*68) -> 301.92 | H39: 812 | I39: 10000 | J39: 13.4 | K39: 2.7 | L39: =K39*575 -> 1552.5 | M39: 6152.5
B40: 24904 | C40: 1000 | D40: 7.6 | E40: 4.91 | F40: =E40*68 -> 333.88 | G40: =IF(E40=0,0,(7.6-E40)*68) -> 182.92 | H40: 813 | I40: 10000 | J40: 13.4 | K40: 10.92 | L40: =K40*575 -> 6279 | M40: =IF(K40=0,0,(13.4-K40)*575) -> 1426
B41: 24905 | C41: 1000 | D41: 7.6 | E41: 3.31 | F41: =E41*81 -> 268.11 | G41: =IF(E41=0,0,(7.6-E41)*81) -> 347.49 | H41: 818 | I41: 5000 | J41: 12.5 | K41: 12.11 | L41: =K41*305 -> 3693.55 | M41: =IF(K41=0,0,(12.5-K41)*305) -> 118.95
B42: 9514 | C42: 5000 | D42: 13 | E42: 12.29 | F42: =E42*232.5 -> 2857.425 | G42: =IF(E42=0,0,(13-E42)*225) -> 159.75 | H42: 819 | I42: 5000 | J42: 12.5 | K42: 12.14 | L42: =K42*305 -> 3702.7 | M42: =IF(K42=0,0,(12.5-K42)*305) -> 109.8
B43: 9516 | C43: 5000 | D43: 9.76 | E43: 8.46 | F43: =E43*224 -> 1895.04 | G43: =IF(E43=0,0,(13-E43)*225) -> 1021.5 | H43: 26103 | I43: 20000 | J43: 15.5 | K43: 5.85 | L43: =K43*926 -> 5417.1 | M43: =IF(K43=0,0,(15.5-K43)*926) -> 8935.9
B44: 合计 | F44: =SUM(F39:F43) -> 5569.335 | G44: =SUM(G39:G43) -> 2013.58 | H44: 26104 | I44: 20000 | J44: 15.5 | K44: 7.04 | L44: =K44*926 -> 6519.04 | M44: =IF(K44=0,0,(15.5-K44)*926) -> 7833.96
B45: 二甲苯 | H45: 合计 | L45: =SUM(L33:L44) -> 52469.24 | M45: =SUM(M33:M44) -> 34321.76
B46: 9515 | C46: 1000 | D46: 7.6 | E46: 3.3 | F46: =E46*232.5 -> 767.25 | G46: =IF(E46=0,0,(9.76-E46)*232.5) -> 1501.95 | H46: 3#喷气 燃 料 油
B47: 合计 | F47: =SUM(F46) -> 767.25 | G47: =SUM(G46) -> 1501.95 | H47: 26105 | I47: 20000 | J47: 15.5 | K47: 14.25 | L47: =K47*892 -> 12711 | M47: =IF(K47=0,0,(15.5-K47)*892) -> 1115
B48: 航 煤 原 料 | H48: 26106 | I48: 20000 | J48: 15.5 | K48: 14.78 | L48: =K48*892 -> 13183.76 | M48: =IF(K48=0,0,(15.5-K48)*892) -> 642.24
B49: 9525 | C49: 10000 | D49: 15.12 | E49: 12.27 | F49: =E49*468 -> 5742.36 | G49: =IF(E49=0,0,(15.12-E49)*467) -> 1330.95 | H49: 26107 | I49: 20000 | J49: 15.5 | K49: 13.77 | L49: =K49*892 -> 12282.84 | M49: =IF(K49=0,0,(15.5-K49)*892) -> 1543.16
B50: 9526 | C50: 10000 | D50: 15.12 | E50: 3.37 | F50: =E50*468 -> 1577.16 | G50: =IF(E50=0,0,(15.12-E50)*467) -> 5487.25 | H50: 合计 | L50: =SUM(L47:L49) -> 38177.6 | M50: =SUM(M47:M49) -> 3300.4
B51: 合计 | F51: =SUM(F49:F50) -> 7319.52 | G51: =SUM(G49:G50) -> 6818.2 | H51: 乙 苯
B52: 烷 基 化 油 | H52: 罐号 | I52: 容积(m3) | J52: 安全高度(米) | K52: 油尺 | L52: 油量(吨) | M52: 空量(吨)
B53: 罐号 | C53: 容积(m3) | D53: 安全高度(米) | E53: 油尺 | F53: 油量(吨) | G53: 空量(吨) | H53: 2101 | I53: 3000 | J53: 13.76 | K53: 9.29 | L53: =K53*172 -> 1597.88 | M53: =IF(K56=0,0,(13-K53)*172) -> 638.12
B54: 9529 | C54: 5000 | D54: 13 | E54: 12.22 | F54: =_xlfn.IFERROR(IF(E54="","",E54*218),"") -> 2663.96 | G54: =IF(E54=0,0,_xlfn.IFERROR(IF(E54="","",(13-E54)*224),"")) -> 174.72 | H54: 2102 | I54: 3000 | J54: 13 | K54: 7.48 | L54: =K54*172 -> 1286.56 | M54: =IF(K54=0,0,(13-K54)*172) -> 949.44
B55: 9530 | C55: 5000 | D55: 13 | E55: 11.84 | F55: =_xlfn.IFERROR(IF(E55="","",E55*218),"") -> 2581.12 | G55: =IF(E55=0,0,_xlfn.IFERROR(IF(E55="","",(13-E55)*224),"")) -> 259.84 | H55: 2103 | I55: 1000 | J55: 10.7 | K55: 4.82 | L55: =K55*82 -> 395.24 | M55: =IF(K55=0,0,(10.7-K55)*81) -> 476.28
B56: 合计 | F56: =SUM(F54:F55) -> 5245.08 | G56: =SUM(G54:G55) -> 434.56 | H56: 2104 | I56: 1000 | J56: 10.7 | K56: 3.7 | L56: =K56*81 -> 299.7 | M56: =IF(K56=0,0,(10.3-K56)*81) -> 534.6
B57: 92# 汽 油 | H57: 合计 | L57: =SUM(L54:L56) -> 1981.5 | M57: =SUM(M52:M56) -> 2598.44
B58: 罐号 | C58: 容积(m3) | D58: 安全高度(米) | E58: 油尺 | F58: 油量(吨) | G58: 空量(吨) | H58: 烃 化 液
B59: 806 | C59: 5000 | D59: 11.2 | E59: 5.07 | F59: =E59*300 -> 1521 | G59: =IF(F59=0,0,(11.2-E59)*300) -> 1839 | H59: 罐号 | I59: 容积(m3) | J59: 安全高度(米) | K59: 油尺 | L59: 油量(吨) | M59: 空量(吨)
B60: 807 | C60: 5000 | D60: 11.2 | E60: 10.79 | F60: =E60*300 -> 3237 | G60: =IF(F60=0,0,(11.2-E60)*300) -> 123 | H60: 2105 | I60: 3000 | J60: 13.76 | K60: 4.43 | L60: =K60*172 -> 761.96 | M60: =IF(K60=0,0,(13.76-K60)*172) -> 1604.76
B61: =_xlfn.IFERROR(IF(取值!C144=0,"",取值!C144),"") | E61: =_xlfn.IFERROR(IF(B61=821,ROUND(取值!B85,2),IF(B61=822,ROUND(取值!B98,2),IF(B61=823,ROUND(取值!B99,2),IF(B61=824,ROUND(取值!B86,2),"")))),"") | F61: =_xlfn.IFERROR(IF(E61="","",E61*520),"") | G61: =IF(E61=0,0,_xlfn.IFERROR(IF(E61="","",(20-E61)*520),"")) | H61: 合计 | L61: =SUM(L53:L60) -> 6322.84 | M61: =SUM(M53:M60) -> 6801.64
B62: 822 | C62: 15000 | D62: 20 | E62: 5.66 | F62: =_xlfn.IFERROR(IF(E62="","",E62*520),"") -> 2943.2 | G62: =IF(E62=0,0,_xlfn.IFERROR(IF(E62="","",(20-E62)*520),"")) -> 7456.8 | H62: 脱 氢 液
B63: 823 | C63: 15000 | D63: 20 | E63: 5.55 | F63: =_xlfn.IFERROR(IF(E63="","",E63*520),"") -> 2886 | G63: =IF(E63=0,0,_xlfn.IFERROR(IF(E63="","",(20-E63)*520),"")) -> 7514 | H63: 罐号 | I63: 容积(m3) | J63: 安全高度(米) | K63: 油尺 | L63: 油量(吨) | M63: 空量(吨)
B64: 825 | C64: 15000 | D64: 15.5 | E64: 14.84 | F64: =_xlfn.IFERROR(IF(E64="","",E64*595),"") -> 8829.8 | G64: =IF(E64=0,0,_xlfn.IFERROR(IF(E64="","",(15.5-E64)*595),"")) -> 392.7 | H64: 2106 | I64: 3000 | J64: 13.76 | K64: 3.58 | L64: =K64*182 -> 651.56 | M64: =IF(K64=0,0,(13.76-K64)*182) -> 1852.76
B65: 826 | C65: 15000 | D65: 15.5 | E65: 7.2 | F65: =_xlfn.IFERROR(IF(E65="","",E65*595),"") -> 4284 | G65: =IF(E65=0,0,_xlfn.IFERROR(IF(E65="","",(15.5-E65)*595),"")) -> 4938.5 | H65: 合计 | L65: =SUM(L64) -> 651.56 | M65: =SUM(M64) -> 1852.76
B66: 26101 | C66: 20000 | D66: 15.5 | E66: 4.82 | F66: =E66*840 -> 4048.8 | G66: =IF(F66=0,0,(15.5-E66)*840) -> 8971.2 | H66: 石 油 苯
B67: 合计 | F67: =SUM(F59:F66) -> 27749.8 | G67: =SUM(G59:G66) -> 31235.2 | H67: 罐号 | I67: 容积(m3) | J67: 安全高度(米) | K67: 油尺 | L67: 油量(吨) | M67: 空量(吨)
B68: 815 | E68: 4.69 | F68: =E68*275 -> 1289.75 | H68: 2107 | I68: 700 | J68: 9.6 | K68: 7.85 | L68: =K68*54 -> 423.9 | M68: =IF(K68=0,0,(9.6-K68)*54) -> 94.5
B69: 95# 汽 油 | H69: 2108 | I69: 700 | J69: 9.6 | K69: 8.16 | L69: =K69*54 -> 440.64 | M69: =IF(K69=0,0,(9.6-K69)*54) -> 77.76
B70: 罐号 | C70: 容积(m3) | D70: 安全高度(米) | E70: 油尺 | F70: 油量(吨) | G70: 空量(吨) | H70: 2109 | I70: 700 | J70: 9.6 | K70: 7.24 | L70: =K70*54 -> 390.96 | M70: =IF(K70=0,0,(9.6-K70)*54) -> 127.44
B71: 814 | C71: 5000 | D71: 12.5 | E71: 9.91 | F71: =E71*275 -> 2725.25 | G71: =IF(F71=0,0,(12.5-E71)*275) -> 712.25 | H71: 2110 | I71: 700 | J71: 9.6 | K71: 8.66 | L71: =K71*54 -> 467.64 | M71: =IF(K71=0,0,(9.6-K71)*54) -> 50.76
B72: 816 | C72: 5000 | D72: 12.5 | E72: 2.9 | F72: =E72*275 -> 797.5 | G72: =IF(F72=0,0,(12.5-E72)*275) -> 2640 | H72: 2113 | I72: 500 | J72: 8.6 | K72: 3.97 | L72: =K72*44 -> 174.68 | M72: =IF(K72=0,0,(8.6-K72)*44) -> 203.72
B73: 817 | C73: 5000 | D73: 12.5 | E73: 2.68 | F73: =E73*275 -> 737 | G73: =IF(F73=0,0,(12.5-E73)*275) -> 2700.5 | H73: 合计 | L73: =SUM(L68:L72) -> 1897.82 | M73: =SUM(M68:M72) -> 554.18
B74: 821 | C74: 15000 | D74: 20 | E74: 11.68 | F74: =_xlfn.IFERROR(IF(E74="","",E74*520),"") -> 6073.6 | G74: =IF(E74=0,0,_xlfn.IFERROR(IF(E74="","",(20-E74)*520),"")) -> 4326.4 | H74: 不 合 格 苯
B75: 824 | C75: 15000 | D75: 20 | E75: 17.56 | F75: =_xlfn.IFERROR(IF(E75="","",E75*520),"") -> 9131.2 | G75: =IF(E75=0,0,_xlfn.IFERROR(IF(E75="","",(20-E75)*520),"")) -> 1268.8 | H75: 罐号 | I75: 容积(m3) | J75: 安全高度(米) | K75: 油尺 | L75: 油量(吨) | M75: 空量(吨)
B76: =_xlfn.IFERROR(IF(取值!C151=0,"",取值!C151),"") | E76: =_xlfn.IFERROR(IF(B76=821,ROUND(取值!B85,2),IF(B76=822,ROUND(取值!B98,2),IF(B76=823,ROUND(取值!B99,2),IF(B76=824,ROUND(取值!B86,2),"")))),"") | F76: =_xlfn.IFERROR(IF(E76="","",E76*520),"") | G76: =IF(E76=0,0,_xlfn.IFERROR(IF(E76="","",(20-E76)*520),"")) | H76: 2114 | I76: 500 | J76: 8.6 | K76: 3.15 | L76: =K76*44 -> 138.6 | M76: =IF(K76=0,0,(8.6-K76)*44) -> 239.8
B77: 26102 | C77: 20000 | D77: 15.5 | E77: 5.82 | F77: =E77*840 -> 4888.8 | G77: =IF(F77=0,0,(15.5-E77)*840) -> 8131.2 | H77: 醋 酸 原 料
B78: 合计 | F78: =SUM(F71:F77) -> 24353.35 | G78: =SUM(G71:G77) -> 19779.15 | H78: 罐号 | I78: 容积(m3) | J78: 安全高度(米) | K78: 油尺 | L78: 油量(吨) | M78: 空量(吨)
B79: =_xlfn.IFERROR(IF(取值!C152=0,"",取值!C152),"") | E79: =_xlfn.IFERROR(IF(B79=821,ROUND(取值!B86,2),IF(B79=822,ROUND(取值!B99,2),IF(B79=823,ROUND(取值!B100,2),IF(B79=824,ROUND(取值!B89,2),"")))),"") | F79: =_xlfn.IFERROR(IF(E79="","",E79*595),"") | G79: =IF(E79=0,0,_xlfn.IFERROR(IF(E79="","",(15.5-E79)*595),""))
B80: =_xlfn.IFERROR(IF(取值!C153=0,"",取值!C153),"") | E80: =_xlfn.IFERROR(IF(B80=821,ROUND(取值!B89,2),IF(B80=822,ROUND(取值!B100,2),IF(B80=823,ROUND(取值!B101,2),IF(B80=824,ROUND(取值!B90,2),"")))),"") | F80: =_xlfn.IFERROR(IF(E80="","",E80*595),"") | G80: =IF(E80=0,0,_xlfn.IFERROR(IF(E80="","",(15.5-E80)*595),""))
B81: 98# 汽 油 | H81: TK3001A | I81: 500 | J81: 8.5 | K81: 6.8268 | L81: =K81*53 -> 361.8204 | M81: =IF(K81=0,0,(8.5-K81)*53) -> 88.6796
B82: 罐号 | C82: 容积(m3) | D82: 安全高度(米) | E82: 油尺 | F82: 油量(吨) | G82: 空量(吨) | H82: TK3001B | I82: 500 | J82: 8.5 | K82: 7.83734 | L82: =K82*53 -> 415.37902 | M82: =IF(K82=0,0,(8.5-K82)*53) -> 35.12098
B83: G-821 | C83: 15000 | D83: 20 | F83: =E83*520 -> 0 | G83: =IF(F83=0,0,(20-E83)*520) -> 0 | H83: 合 计 | L83: =SUM(L81:L82) -> 777.19942 | M83: =SUM(M81:M82) -> 123.80058
B84: 苯 乙 烯 | H84: 醋 酸 仲 丁 酯
B85: 罐号 | C85: 容积(m3) | D85: 安全高度(米) | E85: 油尺 | F85: 油量(吨) | G85: 空量(吨) | H85: 罐号 | I85: 容积(m3) | J85: 安全高度(米) | K85: 油尺 | L85: 油量(吨) | M85: 空量(吨)
B86: 2115 | C86: 500 | D86: 8.1 | E86: 3.68 | F86: =E86*46 -> 169.28 | G86: =IF(E86=0,0,(8.1-E86)*46) -> 203.32 | H86: 3002A | I86: 1000 | J86: 9.6 | K86: 6.39438 | L86: =K86*80 -> 511.5504 | M86: =IF(K86=0,0,(9.6-K86)*80) -> 256.4496
B87: 2116 | C87: 500 | D87: 8.1 | E87: 4.57 | F87: =E87*46 -> 210.22 | G87: =IF(E87=0,0,(8.1-E87)*46) -> 162.38 | H87: 3002B | I87: 1000 | J87: 9.6 | K87: 3.50879 | L87: =K87*80 -> 280.7032 | M87: =IF(K87=0,0,(9.6-K87)*80) -> 487.2968
B88: 2117 | C88: 5000 | D88: 15.3 | E88: 3.28 | F88: =E88*272 -> 892.16 | G88: =IF(E88=0,0,(15.3-E88)*272) -> 3269.44 | H88: 合计 | L88: =SUM(L86:L87) -> 792.2536 | M88: =SUM(M86:M87) -> 743.7464
B89: 2118 | C89: 5000 | D89: 15.3 | E89: 3.16 | F89: =E89*272 -> 859.52 | G89: =IF(E89=0,0,(15.3-E89)*272) -> 3302.08 | H89: 原油入库 | L89: 15115
B90: 合计 | F90: =SUM(F86:F89) -> 2131.18 | G90: =SUM(G86:G89) -> 6937.22 | H90: 末站原油 | L90: 14688
B91: 甲 醇 原 料 | H91: 长庆原油 | L91: 0
B92: 罐号 | C92: 容积(m3) | D92: 安全高度(米) | E92: 油尺 | F92: 油量(吨) | G92: 空量(吨) | H92: 进口原油 | L92: 427
B93: 24901 | C93: 1000 | D93: 9.2 | E93: 6.8 | F93: =E93*73 -> 496.4 | G93: =IF(E93=0,0,(9.2-E93)*73) -> 175.2 | H93: 末站库存 | L93: 99188
B94: 24902 | C94: 1000 | D94: 9.2 | E94: 6.31 | F94: =E94*73 -> 460.63 | G94: =IF(E94=0,0,(9.2-E94)*73) -> 210.97 | H94: 末站进油量 | L94: 418
B95: 合计 | F95: =SUM(F93:F94) -> 957.03 | G95: =SUM(G93:G94) -> 386.17 | H95: 一次加工 | L95: 16826
B96: 老区高位水罐 | F96: 5000m3 | H96: 二次加工 | L96: 8809
B97: 咀头高位水罐 | F97: 5000m3 | H97: 自产渣油 | L97: 8589
B98: 二甲苯卸车 | H98: 饱和液化气库存 | L98: 292
B99: 饱和液化气卸车 | F99: 225 | H99: 原料液化气库存 | L99: 4528
B100: 原料液化气卸车 | F100: 1056 | H100: 丙烯原料库存 | L100: 733
B101: 民用气内调 | F101: 603 | H101: MTBE原料库存 | L101: 198
...

Sheet 取值
A1: 2026-01-07 | B1: 油品动态 | C1: 0 | L1: 20230914更新
A3: 6101 | B3: 3.589725 | M3: 王静
A4: 6102 | B4: 9.667504
A5: 6105 | B5: 4.456197
A6: 6106 | B6: 10.55229
A7: 9501 | B7: 11.81396
A8: 9502 | B8: 11.72607
A9: 9503 | B9: 10.78818
A10: 9510 | B10: 8.879654
A12: 6104 | B12: 2.622185
A14: 6201 | B14: 4.613108
A15: 6202 | B15: 2.754536
A16: 6204 | B16: 7.067131
A17: 6205 | B17: 6.905524
... A35: 6804 | B35: 11.9147
A37: 9527 | B37: 7.330278 | N37: 米系数
A38: 9528 | B38: 5.947126
A40: 9511 | B40: 10.02477
A41: 9514 | B41: 12.29096
A42: 9516 | B42: 8.457937
A45: 801 | B45: 13.09319
A46: 802 | B46: 13.091
A47: 803 | B47: 9.645005
A48: 804 | B48: 9.155269
A49: 810 | B49: 2.611139
A50: 811 | B50: 3.416842
A51: 812 | B51: 2.679999
A52: 813 | B52: 10.88624
... A111: 2117 | B111: 3.278337
A112: 2118
A114: TK3001A | B114: 6826.804
A115: TK3001B | B115: 7837.337
B116: 7837.337
A117: 3002A | B117: 6394.378
A118: 3002B | B118: 3508.785
A120: 24901 | B120: 6.80173
A121: 24902 | B121: 6.312459
J124: 原油入库 | K124: =_xlfn.IFERROR(SUM(L124:R124),0) -> 14688 | L124: 0 | M124: 14688 | N124: 0 | O124: 0 | P124: 0 | Q124: 0 | R124: 0
J125: 末站原油 | K125: =_xlfn.IFERROR(ROUND(M124,0),0) -> 14688
J126: 长庆原油 | K126: =_xlfn.IFERROR(ROUND(L124,0),0) -> 0
A127: 老区高位水罐 | B127: 5000m3 | J127: 末站库存
A128: 咀头高位水罐 | B128: 5000m3 | J128: 末站进油量
A129: 榆能化公司1#渣油 | J129: 一次加工 | K129: =_xlfn.IFERROR(SUM(L129,M129),0) -> 16826 | L129: 7325 | M129: 9501
A130: 榆能化1#渣油 | J130: 二次加工 | K130: =_xlfn.IFERROR(SUM(L130:O130),0) -> 8867 | L130: 2809 | M130: 10 | N130: 48 | O130: 6000
A131: 永炼1#渣油卸车 | B131: =_xlfn.IFERROR(SUM(C131),0) -> 0 | C131: 0 | J131: 自产渣油 | K131: =_xlfn.IFERROR(SUM(L131,M131),0) -> 8589 | L131: 3741 | M131: 4848
A132: 饱和液化气卸车 | B132: =_xlfn.IFERROR(SUM(C132),0) -> 225 | C132: 225 | J132: 饱和液化气库存 | K132: =_xlfn.IFERROR(SUM(L132),0) -> 292 | L132: 292
A133: 原料液化气卸车 | B133: =_xlfn.IFERROR(SUM(C133),0) -> 1056 | C133: 1056 | J133: 原料液化气库存 | K133: =_xlfn.IFERROR(SUM(L133:M133),0) -> 4528 | L133: 2037 | M133: 2491
A134: 苯乙烯销售 | B134: =_xlfn.IFERROR(SUM(C134),0) -> 164 | C134: 164 | J134: 丙烯原料库存 | K134: =_xlfn.IFERROR(SUM(L134),0) -> 733 | L134: 733
A135: 2#渣油销售 | B135: =_xlfn.IFERROR(SUM(C135),0) -> 63 | C135: 63 | J135: MTBE原料库存 | K135: =_xlfn.IFERROR(SUM(L135),0) -> 198 | L135: 198
A136: 民用气销售 | B136: =_xlfn.IFERROR(SUM(C136),0) -> 0 | C136: 0 | J136: 民用气库存 | K136: =_xlfn.IFERROR(SUM(L136:M136),0) -> 1343 | L136: 262 | M136: 1081
A137: 正丁烷销售 | J137: 醚后C4库存 | K137: =_xlfn.IFERROR(SUM(L137:M137),0) -> 651 | L137: 196 | M137: 455
A138: 丙烯销售 | B138: =_xlfn.IFERROR(SUM(C138),0) -> 0 | C138: 0 | J138: 酯后C4库存 | K138: =_xlfn.IFERROR(SUM(L138),0) -> 504 | L138: 504
A139: SBA销售 | B139: =_xlfn.IFERROR(SUM(C139),0) -> 196 | C139: 196 | J139: 2#渣油库存 | K139: =_xlfn.IFERROR(SUM(L139),0) -> 1627 | L139: 1627
A140: 回炼油外调 | B140: =_xlfn.IFERROR(SUM(C140),0) -> 64 | C140: 64 | J140: 2#渣油可销量 | K140: =_xlfn.IFERROR(SUM(L140),0) -> 220 | L140: 220
A141: 外购醋酸 | B141: =_xlfn.IFERROR(SUM(C141),0) -> 96 | C141: 96 | J141: 丙烷库存 | K141: =_xlfn.IFERROR(SUM(L141),0) -> 206 | L141: 206
A142: 外购甲醇 | B142: =_xlfn.IFERROR(SUM(C142),0) -> 0 | C142: 0 | J142: 天然气用量 | K142: =_xlfn.IFERROR(SUM(L142),0) -> 171599 | L142: 171599
C145: 822
C146: 823
C147: 825
C148: 826
C149: 821
C150: 824
C159: 9529
C160: 9530
