Workbook

Sheet Sheet1
B2: 榆林炼油厂调运月报
B3: 时间 | C3: 2025-12 | G3: =Sheet2!A2&Sheet2!B2&Sheet2!C2 -> 报表生成时间：2025-12 8:00:00
B4: 物料名称 | C4: 调运单位 | D4: 调入 | H4: 调出
D5: 车次 | F5: 调运量 | H5: 车次 | J5: 调运量
D6: 本月 | E6: 累计 | F6: 本月 | G6: 累计 | H6: 本月 | I6: 累计 | J6: 本月 | K6: 累计
B7: 1#渣油 | C7: 永坪炼油厂 | D7: 0 | E7: =_xlfn.IFERROR(取值!A42+D7,"") -> 3529 | F7: 0 | G7: =_xlfn.IFERROR(取值!A53+F7,"") -> 113273.91 | I7: =_xlfn.IFERROR(取值!A64+H7,"") -> 0 | K7: =_xlfn.IFERROR(取值!A75+J7,"") -> 0
B8: 1#渣油 | C8: 延安炼油厂 | E8: =_xlfn.IFERROR(取值!A43+D8,"") -> 0 | G8: =_xlfn.IFERROR(取值!A54+F8,"") -> 0 | I8: =_xlfn.IFERROR(取值!A65+H8,"") -> 0 | K8: =_xlfn.IFERROR(取值!A76+J8,"") -> 0
B9: 原料液化气 | C9: 延安炼油厂 | E9: =_xlfn.IFERROR(取值!A44+D9,"") -> 0 | G9: =_xlfn.IFERROR(取值!A55+F9,"") -> 0 | H9: 715 | I9: =_xlfn.IFERROR(取值!A66+H9,"") -> 7593 | J9: 17489.08 | K9: =_xlfn.IFERROR(取值!A77+J9,"") -> 184966.38
B10: 饱和液化气 | C10: 延安炼油厂 | E10: =_xlfn.IFERROR(取值!A45+D10,"") -> 0 | G10: =_xlfn.IFERROR(取值!A56+F10,"") -> 0 | H10: 269 | I10: =_xlfn.IFERROR(取值!A67+H10,"") -> 2130 | J10: 6729.26 | K10: =_xlfn.IFERROR(取值!A78+J10,"") -> 52639.14
B11: 二甲苯 | C11: 延安炼油厂 | E11: =_xlfn.IFERROR(取值!A46+D11,"") -> 0 | G11: =_xlfn.IFERROR(取值!A57+F11,"") -> 0 | H11: 18 | I11: =_xlfn.IFERROR(取值!A68+H11,"") -> 452 | J11: 574.8 | K11: =_xlfn.IFERROR(取值!A79+J11,"") -> 14651.72
B12: 二甲苯 | C12: 永坪炼油厂 | E12: =_xlfn.IFERROR(取值!A47+D12,"") -> 0 | G12: =_xlfn.IFERROR(取值!A58+F12,"") -> 0 | H12: 69 | I12: =_xlfn.IFERROR(取值!A69+H12,"") -> 930 | J12: 2214.1 | K12: =_xlfn.IFERROR(取值!A80+J12,"") -> 30187.72
B13: 常压柴油 | C13: 永坪炼油厂 | E13: =_xlfn.IFERROR(取值!A48+D13,"") -> 0 | G13: =_xlfn.IFERROR(取值!A59+F13,"") -> 0 | H13: 274 | I13: =_xlfn.IFERROR(取值!A70+H13,"") -> 651 | J13: 8859.64 | K13: =_xlfn.IFERROR(取值!A81+J13,"") -> 20988.42
B14: 烷基化油 | C14: 延安石化厂 | D14: 156 | E14: =_xlfn.IFERROR(取值!A49+D14,"") -> 1788 | F14: 4803.36 | G14: =_xlfn.IFERROR(取值!A60+F14,"") -> 55620.16 | I14: =_xlfn.IFERROR(取值!A71+H14,"") -> 0 | K14: =_xlfn.IFERROR(取值!A82+J14,"") -> 0
B15: MTBE | C15: 延安石化厂 | D15: 0 | E15: =_xlfn.IFERROR(取值!A50+D15,"") -> 388 | F15: 0 | G15: =_xlfn.IFERROR(取值!A61+F15,"") -> 12183.98 | I15: =_xlfn.IFERROR(取值!A72+H15,"") -> 0 | K15: =_xlfn.IFERROR(取值!A83+J15,"") -> 0
B16: 石脑油 | C16: 延安石化厂 | D16: 0 | E16: =_xlfn.IFERROR(取值!A51+D16,"") -> 0 | F16: 0 | G16: =_xlfn.IFERROR(取值!A62+F16,"") -> 0 | H16: 475 | I16: =_xlfn.IFERROR(取值!A73+H16,"") -> 1549 | J16: 15169.68 | K16: =_xlfn.IFERROR(取值!A84+J16,"") -> 49520.26
B17: 2#渣油 | C17: 永坪炼油厂 | D17: 0 | E17: =_xlfn.IFERROR(取值!A90+D17,"") -> 0 | F17: 0 | G17: =_xlfn.IFERROR(取值!A92+F17,"") -> 0 | H17: 0 | I17: =取值!B102+H17 -> 0 | J17: 0 | K17: =J17+取值!B103 -> 0
B18: 2#渣油 | C18: 延安炼油厂 | D18: 0 | E18: =_xlfn.IFERROR(取值!A91+D18,"") -> 0 | F18: 0 | G18: =_xlfn.IFERROR(取值!A93+F18,"") -> 0 | I18: =_xlfn.IFERROR(取值!A99+H18,"") -> 0 | K18: =_xlfn.IFERROR(取值!A101+J18,"") -> 0
B19: 次品石脑油 | C19: 延安石化厂 | E19: =_xlfn.IFERROR(取值!A52+D19,"") -> 0 | G19: =_xlfn.IFERROR(取值!A63+F19,"") -> 0 | I19: =_xlfn.IFERROR(取值!A74+H19,"") -> 0 | K19: =_xlfn.IFERROR(取值!A85+J19,"") -> 0
C20: 单位负责人： | D20: 0 | F20: 统计负责人： | G20: 0 | I20: 填报人： | J20: 0

Sheet 公式
A1: 公式类型 | C1: 数据源 | E1: 取值 | G1: 计量点名称 | I1: 取值条件
A2: #SQL | B2: (" | C2: Yul_Trans_ByMonth | D2: "," | E2: VALUE | F2: ",":where{NAME= | G2: 榆炼_油气储运车间日报表_1#渣油1_内调车数 | H2: }") | I2: =A2&B2&C2&D2&E2&F2&G2&H2 -> #SQL("Yul_Trans_ByMonth","VALUE",":where{NAME=榆炼_油气储运车间日报表_1#渣油1_内调车数}")
A3: #SQL | B3: (" | C3: Yul_Trans_ByMonth | D3: "," | E3: VALUE | F3: ",":where{NAME= | G3: 榆炼_油气储运车间日报表_1#渣油2_内调车数 | H3: }") | I3: =A3&B3&C3&D3&E3&F3&G3&H3 -> #SQL("Yul_Trans_ByMonth","VALUE",":where{NAME=榆炼_油气储运车间日报表_1#渣油2_内调车数}")
A4: #SQL | B4: (" | C4: Yul_Trans_ByMonth | D4: "," | E4: VALUE | F4: ",":where{NAME= | G4: 榆炼_油气储运车间日报表_原料液化气1_内调车数 | H4: }") | I4: =A4&B4&C4&D4&E4&F4&G4&H4 -> #SQL("Yul_Trans_ByMonth","VALUE",":where{NAME=榆炼_油气储运车间日报表_原料液化气1_内调车数}")
A5: #SQL | B5: (" | C5: Yul_Trans_ByMonth | D5: "," | E5: VALUE | F5: ",":where{NAME= | G5: 榆炼_油气储运车间日报表_液化石油气1_内调车数 | H5: }") | I5: =A5&B5&C5&D5&E5&F5&G5&H5 -> #SQL("Yul_Trans_ByMonth","VALUE",":where{NAME=榆炼_油气储运车间日报表_液化石油气1_内调车数}")
A6: #SQL | B6: (" | C6: Yul_Trans_ByMonth | D6: "," | E6: VALUE | F6: ",":where{NAME= | G6: 榆炼_油气储运车间日报表_二甲苯内调1_内调车数 | H6: }") | I6: =A6&B6&C6&D6&E6&F6&G6&H6 -> #SQL("Yul_Trans_ByMonth","VALUE",":where{NAME=榆炼_油气储运车间日报表_二甲苯内调1_内调车数}")
A7: #SQL | B7: (" | C7: Yul_Trans_ByMonth | D7: "," | E7: VALUE | F7: ",":where{NAME= | G7: 榆炼_油气储运车间日报表_二甲苯内调2_内调车数 | H7: }") | I7: =A7&B7&C7&D7&E7&F7&G7&H7 -> #SQL("Yul_Trans_ByMonth","VALUE",":where{NAME=榆炼_油气储运车间日报表_二甲苯内调2_内调车数}")
A8: #SQL | B8: (" | C8: Yul_Trans_ByMonth | D8: "," | E8: VALUE | F8: ",":where{NAME= | G8: 榆炼_油气储运车间日报表_常柴_内调车数 | H8: }") | I8: =A8&B8&C8&D8&E8&F8&G8&H8 -> #SQL("Yul_Trans_ByMonth","VALUE",":where{NAME=榆炼_油气储运车间日报表_常柴_内调车数}")
A9: #SQL | B9: (" | C9: Yul_Trans_ByMonth | D9: "," | E9: VALUE | F9: ",":where{NAME= | G9: 榆炼_油气储运车间日报表_异辛烷_内调车数 | H9: }") | I9: =A9&B9&C9&D9&E9&F9&G9&H9 -> #SQL("Yul_Trans_ByMonth","VALUE",":where{NAME=榆炼_油气储运车间日报表_异辛烷_内调车数}")
A10: #SQL | B10: (" | C10: Yul_Trans_ByMonth | D10: "," | E10: VALUE | F10: ",":where{NAME= | G10: 榆炼_油气储运车间日报表_MTBE1_内调车数 | H10: }") | I10: =A10&B10&C10&D10&E10&F10&G10&H10 -> #SQL("Yul_Trans_ByMonth","VALUE",":where{NAME=榆炼_油气储运车间日报表_MTBE1_内调车数}")
A11: #SQL | B11: (" | C11: Yul_Trans_ByMonth | D11: "," | E11: VALUE | F11: ",":where{NAME= | G11: 榆炼_油气储运车间日报表_石脑油_内调车数 | H11: }") | I11: =A11&B11&C11&D11&E11&F11&G11&H11 -> #SQL("Yul_Trans_ByMonth","VALUE",":where{NAME=榆炼_油气储运车间日报表_石脑油_内调车数}")
A12: #SQL | B12: (" | C12: Yul_Trans_ByMonth | D12: "," | E12: VALUE | F12: ",":where{NAME= | G12: 榆炼_油气储运车间日报表_1#渣油1_内调吨位 | H12: }") | I12: =A12&B12&C12&D12&E12&F12&G12&H12 -> #SQL("Yul_Trans_ByMonth","VALUE",":where{NAME=榆炼_油气储运车间日报表_1#渣油1_内调吨位}")
A13: #SQL | B13: (" | C13: Yul_Trans_ByMonth | D13: "," | E13: VALUE | F13: ",":where{NAME= | G13: 榆炼_油气储运车间日报表_1#渣油2_内调吨位 | H13: }") | I13: =A13&B13&C13&D13&E13&F13&G13&H13 -> #SQL("Yul_Trans_ByMonth","VALUE",":where{NAME=榆炼_油气储运车间日报表_1#渣油2_内调吨位}")
... A85: #SQL | B85: (" | C85: Yul_Trans_ByMonth_SUM | D85: "," | E85: VALUE | F85: ",":where{NAME= | G85: 榆炼_生产计划部_调运月报_调出_调运量_次品石脑油_延安石化厂 | H85: }") | I85: =A85&B85&C85&D85&E85&F85&G85&H85 -> #SQL("Yul_Trans_ByMonth_SUM","VALUE",":where{NAME=榆炼_生产计划部_调运月报_调出_调运量_次品石脑油_延安石化厂}")

Sheet 取值
A2: 0 | M2: 0
A3: 0 | M3: 0
A4: 715 | M4: 0
A5: 269
A6: 18 | M6: 4
A7: 69
A8: 0
A9: 156
A11: 0
A12: 0
A13: 0
A14: 17489.08
A15: 6729.26
A16: 574.8
A17: 2214.1
A18: 0
A19: 4803.36
... A101: 0
A102: 475 | B102: 0
A103: 15169.68 | B103: 0
A104: 0
A105: 0

Sheet Sheet2
A2: 报表生成时间： | B2: 2025-12 | C2: 8:00:00
