Workbook

Sheet 油田气化工科技公司生产日报表
B1: 油田气化工科技公司生产日报表
B2: 填报单位：油田气化工科技公司 | F2: 填报日期： | H2: =Sheet2!A1+1 -> 46029.333 | L2: 单位：吨/标方
B3: 指 标 名 称 | C3: 单位 | D3: 月计划 | E3: 加 工 量 | H3: 月完 成率% | I3: 指 标 名 称 | K3: 单位 | L3: 单 耗
E4: 当日 | F4: 月累计 | G4: 年累计 | L4: 当日 | M4: 月平均 | N4: 年平均 | O4: 月计划
B5: 1、乙炔装置天然气加工量 | C5: Nm3 | E5: =Sheet2!E5 -> 575296 | F5: =_xlfn.IFERROR(Sheet2!F5+E5,"") -> 4105176 | G5: =_xlfn.IFERROR(Sheet2!G5+E5,"") -> 4105176 | I5: 1、生产吨乙炔耗原料天然气 | K5: Nm3/t | L5: =Sheet2!L5 -> 7058.8466 | M5: =Sheet2!M5 -> 7053.567 | N5: =Sheet2!N5 -> 7053.567
B6: 2、甲醛装置甲醇加工量 | C6: t | E6: =Sheet2!E6 -> 174.5 | F6: =_xlfn.IFERROR(Sheet2!F6+E6,"") -> 1448.2 | G6: =_xlfn.IFERROR(Sheet2!G6+E6,"") -> 1448.2 | I6: 2、生产吨甲醛耗原料甲醇 | K6: t/t | L6: =Sheet2!L6 -> 0.41380128 | M6: =Sheet2!M6 -> 0.40957736 | N6: =Sheet2!N6 -> 0.40957736
B7: 3、BDO装置甲醛加工量 | C7: t | E7: =Sheet2!E7 -> 449.59 | F7: =_xlfn.IFERROR(Sheet2!F7+E7,"") -> 3293.53 | G7: =_xlfn.IFERROR(Sheet2!G7+E7,"") -> 3293.53 | I7: 3、生产吨BDO耗原料乙炔 | K7: t/t | L7: =Sheet2!L7 -> 0.40346535 | M7: =Sheet2!M7 -> 0.39904558 | N7: =Sheet2!N7 -> 0.39904558
B8: 4、PTMEG装置BDO加工量 | C8: t | E8: =Sheet2!E8 -> 0 | F8: =_xlfn.IFERROR(Sheet2!F8+E8,"") -> 0 | G8: =_xlfn.IFERROR(Sheet2!G8+E8,"") -> 0 | I8: 4、生产吨PTMEG耗BDO | K8: t/t | L8: =Sheet2!L8 | M8: =Sheet2!M8 | N8: =Sheet2!N8
B9: 5、乙二醇装置CO加工量 | C9: Nm3 | E9: =Sheet2!E9 -> 149920 | F9: =_xlfn.IFERROR(Sheet2!F9+E9,"") -> 1203992 | G9: =_xlfn.IFERROR(Sheet2!G9+E9,"") -> 1203992 | I9: 5、生产吨乙二醇耗CO | K9: Nm3/t | L9: =Sheet2!L9 -> 789.05263 | M9: =Sheet2!M9 -> 750.61845 | N9: =Sheet2!N9 -> 750.61845
I10: 6、乙炔收率 | K10: %
B11: 成 品 产 量、销 售 及 库 存 量 | M11: 外购 | O11: 备 注
B12: 指 标 名 称 | C12: 期初库存 | D12: 外购/产量 | H12: 月完 成率% | I12: 加工量/销售量 | L12: 期末库存 | M12: 名 称 | N12: 本月
D13: 月计划 | E13: 当日 | F13: 月累计 | G13: 年累计 | I13: 当日 | J13: 月累计 | K13: 年累计
B14: 1.乙炔气 | D14: =Sheet2!D14 -> 0 | E14: =Sheet2!E14 -> 81.5 | F14: =Sheet2!F14+E14 -> 582 | G14: =Sheet2!G14+E14 -> 582 | H14: =_xlfn.IFERROR(SUM(F14/D14)*100,"") | M14: 1.天然气 | N14: =Sheet2!N14+Sheet2!P11 -> 4386000
B15: 2.甲醛 | C15: =Sheet2!C15 -> 958.78 | E15: =Sheet2!E15 -> 421.7 | F15: =Sheet2!F15+E15 -> 3535.84 | G15: =Sheet2!G15+E15 -> 3535.84 | I15: =Sheet2!I15 -> 449.59 | J15: =Sheet2!J15+I15 -> 3293.53 | K15: =Sheet2!K15+I15 -> 3293.53 | L15: =Sheet2!L15 -> 930.89 | M15: 2.煤 | N15: =Sheet2!N15+Sheet2!P12 -> 11647.98
B16: 3.BDO | C16: =Sheet2!C16 -> 2939.52 | D16: =Sheet2!D16 -> 5000 | E16: =Sheet2!E16 -> 201 | F16: =Sheet2!F16+E16 -> 1403.2 | G16: =Sheet2!G16+E16 -> 1403.2 | H16: =_xlfn.IFERROR(SUM(F16/D16)*100,"") -> 28.064 | I16: =Sheet2!I16 -> 226.98 | J16: =Sheet2!J16+I16 -> 1824.14 | K16: =Sheet2!K16+I16 -> 1824.14 | L16: =Sheet2!L16 -> 2913.54 | M16: 3.甲醇 | N16: =Sheet2!N16+Sheet2!P13 -> 293.18
B17: 4.正丁醇 | C17: =Sheet2!C17 -> 196.21 | E17: =Sheet2!E17 -> 0 | F17: =Sheet2!F17+E17 -> 2.92 | G17: =Sheet2!G17+E17 -> 2.92 | I17: =Sheet2!I17 -> 0 | J17: =Sheet2!J17+I17 -> 0 | K17: =Sheet2!K17+I17 -> 0 | L17: =Sheet2!L17 -> 196.21 | M17: 4.醋酐 | N17: =Sheet2!B45+Sheet2!B46 -> 0
B18: 5.焦油 | C18: =Sheet2!C18 -> 48.44 | E18: =Sheet2!E18 -> 0 | F18: =Sheet2!F18+E18 -> 0 | G18: =Sheet2!G18+E18 -> 0 | I18: =Sheet2!I18 -> 0 | J18: =Sheet2!J18+I18 -> 0 | K18: =Sheet2!K18+I18 -> 0 | L18: =Sheet2!L18 -> 48.44 | M18: 库存动态
B19: 6.四氢呋喃 | C19: =Sheet2!C19 -> 1073.48 | E19: =Sheet2!E19 -> 0 | F19: =Sheet2!F19+E19 -> 0 | G19: =Sheet2!G19+E19 -> 0 | I19: =Sheet2!I19 -> 0 | J19: =Sheet2!J19+I19 -> 0 | K19: =Sheet2!K19+I19 -> 0 | L19: =Sheet2!L19 -> 1073.48 | M19: 名 称 | N19: 期末库存
B20: 7.PTMEG | C20: =Sheet2!B39+Sheet2!B40+Sheet2!B41+Sheet2!B42 -> 5820.96 | D20: 0 | E20: =Sheet2!E20 -> 0 | F20: =Sheet2!F20+E20 -> 0 | G20: =Sheet2!G20+E20 -> 0 | H20: =_xlfn.IFERROR(SUM(F20/D20)*100,"") | I20: =Sheet2!I20 -> 0 | J20: =Sheet2!J20+I20 -> 62.64 | K20: =Sheet2!K20+I20 -> 62.64 | L20: =Sheet2!L20 -> 5820.96 | M20: 煤 | N20: 5856.32
B21: 8.副产油 | C21: =Sheet2!C21 -> 177.04 | E21: =Sheet2!E21 -> 0 | F21: =Sheet2!F21+E21 -> 0 | G21: =Sheet2!G21+E21 -> 0 | I21: =Sheet2!I21 -> 0 | J21: =Sheet2!J21+I21 -> 0 | K21: =Sheet2!K21+I21 -> 0 | L21: =Sheet2!L21 -> 177.04 | M21: 甲醇 | N21: 2195.51
B22: 9. 聚四氢呋喃过渡料 | C22: =Sheet2!C22 -> 0 | E22: =Sheet2!E22 -> 0 | F22: =Sheet2!F22+E22 -> 0 | G22: =Sheet2!G22+E22 -> 0 | I22: =Sheet2!I22 -> 0 | J22: =Sheet2!J22+I22 -> 0 | K22: =Sheet2!K22+I22 -> 0 | L22: =Sheet2!L22 -> 0 | M22: BDO | N22: =L16 -> 2913.54
B23: 10.四氢呋喃过渡料 | C23: =Sheet2!C23 -> 0 | E23: =Sheet2!E23 -> 0 | F23: =Sheet2!F23+E23 -> 0 | G23: =Sheet2!G23+E23 -> 0 | I23: =Sheet2!I23 -> 0 | J23: =Sheet2!J23+I23 -> 0 | K23: =Sheet2!K23+I23 -> 0 | L23: =Sheet2!L23 -> 0 | M23: 液氮 | N23: =L31 -> 0
B24: 11.聚酯级乙二醇 | C24: =Sheet2!C24 -> 3044.28 | D24: 5000 | E24: =Sheet2!E24 -> 246 | F24: =Sheet2!F24+E24 -> 1356 | G24: =Sheet2!G24+E24 -> 1356 | H24: =_xlfn.IFERROR(SUM((F24+F25+F26)/D24)*100,"") -> 28.898 | I24: =Sheet2!I24 -> 223.72 | J24: =Sheet2!J24+I24 -> 1297.38 | K24: =Sheet2!K24+I24 -> 1297.38 | L24: =Sheet2!L24 -> 3066.56 | M24: 甲醛 | N24: =L15 -> 930.89
B25: 12.工业级乙二醇 | C25: =Sheet2!C25 -> 0 | E25: =Sheet2!E25 -> 0 | F25: =Sheet2!F25+E25 -> 0 | G25: =Sheet2!G25+E25 -> 0 | I25: =Sheet2!I25 -> 0 | J25: =Sheet2!J25+I25 -> 0 | K25: =Sheet2!K25+I25 -> 0 | L25: =Sheet2!L25 -> 0 | M25: 聚酯级乙二醇 | N25: =L24 -> 3066.56
B26: 13.轻质多元醇 | C26: =Sheet2!C26 -> 498.23 | E26: =Sheet2!E26 -> 0 | F26: =Sheet2!F26+E26 -> 88.9 | G26: =Sheet2!G26+E26 -> 88.9 | I26: =Sheet2!I26 -> 32.68 | J26: =Sheet2!J26+I26 -> 163.46 | K26: =Sheet2!K26+I26 -> 163.46 | L26: =Sheet2!L26 -> 465.55 | M26: PTMEG | N26: =L20 -> 5820.96
B27: 14.重质多元醇 | C27: =Sheet2!C27 -> 234.14 | E27: =Sheet2!E27 -> 0 | F27: =Sheet2!F27+E27 -> 107 | G27: =Sheet2!G27+E27 -> 107 | I27: =Sheet2!I27 -> 0 | J27: =Sheet2!J27+I27 -> 130.46 | K27: =Sheet2!K27+I27 -> 130.46 | L27: =Sheet2!L27 -> 234.14 | M27: 醋酐 | N27: 144.38
B28: 15.混合醇 | C28: =Sheet2!C28 -> 76.86 | E28: =Sheet2!E28 -> 11.8 | F28: =Sheet2!F28+E28 -> 84.8 | G28: =Sheet2!G28+E28 -> 84.8 | I28: =Sheet2!I28 -> 32.64 | J28: =Sheet2!J28+I28 -> 97.88 | K28: =Sheet2!K28+I28 -> 97.88 | L28: =Sheet2!L28 -> 56.02
B29: 16.粗乙醇 | C29: 0 | E29: 0 | F29: 0 | G29: 0 | I29: =Sheet2!I29 -> 0 | J29: =Sheet2!J29 -> 0 | K29: =Sheet2!K29 -> 0 | L29: 0
B30: 17.碳酸二甲酯 | C30: =Sheet2!C30 -> 268.88 | E30: =Sheet2!E30 -> 17.3 | F30: =Sheet2!F30+E30 -> 93.1 | G30: =Sheet2!G30+E30 -> 93.1 | I30: =Sheet2!I30 -> 65.2 | J30: =Sheet2!J30+I30 -> 130.46 | K30: =Sheet2!K30+I30 -> 130.46 | L30: =Sheet2!L30 -> 220.98
B31: 18.液氮 | C31: =Sheet2!C31 -> 0 | E31: =Sheet2!E31 -> 0 | F31: =Sheet2!F31+E31 -> 0 | G31: =Sheet2!G31+E31 -> 0 | I31: =Sheet2!I31 -> 0 | J31: =Sheet2!J31+I31 -> 0 | K31: =Sheet2!K31+I31 -> 0 | L31: =Sheet2!L31 -> 0
B32: 单位负责人： | C32: 李刚 | N32: 填表人： | O32: 霍宇

Sheet Sheet2
A1: 2026-01-06 | B1: 油田气化工科技公司生产日报表
B2: 填报单位：油田气化工科技公司 | F2: 填报日期： | H2: 2026-01-06 | L2: 单位：吨
B3: 指 标 名 称 | C3: 单位 | D3: 月计划 | E3: 加 工 量 | H3: 月完 成率% | I3: 指 标 名 称 | K3: 单位 | L3: 单 耗 | P3: 81.5 | Q3: 500.5 | R3: 500.5
E4: 当日 | F4: 月累计 | G4: 年累计 | L4: 当日 | M4: 月平均 | N4: 年平均 | O4: 月计划 | P4: 421.7 | Q4: 3114.14 | R4: 3114.14
B5: 1、乙炔装置天然气加工量 | C5: 吨 | E5: 575296 | F5: 3529880 | G5: 3529880 | I5: 1、生产吨乙炔耗原料天然气 | K5: Nm3/t | L5: =_xlfn.IFERROR(SUM(E5)/P3,"") -> 7058.8466 | M5: =_xlfn.IFERROR(SUM(油田气化工科技公司生产日报表!F5)/(P3+Q3),"") -> 7053.567 | N5: =_xlfn.IFERROR(SUM(油田气化工科技公司生产日报表!G5)/(P3+R3),"") -> 7053.567 | P5: 202 | Q5: 1256.48 | R5: 1256.48
B6: 2、甲醛装置甲醇加工量 | C6: 吨 | E6: 174.5 | F6: 1273.7 | G6: 1273.7 | I6: 2、生产吨甲醛耗原料甲醇 | K6: t/t | L6: =_xlfn.IFERROR(油田气化工科技公司生产日报表!E6/P4,"") -> 0.41380128 | M6: =_xlfn.IFERROR(油田气化工科技公司生产日报表!F6/(Sheet2!P4+Sheet2!Q4),"") -> 0.40957736 | N6: =_xlfn.IFERROR(油田气化工科技公司生产日报表!G6/(P4+Sheet2!R4),"") -> 0.40957736 | P6: 81.5 | Q6: 500.5 | R6: 500.5
B7: 3、BDO装置甲醛加工量 | C7: 吨 | E7: 449.59 | F7: 2843.94 | G7: 2843.94 | I7: 3、生产吨BDO耗原料乙炔 | K7: t/t | L7: =_xlfn.IFERROR(P6/P5,"") -> 0.40346535 | M7: =_xlfn.IFERROR((Sheet2!P6+Sheet2!Q6)/(Sheet2!P5+Sheet2!Q5),"") -> 0.39904558 | N7: =_xlfn.IFERROR((Sheet2!P6+Sheet2!R6)/(Sheet2!P5+Sheet2!R5),"") -> 0.39904558
B8: 4、PTMEG装置BDO加工量 | C8: 吨 | E8: 0 | F8: 0 | G8: 0 | I8: 4、生产吨PTMEG耗BDO | K8: t/t | L8: =_xlfn.IFERROR(油田气化工科技公司生产日报表!E8/P15,"") | M8: =_xlfn.IFERROR(油田气化工科技公司生产日报表!F8/(Q15+P15),"") | N8: =_xlfn.IFERROR(油田气化工科技公司生产日报表!G8/(R15+P15),"")
B9: 5、乙二醇装置CO加工量 | C9: 吨 | E9: 149920 | F9: 1054072 | G9: 1054072 | I9: 5、生产吨乙二醇耗CO | K9: Nm3/t | L9: =_xlfn.IFERROR(油田气化工科技公司生产日报表!E9/P20,"") -> 789.05263 | M9: =_xlfn.IFERROR(油田气化工科技公司生产日报表!F9/(Q20+P20),"") -> 750.61845 | N9: =_xlfn.IFERROR(油田气化工科技公司生产日报表!G9/(R20+P20),"") -> 750.61845
I10: 6、乙炔收率 | K10: %
B11: 成 品 产 量、销 售 及 库 存 量 | M11: 外购 | O11: 备 注 | P11: 3742000
B12: 指 标 名 称 | C12: 期初库存 | D12: 产量 | H12: 月完 成率% | I12: 销售量 | L12: 期末库存 | M12: 名 称 | N12: 本月 | P12: 9694.98
D13: 月计划 | E13: 当日 | F13: 月累计 | G13: 年累计 | I13: 当日 | J13: 月累计 | K13: 年累计 | P13: 0
B14: 1.乙炔气 | E14: 81.5 | F14: 500.5 | G14: 500.5 | I14: 获取数据失败 | J14: 500.5 | M14: 1.天然气 | N14: 644000
B15: 2.甲醛 | C15: 958.78 | E15: 421.7 | F15: 3114.14 | G15: 3114.14 | I15: 449.59 | J15: 2843.94 | K15: 2843.94 | L15: 930.89 | M15: 2.煤 | N15: 1953 | P15: =P16+P17+P18+P19 -> 0 | Q15: =Q16+Q17+Q18+Q19 -> 0 | R15: =R16+R17+R18+R19 -> 0
B16: 3.BDO | C16: 2939.52 | D16: 5000 | E16: 201 | F16: 1202.2 | G16: 1202.2 | I16: 226.98 | J16: 1597.16 | K16: 1597.16 | L16: 2913.54 | M16: 3.甲醇 | N16: 293.18
B17: 4.正丁醇 | C17: 196.21 | E17: 0 | F17: 2.92 | G17: 2.92 | I17: 0 | J17: 0 | K17: 0 | L17: 196.21 | M17: 库存动态 | P17: 0 | Q17: 0 | R17: 0
B18: 5.焦油 | C18: 48.44 | E18: 0 | F18: 0 | G18: 0 | I18: 0 | J18: 0 | K18: 0 | L18: 48.44 | M18: 名 称 | N18: 期末库存 | P18: 0 | Q18: 0 | R18: 0
B19: 6.四氢呋喃 | C19: 1073.48 | E19: 0 | F19: 0 | G19: 0 | I19: 0 | J19: 0 | K19: 0 | L19: 1073.48 | M19: 煤
B20: 7.PTMEG | E20: =E32+E33+E34+E35 -> 0 | F20: =F32+F33+F34+F35 -> 0 | G20: =G32+G33+G34+G35 -> 0 | I20: =I32+I33+I34+I35 -> 0 | J20: =J32+J33+J34+J35 -> 62.64 | K20: =K32+K33+K34+K35 -> 62.64 | L20: =L32+L33+L34+L35 -> 5820.96 | M20: 甲醇 | P20: =P21+P22+P23+P24 -> 190 | Q20: =Q21+Q22+Q23+Q24 -> 1414 | R20: =R21+R22+R23+R24 -> 1414
B21: 8.副产油 | C21: 177.04 | E21: 0 | F21: 0 | G21: 0 | I21: 0 | J21: 0 | K21: 0 | L21: 177.04 | M21: BDO | P21: 178 | Q21: 1213 | R21: 1213
B22: 9. 聚四氢呋喃过渡料 | C22: 0 | E22: 0 | F22: 0 | G22: 0 | I22: 0 | J22: 0 | K22: 0 | L22: 0 | M22: 液氮 | P22: 0 | Q22: 0 | R22: 0
B23: 10.四氢呋喃过渡料 | C23: 0 | E23: 0 | F23: 0 | G23: 0 | I23: 0 | J23: 0 | K23: 0 | L23: 0 | M23: 甲醛 | P23: 12 | Q23: 85 | R23: 85
B24: 11.聚酯级乙二醇 | C24: 3044.28 | E24: 246 | F24: 1110 | G24: 1110 | I24: 223.72 | J24: 1073.66 | K24: 1073.66 | L24: 3066.56 | M24: EG | P24: 0 | Q24: 116 | R24: 116
B25: 12.工业级乙二醇 | C25: 0 | I25: 0 | J25: 0 | K25: 0 | M25: PTMEG
B26: 13.轻质多元醇 | C26: 498.23 | E26: 0 | F26: 88.9 | G26: 88.9 | I26: 32.68 | J26: 130.78 | K26: 130.78 | L26: 465.55
B27: 14.重质多元醇 | C27: 234.14 | E27: 0 | F27: 107 | G27: 107 | I27: 0 | J27: 130.46 | K27: 130.46 | L27: 234.14
B28: 15.混合醇 | C28: 76.86 | E28: 11.8 | F28: 73 | G28: 73 | I28: 32.64 | J28: 65.24 | K28: 65.24 | L28: 56.02
B29: 16.粗乙醇 | E29: 11.8 | G29: 73.5 | L29: 57.014188
B30: 17.碳酸二甲酯 | C30: 268.88 | E30: 17.3 | F30: 75.8 | G30: 75.8 | I30: 65.2 | J30: 65.26 | K30: 65.26 | L30: 220.98
B31: 18.液氮 | C31: 0 | I31: 0 | J31: 0 | K31: 0
B32: 单位负责人： | E32: 0 | F32: 0 | G32: 0 | I32: 0 | J32: 62.64 | K32: 62.64 | L32: 5820.96 | N32: 填表人：
E34: 0 | F34: 0 | G34: 0 | I34: 0 | J34: 0 | K34: 0
B39: 5820.96
B40: 0
B41: 0
B42: 0
B45: 0
B46: 0
