Workbook

Sheet 炼化公司月报表
B1: 炼化公司生产月报表
B2: 填报单位：炼化公司 | C2: 2025-11 | J2: 陕油统 炼化B-401
B3: 指标名称 | C3: 单位 | D3: 本月生产 | G3: 本年生产 | J3: 去年同期 | L3: 同比 增长
D4: 月计划 | E4: 月完成 | F4: 完成率% | G4: 年计划 | H4: 年完成 | I4: 完成率% | J4: 本月 | K4: 本年
B5: 一、装置加工量
B6: 1、原料油（气）加工量 | C6: 吨 | D6: =_xlfn.IFERROR(IF(取值!C34=0,"",取值!C34),"") | E6: =_xlfn.IFERROR(SUM(E7:E15),"") -> 1319643 | F6: =_xlfn.IFERROR(E6/D6*100,"") | G6: =_xlfn.IFERROR(IF(取值!D34=0,"",取值!D34),"") | H6: =_xlfn.IFERROR(SUM(H7:H15),"") -> 14158321 | I6: =_xlfn.IFERROR(H6/G6*100,"") | J6: 0 | K6: 0 | L6: =_xlfn.IFERROR(H6-K6,"") -> 14158321 | M6: =E6 -> 1319643 | N6: =H6 -> 14158321
B7: 其中：原油 | C7: 吨 | D7: 1280000 | E7: =_xlfn.IFERROR(SUM(延炼月报表!E7,永炼月报表!E7,榆炼月报表!E7,石化厂月报表!E7),"") -> 1291340 | F7: =_xlfn.IFERROR(E7/D7*100,"") -> 100.88594 | G7: 15100000 | H7: =_xlfn.IFERROR(SUM(延炼月报表!H7,永炼月报表!H7,榆炼月报表!H7,石化厂月报表!H7),"") -> 13869932 | I7: =_xlfn.IFERROR(H7/G7*100,"") -> 91.853854 | J7: 0 | K7: 0 | L7: =_xlfn.IFERROR(H7-K7,"") -> 13869932 | M7: =E7 -> 1291340 | N7: =H7 -> 13869932
B8: 甲醇 | C8: 吨 | D8: 10300 | E8: =_xlfn.IFERROR(SUM(延炼月报表!E8,永炼月报表!E8,榆炼月报表!E8,石化厂月报表!E8),"") -> 11889.68 | F8: =_xlfn.IFERROR(E8/D8*100,"") -> 115.43379 | G8: 129528 | H8: =_xlfn.IFERROR(SUM(延炼月报表!H8,永炼月报表!H8,榆炼月报表!H8,石化厂月报表!H8),"") -> 94061.28 | I8: =_xlfn.IFERROR(H8/G8*100,"") -> 72.618492 | J8: 0 | K8: 0 | L8: =_xlfn.IFERROR(H8-K8,"") -> 94061.28 | M8: =E8 -> 11889.68 | N8: =H8 -> 94061.28
B9: MTBE | C9: 吨 | D9: =_xlfn.IFERROR(IF(取值!C37=0,"",取值!C37),"") | E9: =_xlfn.IFERROR(SUM(延炼月报表!E9,永炼月报表!E9,榆炼月报表!E9,石化厂月报表!E9),"") -> 6400 | F9: =_xlfn.IFERROR(E9/D9*100,"") | G9: =_xlfn.IFERROR(IF(取值!D37=0,"",取值!D37),"") | H9: =_xlfn.IFERROR(SUM(延炼月报表!H9,永炼月报表!H9,榆炼月报表!H9,石化厂月报表!H9),"") -> 104521.16 | I9: =_xlfn.IFERROR(H9/G9*100,"") | J9: 0 | K9: 0 | L9: =_xlfn.IFERROR(H9-K9,"") -> 104521.16 | M9: =E9 -> 6400 | N9: =H9 -> 104521.16
B10: 1#渣油 | C10: 吨 | D10: =_xlfn.IFERROR(IF(取值!C38=0,"",取值!C38),"") | E10: =_xlfn.IFERROR(SUM(延炼月报表!E10,永炼月报表!E10,榆炼月报表!E10,石化厂月报表!E10),"") -> 0 | F10: =_xlfn.IFERROR(E10/D10*100,"") | G10: =_xlfn.IFERROR(IF(取值!D38=0,"",取值!D38),"") | H10: =_xlfn.IFERROR(SUM(延炼月报表!H10,永炼月报表!H10,榆炼月报表!H10,石化厂月报表!H10),"") -> 0 | I10: =_xlfn.IFERROR(H10/G10*100,"") | J10: 0 | K10: 0 | L10: =_xlfn.IFERROR(H10-K10,"") -> 0 | M10: =E10 -> 0 | N10: =H10 -> 0
B11: 裂解石脑油 | C11: 吨 | D11: =_xlfn.IFERROR(IF(取值!C39=0,"",取值!C39),"") | E11: =_xlfn.IFERROR(SUM(延炼月报表!E11,永炼月报表!E11,榆炼月报表!E11,石化厂月报表!E11),"") -> 481 | F11: =_xlfn.IFERROR(E11/D11*100,"") | G11: =_xlfn.IFERROR(IF(取值!D39=0,"",取值!D39),"") | H11: =_xlfn.IFERROR(SUM(延炼月报表!H11,永炼月报表!H11,榆炼月报表!H11,石化厂月报表!H11),"") -> 481 | I11: =_xlfn.IFERROR(H11/G11*100,"") | J11: 0 | K11: 0 | L11: =_xlfn.IFERROR(H11-K11,"") -> 481 | M11: =E11 -> 481 | N11: =H11 -> 481
B12: 上古液化气 | C12: 吨 | D12: =_xlfn.IFERROR(IF(取值!C40=0,"",取值!C40),"") | E12: =_xlfn.IFERROR(SUM(延炼月报表!E12,永炼月报表!E12,榆炼月报表!E12,石化厂月报表!E12),"") -> 0 | F12: =_xlfn.IFERROR(E12/D12*100,"") | G12: =_xlfn.IFERROR(IF(取值!D40=0,"",取值!D40),"") | H12: =_xlfn.IFERROR(SUM(延炼月报表!H12,永炼月报表!H12,榆炼月报表!H12,石化厂月报表!H12),"") -> 0 | I12: =_xlfn.IFERROR(H12/G12*100,"") | J12: 0 | K12: 0 | L12: =_xlfn.IFERROR(H12-K12,"") -> 0 | M12: =E12 -> 0 | N12: =H12 -> 0
B13: 醋酸 | C13: 吨 | D13: 2200 | E13: =_xlfn.IFERROR(SUM(延炼月报表!E13,永炼月报表!E13,榆炼月报表!E13,石化厂月报表!E13),"") -> 2787 | F13: =_xlfn.IFERROR(E13/D13*100,"") -> 126.68182 | G13: 30625 | H13: =_xlfn.IFERROR(SUM(延炼月报表!H13,永炼月报表!H13,榆炼月报表!H13,石化厂月报表!H13),"") -> 25213 | I13: =_xlfn.IFERROR(H13/G13*100,"") -> 82.328163 | J13: 0 | K13: 0 | L13: =_xlfn.IFERROR(H13-K13,"") -> 25213 | M13: =E13 -> 2787 | N13: =H13 -> 25213
B14: 异辛烷组分 | C14: 吨 | D14: =_xlfn.IFERROR(IF(取值!C42=0,"",取值!C42),"") | E14: =_xlfn.IFERROR(SUM(延炼月报表!E14,永炼月报表!E14,榆炼月报表!E14,石化厂月报表!E14),"") -> 0 | F14: =_xlfn.IFERROR(E14/D14*100,"") | G14: =_xlfn.IFERROR(IF(取值!D42=0,"",取值!D42),"") | H14: =_xlfn.IFERROR(SUM(延炼月报表!H14,永炼月报表!H14,榆炼月报表!H14,石化厂月报表!H14),"") -> 0 | I14: =_xlfn.IFERROR(H14/G14*100,"") | J14: 0 | K14: 0 | L14: =_xlfn.IFERROR(H14-K14,"") -> 0 | M14: =E14 -> 0 | N14: =H14 -> 0
B15: 异丁烷 | C15: 吨 | D15: =_xlfn.IFERROR(IF(取值!C43=0,"",取值!C43),"") | E15: =_xlfn.IFERROR(SUM(延炼月报表!E15,永炼月报表!E15,榆炼月报表!E15,石化厂月报表!E15),"") -> 6745.3 | F15: =_xlfn.IFERROR(E15/D15*100,"") | G15: 50000 | H15: =_xlfn.IFERROR(SUM(延炼月报表!H15,永炼月报表!H15,榆炼月报表!H15,石化厂月报表!H15),"") -> 64112.6 | I15: =_xlfn.IFERROR(H15/G15*100,"") -> 128.2252 | J15: 0 | K15: 0 | L15: =_xlfn.IFERROR(H15-K15,"") -> 64112.6 | M15: =E15 -> 6745.3 | N15: =H15 -> 64112.6
B16: 2、常压装置加工量 | C16: 吨 | D16: =_xlfn.IFERROR(IF(取值!C44=0,"",取值!C44),"") | E16: =_xlfn.IFERROR(SUM(延炼月报表!E16,永炼月报表!E16,榆炼月报表!E16,石化厂月报表!E16),"") -> 1291340 | F16: =_xlfn.IFERROR(E16/D16*100,"") | G16: =_xlfn.IFERROR(IF(取值!D44=0,"",取值!D44),"") | H16: =_xlfn.IFERROR(SUM(延炼月报表!H16,永炼月报表!H16,榆炼月报表!H16,石化厂月报表!H16),"") -> 13869932 | I16: =_xlfn.IFERROR(H16/G16*100,"") | J16: 0 | K16: 0 | L16: =_xlfn.IFERROR(H16-K16,"") -> 13869932 | M16: =E16 -> 1291340 | N16: =H16 -> 13869932
B17: 原油加工量 | C17: 吨 | D17: 1280000 | E17: =_xlfn.IFERROR(SUM(延炼月报表!E17,永炼月报表!E17,榆炼月报表!E17,石化厂月报表!E17),"") -> 1291340 | F17: =_xlfn.IFERROR(E17/D17*100,"") -> 100.88594 | G17: 15100000 | H17: =_xlfn.IFERROR(SUM(延炼月报表!H17,永炼月报表!H17,榆炼月报表!H17,石化厂月报表!H17),"") -> 13869932 | I17: =_xlfn.IFERROR(H17/G17*100,"") -> 91.853854 | J17: 0 | K17: 0 | L17: =_xlfn.IFERROR(H17-K17,"") -> 13869932 | M17: =E17 -> 1291340 | N17: =H17 -> 13869932
B18: 其中：进口原油加工量 | C18: 吨 | D18: =_xlfn.IFERROR(IF(取值!C46=0,"",取值!C46),"") | E18: 0 | F18: =_xlfn.IFERROR(E18/D18*100,"") | G18: =_xlfn.IFERROR(IF(取值!D46=0,"",取值!D46),"") | H18: 0 | I18: =_xlfn.IFERROR(H18/G18*100,"") | J18: 0 | K18: 0 | L18: =_xlfn.IFERROR(H18-K18,"") -> 0
B19: 3、催化装置加工量 | C19: 吨 | D19: =_xlfn.IFERROR(IF(取值!C46=0,"",取值!C46),"") | E19: =_xlfn.IFERROR(SUM(延炼月报表!E19,永炼月报表!E19,榆炼月报表!E19,石化厂月报表!E19),"") -> 531507 | F19: =_xlfn.IFERROR(E19/D19*100,"") | G19: =_xlfn.IFERROR(IF(取值!D46=0,"",取值!D46),"") | H19: =_xlfn.IFERROR(SUM(延炼月报表!H19,永炼月报表!H19,榆炼月报表!H19,石化厂月报表!H19),"") -> 5798572 | I19: =_xlfn.IFERROR(H19/G19*100,"") | J19: 0 | K19: 0 | L19: =_xlfn.IFERROR(H19-K19,"") -> 5798572 | M19: =E19 -> 531507 | N19: =H19 -> 5798572
B20: 其中：1#渣油加工量 | C20: 吨 | D20: 497000 | E20: =_xlfn.IFERROR(SUM(延炼月报表!E20,永炼月报表!E20,榆炼月报表!E20,石化厂月报表!E20),"") -> 519099 | F20: =_xlfn.IFERROR(E20/D20*100,"") -> 104.44648 | G20: 5980000 | H20: =_xlfn.IFERROR(SUM(延炼月报表!H20,永炼月报表!H20,榆炼月报表!H20,石化厂月报表!H20),"") -> 5690089 | I20: =_xlfn.IFERROR(H20/G20*100,"") -> 95.15199 | J20: 0 | K20: 0 | L20: =_xlfn.IFERROR(H20-K20,"") -> 5690089 | M20: =E20 -> 519099 | N20: =H20 -> 5690089
B21: 4、重整装置处理量 | C21: 吨 | D21: 220500 | E21: =_xlfn.IFERROR(SUM(延炼月报表!E21,永炼月报表!E21,榆炼月报表!E21,石化厂月报表!E21),"") -> 249055 | F21: =_xlfn.IFERROR(E21/D21*100,"") -> 112.95011 | G21: 2570000 | H21: =_xlfn.IFERROR(SUM(延炼月报表!H21,永炼月报表!H21,榆炼月报表!H21,石化厂月报表!H21),"") -> 2480546 | I21: =_xlfn.IFERROR(H21/G21*100,"") -> 96.5193 | J21: 0 | K21: 0 | L21: =_xlfn.IFERROR(H21-K21,"") -> 2480546 | M21: =E21 -> 249055 | N21: =H21 -> 2480546
B22: 5、DCC石脑油加氢处理量 | C22: 吨 | D22: =_xlfn.IFERROR(IF(取值!C49=0,"",取值!C49),"") | E22: =_xlfn.IFERROR(SUM(延炼月报表!E22,永炼月报表!E22,榆炼月报表!E22,石化厂月报表!E22),"") -> 0 | F22: =_xlfn.IFERROR(E22/D22*100,"") | G22: =_xlfn.IFERROR(IF(取值!D49=0,"",取值!D49),"") | H22: =_xlfn.IFERROR(SUM(延炼月报表!H22,永炼月报表!H22,榆炼月报表!H22,石化厂月报表!H22),"") -> 0 | I22: =_xlfn.IFERROR(H22/G22*100,"") | J22: 0 | K22: 0 | L22: =_xlfn.IFERROR(H22-K22,"") -> 0 | M22: =E22 -> 0 | N22: =H22 -> 0
B23: 6、DCC裂解轻油加氢处理量 | C23: 吨 | D23: =_xlfn.IFERROR(IF(取值!C50=0,"",取值!C50),"") | E23: =_xlfn.IFERROR(SUM(延炼月报表!E23,永炼月报表!E23,榆炼月报表!E23,石化厂月报表!E23),"") -> 0 | F23: =_xlfn.IFERROR(E23/D23*100,"") | G23: =_xlfn.IFERROR(IF(取值!D50=0,"",取值!D50),"") | H23: =_xlfn.IFERROR(SUM(延炼月报表!H23,永炼月报表!H23,榆炼月报表!H23,石化厂月报表!H23),"") -> 0 | I23: =_xlfn.IFERROR(H23/G23*100,"") | J23: 0 | K23: 0 | L23: =_xlfn.IFERROR(H23-K23,"") -> 0 | M23: =E23 -> 0 | N23: =H23 -> 0
B24: 7、汽油加氢精制处理量 | C24: 吨 | D24: 233000 | E24: =_xlfn.IFERROR(SUM(延炼月报表!E24,永炼月报表!E24,榆炼月报表!E24,石化厂月报表!E24),"") -> 274854 | F24: =_xlfn.IFERROR(E24/D24*100,"") -> 117.96309 | G24: 2890000 | H24: =_xlfn.IFERROR(SUM(延炼月报表!H24,永炼月报表!H24,榆炼月报表!H24,石化厂月报表!H24),"") -> 2669899 | I24: =_xlfn.IFERROR(H24/G24*100,"") -> 92.384048 | J24: 0 | K24: 0 | L24: =_xlfn.IFERROR(H24-K24,"") -> 2669899 | M24: =E24 -> 274854 | N24: =H24 -> 2669899
B25: 8、柴油加氢精制处理量 | C25: 吨 | D25: 476000 | E25: =_xlfn.IFERROR(SUM(延炼月报表!E25,永炼月报表!E25,榆炼月报表!E25,石化厂月报表!E25),"") -> 527019 | F25: =_xlfn.IFERROR(E25/D25*100,"") -> 110.71828 | G25: 5890000 | H25: =_xlfn.IFERROR(SUM(延炼月报表!H25,永炼月报表!H25,榆炼月报表!H25,石化厂月报表!H25),"") -> 5741404 | I25: =_xlfn.IFERROR(H25/G25*100,"") -> 97.477148 | J25: 0 | K25: 0 | L25: =_xlfn.IFERROR(H25-K25,"") -> 5741404 | M25: =E25 -> 527019 | N25: =H25 -> 5741404
B26: 9、气分装置加工量 | C26: 吨 | D26: 82600 | E26: =_xlfn.IFERROR(SUM(延炼月报表!E26,永炼月报表!E26,榆炼月报表!E26,石化厂月报表!E26),"") -> 82180 | F26: =_xlfn.IFERROR(E26/D26*100,"") -> 99.491525 | G26: 900000 | H26: =_xlfn.IFERROR(SUM(延炼月报表!H26,永炼月报表!H26,榆炼月报表!H26,石化厂月报表!H26),"") -> 907074 | I26: =_xlfn.IFERROR(H26/G26*100,"") -> 100.786 | J26: 0 | K26: 0 | L26: =_xlfn.IFERROR(H26-K26,"") -> 907074 | M26: =E26 -> 82180 | N26: =H26 -> 907074
B27: 10、航煤装置处理量 | C27: 吨 | D27: =_xlfn.IFERROR(IF(取值!C54=0,"",取值!C54),"") | E27: =_xlfn.IFERROR(SUM(延炼月报表!E27,永炼月报表!E27,榆炼月报表!E27,石化厂月报表!E27),"") -> 70759 | F27: =_xlfn.IFERROR(E27/D27*100,"") | G27: 525843 | H27: =_xlfn.IFERROR(SUM(延炼月报表!H27,永炼月报表!H27,榆炼月报表!H27,石化厂月报表!H27),"") -> 612876 | I27: =_xlfn.IFERROR(H27/G27*100,"") -> 116.55114 | J27: 0 | K27: 0 | L27: =_xlfn.IFERROR(H27-K27,"") -> 612876 | M27: =E27 -> 70759 | N27: =H27 -> 612876
B28: 11、烷基化装置处理量 | C28: 吨 | D28: =_xlfn.IFERROR(IF(取值!C55=0,"",取值!C55),"") | E28: =_xlfn.IFERROR(SUM(延炼月报表!E28,永炼月报表!E28,榆炼月报表!E28,石化厂月报表!E28),"") -> 29971 | F28: =_xlfn.IFERROR(E28/D28*100,"") | G28: =_xlfn.IFERROR(IF(取值!D55=0,"",取值!D55),"") | H28: =_xlfn.IFERROR(SUM(延炼月报表!H28,永炼月报表!H28,榆炼月报表!H28,石化厂月报表!H28),"") -> 317896.8 | I28: =_xlfn.IFERROR(H28/G28*100,"") | J28: 0 | K28: 0 | L28: =_xlfn.IFERROR(H28-K28,"") -> 317896.8 | M28: =E28 -> 29971 | N28: =H28 -> 317896.8
B29: 12、混合脱氢装置处理量 | C29: 吨 | D29: =_xlfn.IFERROR(IF(取值!C56=0,"",取值!C56),"") | E29: =_xlfn.IFERROR(SUM(延炼月报表!E29,永炼月报表!E29,榆炼月报表!E29,石化厂月报表!E29),"") -> 56218 | F29: =_xlfn.IFERROR(E29/D29*100,"") | G29: =_xlfn.IFERROR(IF(取值!D56=0,"",取值!D56),"") | H29: =_xlfn.IFERROR(SUM(延炼月报表!H29,永炼月报表!H29,榆炼月报表!H29,石化厂月报表!H29),"") -> 486669 | I29: =_xlfn.IFERROR(H29/G29*100,"") | J29: 0 | K29: 0 | L29: =_xlfn.IFERROR(H29-K29,"") -> 486669 | M29: =E29 -> 56218 | N29: =H29 -> 486669
B30: 二、油气产品产销量 | D30: =_xlfn.IFERROR(IF(取值!C57=0,"",取值!C57),"") | F30: =_xlfn.IFERROR(E30/D30*100,"") | G30: =_xlfn.IFERROR(IF(取值!D57=0,"",取值!D57),"") | I30: =_xlfn.IFERROR(H30/G30*100,"")
B31: 1、汽油产量 | C31: 吨 | D31: 499000 | E31: =_xlfn.IFERROR(SUM(延炼月报表!E31,永炼月报表!E31,榆炼月报表!E31,石化厂月报表!E31),"") -> 496793 | F31: =_xlfn.IFERROR(E31/D31*100,"") -> 99.557715 | G31: 4817524 | H31: =_xlfn.IFERROR(SUM(延炼月报表!H31,永炼月报表!H31,榆炼月报表!H31,石化厂月报表!H31),"") -> 5284966 | I31: =_xlfn.IFERROR(H31/G31*100,"") -> 109.70295 | J31: 0 | K31: 0 | L31: =_xlfn.IFERROR(H31-K31,"") -> 5284966 | M31: =E31 -> 496793 | N31: =H31 -> 5284966
B32: ⑴ 92#VI | C32: 吨 | D32: =_xlfn.IFERROR(IF(取值!C59=0,"",取值!C59),"") | E32: =_xlfn.IFERROR(SUM(延炼月报表!E32,永炼月报表!E32,榆炼月报表!E32,石化厂月报表!E32),"") -> 380685 | F32: =_xlfn.IFERROR(E32/D32*100,"") | G32: 3736408 | H32: =_xlfn.IFERROR(SUM(延炼月报表!H32,永炼月报表!H32,榆炼月报表!H32,石化厂月报表!H32),"") -> 3900258 | I32: =_xlfn.IFERROR(H32/G32*100,"") -> 104.38523 | J32: 0 | K32: 0 | L32: =_xlfn.IFERROR(H32-K32,"") -> 3900258 | M32: =E32 -> 380685 | N32: =H32 -> 3900258
B33: ⑵ 95#VI | C33: 吨 | D33: =_xlfn.IFERROR(IF(取值!C60=0,"",取值!C60),"") | E33: =_xlfn.IFERROR(SUM(延炼月报表!E33,永炼月报表!E33,榆炼月报表!E33,石化厂月报表!E33),"") -> 116108 | F33: =_xlfn.IFERROR(E33/D33*100,"") | G33: 1058800 | H33: =_xlfn.IFERROR(SUM(延炼月报表!H33,永炼月报表!H33,榆炼月报表!H33,石化厂月报表!H33),"") -> 1361746 | I33: =_xlfn.IFERROR(H33/G33*100,"") -> 128.6122 | J33: 0 | K33: 0 | L33: =_xlfn.IFERROR(H33-K33,"") -> 1361746 | M33: =E33 -> 116108 | N33: =H33 -> 1361746
B34: ⑶ 98#Ⅵ | C34: 吨 | D34: =_xlfn.IFERROR(IF(取值!C61=0,"",取值!C61),"") | E34: =_xlfn.IFERROR(SUM(延炼月报表!E34,永炼月报表!E34,榆炼月报表!E34,石化厂月报表!E34),"") -> 0 | F34: =_xlfn.IFERROR(E34/D34*100,"") | G34: =_xlfn.IFERROR(IF(取值!D61=0,"",取值!D61),"") | H34: =_xlfn.IFERROR(SUM(延炼月报表!H34,永炼月报表!H34,榆炼月报表!H34,石化厂月报表!H34),"") -> 22962 | I34: =_xlfn.IFERROR(H34/G34*100,"") | J34: 0 | K34: 0 | L34: =_xlfn.IFERROR(H34-K34,"") -> 22962 | M34: =E34 -> 0 | N34: =H34 -> 22962
B35: 2、柴油产量 | C35: 吨 | D35: 441000 | E35: =_xlfn.IFERROR(SUM(延炼月报表!E35,永炼月报表!E35,榆炼月报表!E35,石化厂月报表!E35),"") -> 459042 | F35: =_xlfn.IFERROR(E35/D35*100,"") -> 104.09116 | G35: 5489343 | H35: =_xlfn.IFERROR(SUM(延炼月报表!H35,永炼月报表!H35,榆炼月报表!H35,石化厂月报表!H35),"") -> 5170950 | I35: =_xlfn.IFERROR(H35/G35*100,"") -> 94.199798 | J35: 0 | K35: 0 | L35: =_xlfn.IFERROR(H35-K35,"") -> 5170950 | M35: =E35 -> 459042 | N35: =H35 -> 5170950
B36: ⑴ 军用柴油 | C36: 吨 | D36: =_xlfn.IFERROR(IF(取值!C63=0,"",取值!C63),"") | E36: =_xlfn.IFERROR(SUM(延炼月报表!E36,永炼月报表!E36,榆炼月报表!E36,石化厂月报表!E36),"") -> 0 | F36: =_xlfn.IFERROR(E36/D36*100,"") | G36: =_xlfn.IFERROR(IF(取值!D63=0,"",取值!D63),"") | H36: =_xlfn.IFERROR(SUM(延炼月报表!H36,永炼月报表!H36,榆炼月报表!H36,石化厂月报表!H36),"") -> 0 | I36: =_xlfn.IFERROR(H36/G36*100,"") | J36: 0 | K36: 0 | L36: =_xlfn.IFERROR(H36-K36,"") -> 0 | M36: =E36 -> 0 | N36: =H36 -> 0
B37: ⑵ 0#VI | C37: 吨 | D37: =_xlfn.IFERROR(IF(取值!C64=0,"",取值!C64),"") | E37: =_xlfn.IFERROR(SUM(延炼月报表!E37,永炼月报表!E37,榆炼月报表!E37,石化厂月报表!E37),"") -> 389812 | F37: =_xlfn.IFERROR(E37/D37*100,"") | G37: =_xlfn.IFERROR(IF(取值!D64=0,"",取值!D64),"") | H37: =_xlfn.IFERROR(SUM(延炼月报表!H37,永炼月报表!H37,榆炼月报表!H37,石化厂月报表!H37),"") -> 5023311 | I37: =_xlfn.IFERROR(H37/G37*100,"") | J37: 0 | K37: 0 | L37: =_xlfn.IFERROR(H37-K37,"") -> 5023311 | M37: =E37 -> 389812 | N37: =H37 -> 5023311
B38: ⑶ -10#VI | C38: 吨 | D38: 30000 | E38: =_xlfn.IFERROR(SUM(延炼月报表!E38,永炼月报表!E38,榆炼月报表!E38,石化厂月报表!E38),"") -> 35700 | F38: =_xlfn.IFERROR(E38/D38*100,"") -> 119 | G38: =_xlfn.IFERROR(IF(取值!D65=0,"",取值!D65),"") | H38: =_xlfn.IFERROR(SUM(延炼月报表!H38,永炼月报表!H38,榆炼月报表!H38,石化厂月报表!H38),"") -> 76700 | I38: =_xlfn.IFERROR(H38/G38*100,"") | J38: 0 | K38: 0 | L38: =_xlfn.IFERROR(H38-K38,"") -> 76700 | M38: =E38 -> 35700 | N38: =H38 -> 76700
B39: ⑷ -20#VI | C39: 吨 | D39: 20000 | E39: =_xlfn.IFERROR(SUM(延炼月报表!E39,永炼月报表!E39,榆炼月报表!E39,石化厂月报表!E39),"") -> 33530 | F39: =_xlfn.IFERROR(E39/D39*100,"") -> 167.65 | G39: =_xlfn.IFERROR(IF(取值!D66=0,"",取值!D66),"") | H39: =_xlfn.IFERROR(SUM(延炼月报表!H39,永炼月报表!H39,榆炼月报表!H39,石化厂月报表!H39),"") -> 70939 | I39: =_xlfn.IFERROR(H39/G39*100,"") | J39: 0 | K39: 0 | L39: =_xlfn.IFERROR(H39-K39,"") -> 70939 | M39: =E39 -> 33530 | N39: =H39 -> 70939
B40: ⑸ -35#VI | C40: 吨 | D40: =_xlfn.IFERROR(IF(取值!C67=0,"",取值!C67),"") | E40: =_xlfn.IFERROR(SUM(延炼月报表!E40,永炼月报表!E40,榆炼月报表!E40,石化厂月报表!E40),"") -> 0 | F40: =_xlfn.IFERROR(E40/D40*100,"") | G40: =_xlfn.IFERROR(IF(取值!D67=0,"",取值!D67),"") | H40: =_xlfn.IFERROR(SUM(延炼月报表!H40,永炼月报表!H40,榆炼月报表!H40,石化厂月报表!H40),"") -> 0 | I40: =_xlfn.IFERROR(H40/G40*100,"") | J40: 0 | K40: 0 | L40: =_xlfn.IFERROR(H40-K40,"") -> 0 | M40: =E40 -> 0 | N40: =H40 -> 0
B41: 3、3#喷气燃料销量（航煤） | C41: 吨 | D41: =_xlfn.IFERROR(IF(取值!C68=0,"",取值!C68),"") | E41: =_xlfn.IFERROR(SUM(延炼月报表!E41,永炼月报表!E41,榆炼月报表!E41,石化厂月报表!E41),"") -> 33135 | F41: =_xlfn.IFERROR(E41/D41*100,"") | G41: 500000 | H41: =_xlfn.IFERROR(SUM(延炼月报表!H41,永炼月报表!H41,榆炼月报表!H41,石化厂月报表!H41),"") -> 424408.94 | I41: =_xlfn.IFERROR(H41/G41*100,"") -> 84.881788 | J41: 0 | K41: 0 | L41: =_xlfn.IFERROR(H41-K41,"") -> 424408.94 | M41: =E41 -> 33135 | N41: =H41 -> 424408.94
B42: 4.石脑油销售量 | C42: 吨 | D42: 7300 | E42: =_xlfn.IFERROR(SUM(延炼月报表!E42,永炼月报表!E42,榆炼月报表!E42,石化厂月报表!E42),"") -> 11910.68 | F42: =_xlfn.IFERROR(E42/D42*100,"") -> 163.16 | G42: 196525 | H42: =_xlfn.IFERROR(SUM(延炼月报表!H42,永炼月报表!H42,榆炼月报表!H42,石化厂月报表!H42),"") -> 106561.64 | I42: =_xlfn.IFERROR(H42/G42*100,"") -> 54.222944 | J42: 0 | K42: 0 | L42: =_xlfn.IFERROR(H42-K42,"") -> 106561.64 | M42: =E42 -> 11910.68 | N42: =H42 -> 106561.64
B43: ⑴ 石脑油Ⅰ | C43: 吨 | D43: =_xlfn.IFERROR(IF(取值!C70=0,"",取值!C70),"") | E43: =_xlfn.IFERROR(SUM(延炼月报表!E43,永炼月报表!E43,榆炼月报表!E43,石化厂月报表!E43),"") -> 2428 | F43: =_xlfn.IFERROR(E43/D43*100,"") | G43: 95425 | H43: =_xlfn.IFERROR(SUM(延炼月报表!H43,永炼月报表!H43,榆炼月报表!H43,石化厂月报表!H43),"") -> 12811.74 | I43: =_xlfn.IFERROR(H43/G43*100,"") -> 13.425979 | J43: 0 | K43: 0 | L43: =_xlfn.IFERROR(H43-K43,"") -> 12811.74 | M43: =E43 -> 2428 | N43: =H43 -> 12811.74
B44: ⑵ 石脑油Ⅱ | C44: 吨 | D44: 5500 | E44: =_xlfn.IFERROR(SUM(延炼月报表!E44,永炼月报表!E44,榆炼月报表!E44,石化厂月报表!E44),"") -> 6708 | F44: =_xlfn.IFERROR(E44/D44*100,"") -> 121.96364 | G44: 70300 | H44: =_xlfn.IFERROR(SUM(延炼月报表!H44,永炼月报表!H44,榆炼月报表!H44,石化厂月报表!H44),"") -> 68867.4 | I44: =_xlfn.IFERROR(H44/G44*100,"") -> 97.962162 | J44: 0 | K44: 0 | L44: =_xlfn.IFERROR(H44-K44,"") -> 68867.4 | M44: =E44 -> 6708 | N44: =H44 -> 68867.4
B45: ⑶ 石脑油Ⅲ | C45: 吨 | D45: 1800 | E45: =_xlfn.IFERROR(SUM(延炼月报表!E45,永炼月报表!E45,榆炼月报表!E45,石化厂月报表!E45),"") -> 2774.68 | F45: =_xlfn.IFERROR(E45/D45*100,"") -> 154.14889 | G45: 30800 | H45: =_xlfn.IFERROR(SUM(延炼月报表!H45,永炼月报表!H45,榆炼月报表!H45,石化厂月报表!H45),"") -> 24882.5 | I45: =_xlfn.IFERROR(H45/G45*100,"") -> 80.787338 | J45: 0 | K45: 0 | L45: =_xlfn.IFERROR(H45-K45,"") -> 24882.5 | M45: =E45 -> 2774.68 | N45: =H45 -> 24882.5
B46: 5、液化气销量 | C46: 吨 | D46: =_xlfn.IFERROR(IF(取值!C73=0,"",取值!C73),"") | E46: =_xlfn.IFERROR(SUM(E47:E50),"") -> 23010.62 | F46: =_xlfn.IFERROR(E46/D46*100,"") | G46: 321255 | H46: =_xlfn.IFERROR(SUM(H47:H50),"") -> 340504.7 | I46: =_xlfn.IFERROR(H46/G46*100,"") -> 105.99203 | J46: 0 | K46: 0 | L46: =_xlfn.IFERROR(H46-K46,"") -> 340504.7 | M46: =E46 -> 23010.62 | N46: =H46 -> 340504.7
B47: ⑴ 催化液化气 | C47: 吨 | D47: =_xlfn.IFERROR(IF(取值!C74=0,"",取值!C74),"") | E47: =_xlfn.IFERROR(SUM(延炼月报表!E47,永炼月报表!E47,榆炼月报表!E47,石化厂月报表!E47),"") -> 1467 | F47: =_xlfn.IFERROR(E47/D47*100,"") | G47: =_xlfn.IFERROR(IF(取值!D74=0,"",取值!D74),"") | H47: =_xlfn.IFERROR(SUM(延炼月报表!H47,永炼月报表!H47,榆炼月报表!H47,石化厂月报表!H47),"") -> 40209 | I47: =_xlfn.IFERROR(H47/G47*100,"") | J47: 0 | K47: 0 | L47: =_xlfn.IFERROR(H47-K47,"") -> 40209 | M47: =E47 -> 1467 | N47: =H47 -> 40209
B48: ⑵ 醚后碳四 | C48: 吨 | D48: =_xlfn.IFERROR(IF(取值!C75=0,"",取值!C75),"") | E48: =_xlfn.IFERROR(SUM(延炼月报表!E48,永炼月报表!E48,榆炼月报表!E48,石化厂月报表!E48),"") -> 5234.98 | F48: =_xlfn.IFERROR(E48/D48*100,"") | G48: =_xlfn.IFERROR(IF(取值!D75=0,"",取值!D75),"") | H48: =_xlfn.IFERROR(SUM(延炼月报表!H48,永炼月报表!H48,榆炼月报表!H48,石化厂月报表!H48),"") -> 89114.86 | I48: =_xlfn.IFERROR(H48/G48*100,"") | J48: 0 | K48: 0 | L48: =_xlfn.IFERROR(H48-K48,"") -> 89114.86 | M48: =E48 -> 5234.98 | N48: =H48 -> 89114.86
B49: ⑶ 民用液化气 | C49: 吨 | D49: =_xlfn.IFERROR(IF(取值!C76=0,"",取值!C76),"") | E49: =_xlfn.IFERROR(SUM(延炼月报表!E49,永炼月报表!E49,榆炼月报表!E49,石化厂月报表!E49),"") -> 16308.64 | F49: =_xlfn.IFERROR(E49/D49*100,"") | G49: 321255 | H49: =_xlfn.IFERROR(SUM(延炼月报表!H49,永炼月报表!H49,榆炼月报表!H49,石化厂月报表!H49),"") -> 211180.84 | I49: =_xlfn.IFERROR(H49/G49*100,"") -> 65.736203 | J49: 0 | K49: 0 | L49: =_xlfn.IFERROR(H49-K49,"") -> 211180.84 | M49: =E49 -> 16308.64 | N49: =H49 -> 211180.84
B50: ⑷ 正丁烷 | C50: 吨 | D50: =_xlfn.IFERROR(IF(取值!C77=0,"",取值!C77),"") | E50: =_xlfn.IFERROR(SUM(延炼月报表!E50,永炼月报表!E50,榆炼月报表!E50,石化厂月报表!E50),"") -> 0 | F50: =_xlfn.IFERROR(E50/D50*100,"") | G50: =_xlfn.IFERROR(IF(取值!D77=0,"",取值!D77),"") | H50: =_xlfn.IFERROR(SUM(延炼月报表!H50,永炼月报表!H50,榆炼月报表!H50,石化厂月报表!H50),"") -> 0 | I50: =_xlfn.IFERROR(H50/G50*100,"") | J50: 0 | K50: 0 | L50: =_xlfn.IFERROR(H50-K50,"") -> 0 | M50: =E50 -> 0 | N50: =H50 -> 0
B51: 6、1#渣油销量（供榆能化） | C51: 吨 | D51: 140000 | E51: =_xlfn.IFERROR(SUM(延炼月报表!E51,永炼月报表!E51,榆炼月报表!E51,石化厂月报表!E51),"") -> 128701 | F51: =_xlfn.IFERROR(E51/D51*100,"") -> 91.929286 | G51: 1350000 | H51: =_xlfn.IFERROR(SUM(延炼月报表!H51,永炼月报表!H51,榆炼月报表!H51,石化厂月报表!H51),"") -> 1156621 | I51: =_xlfn.IFERROR(H51/G51*100,"") -> 85.67563 | J51: 0 | K51: 0 | L51: =_xlfn.IFERROR(H51-K51,"") -> 1156621 | M51: =E51 -> 128701 | N51: =H51 -> 1156621
B52: 7、2#渣油销量 | C52: 吨 | D52: 7900 | E52: =_xlfn.IFERROR(SUM(延炼月报表!E52,永炼月报表!E52,榆炼月报表!E52,石化厂月报表!E52),"") -> 7702 | F52: =_xlfn.IFERROR(E52/D52*100,"") -> 97.493671 | G52: =_xlfn.IFERROR(IF(取值!D79=0,"",取值!D79),"") | H52: =_xlfn.IFERROR(SUM(延炼月报表!H52,永炼月报表!H52,榆炼月报表!H52,石化厂月报表!H52),"") -> 84226.96 | I52: =_xlfn.IFERROR(H52/G52*100,"") | J52: 0 | K52: 0 | L52: =_xlfn.IFERROR(H52-K52,"") -> 84226.96 | M52: =E52 -> 7702 | N52: =H52 -> 84226.96
B53: 8、聚丙烯产量 | C53: 吨 | D53: 26199.939 | E53: =_xlfn.IFERROR(SUM(延炼月报表!E53,永炼月报表!E53,榆炼月报表!E53,石化厂月报表!E53),"") -> 27308 | F53: =_xlfn.IFERROR(E53/D53*100,"") -> 104.22925 | G53: 300000 | H53: =_xlfn.IFERROR(SUM(延炼月报表!H53,永炼月报表!H53,榆炼月报表!H53,石化厂月报表!H53),"") -> 292563 | I53: =_xlfn.IFERROR(H53/G53*100,"") -> 97.521 | J53: 0 | K53: 0 | L53: =_xlfn.IFERROR(H53-K53,"") -> 292563 | M53: =E53 -> 27308 | N53: =H53 -> 292563
B54: 9、苯乙烯产量 | C54: 吨 | D54: =_xlfn.IFERROR(IF(取值!C81=0,"",取值!C81),"") | E54: =_xlfn.IFERROR(SUM(延炼月报表!E54,永炼月报表!E54,榆炼月报表!E54,石化厂月报表!E54),"") -> 4995 | F54: =_xlfn.IFERROR(E54/D54*100,"") | G54: 50000 | H54: =_xlfn.IFERROR(SUM(延炼月报表!H54,永炼月报表!H54,榆炼月报表!H54,石化厂月报表!H54),"") -> 54371 | I54: =_xlfn.IFERROR(H54/G54*100,"") -> 108.742 | J54: 0 | K54: 0 | L54: =_xlfn.IFERROR(H54-K54,"") -> 54371 | M54: =E54 -> 4995 | N54: =H54 -> 54371
B55: 10、苯销量 | C55: 吨 | D55: 4200 | E55: =_xlfn.IFERROR(SUM(延炼月报表!E55,永炼月报表!E55,榆炼月报表!E55,石化厂月报表!E55),"") -> 5117.64 | F55: =_xlfn.IFERROR(E55/D55*100,"") -> 121.84857 | G55: 41326 | H55: =_xlfn.IFERROR(SUM(延炼月报表!H55,永炼月报表!H55,榆炼月报表!H55,石化厂月报表!H55),"") -> 45083.6 | I55: =_xlfn.IFERROR(H55/G55*100,"") -> 109.09258 | J55: 0 | K55: 0 | L55: =_xlfn.IFERROR(H55-K55,"") -> 45083.6 | M55: =E55 -> 5117.64 | N55: =H55 -> 45083.6
B56: 11、二甲苯销量 | C56: 吨 | D56: =_xlfn.IFERROR(IF(取值!C83=0,"",取值!C83),"") | E56: =_xlfn.IFERROR(SUM(延炼月报表!E56,永炼月报表!E56,榆炼月报表!E56,石化厂月报表!E56),"") -> 6938.88 | F56: =_xlfn.IFERROR(E56/D56*100,"") | G56: =_xlfn.IFERROR(IF(取值!D83=0,"",取值!D83),"") | H56: =_xlfn.IFERROR(SUM(延炼月报表!H56,永炼月报表!H56,榆炼月报表!H56,石化厂月报表!H56),"") -> 6938.88 | I56: =_xlfn.IFERROR(H56/G56*100,"") | J56: 0 | K56: 0 | L56: =_xlfn.IFERROR(H56-K56,"") -> 6938.88 | M56: =E56 -> 6938.88 | N56: =H56 -> 6938.88
B57: 12、醋酸仲丁酯产量 | C57: 吨 | D57: 5299.5702 | E57: =_xlfn.IFERROR(SUM(延炼月报表!E57,永炼月报表!E57,榆炼月报表!E57,石化厂月报表!E57),"") -> 5307 | F57: =_xlfn.IFERROR(E57/D57*100,"") -> 100.1402 | G57: 55000 | H57: =_xlfn.IFERROR(SUM(延炼月报表!H57,永炼月报表!H57,榆炼月报表!H57,石化厂月报表!H57),"") -> 47549 | I57: =_xlfn.IFERROR(H57/G57*100,"") -> 86.452727 | J57: 0 | K57: 0 | L57: =_xlfn.IFERROR(H57-K57,"") -> 47549 | M57: =E57 -> 5307 | N57: =H57 -> 47549
B58: 13、精制硫磺销量 | C58: 吨 | D58: =_xlfn.IFERROR(IF(取值!C85=0,"",取值!C85),"") | E58: =_xlfn.IFERROR(SUM(延炼月报表!E58,永炼月报表!E58,榆炼月报表!E58,石化厂月报表!E58),"") -> 868.74 | F58: =_xlfn.IFERROR(E58/D58*100,"") | G58: =_xlfn.IFERROR(IF(取值!D85=0,"",取值!D85),"") | H58: =_xlfn.IFERROR(SUM(延炼月报表!H58,永炼月报表!H58,榆炼月报表!H58,石化厂月报表!H58),"") -> 6861.36 | I58: =_xlfn.IFERROR(H58/G58*100,"") | J58: 0 | K58: 0 | L58: =_xlfn.IFERROR(H58-K58,"") -> 6861.36 | M58: =E58 -> 868.74 | N58: =H58 -> 6861.36
B59: 14、粗硫磺销量 | C59: 吨 | D59: =_xlfn.IFERROR(IF(取值!C86=0,"",取值!C86),"") | E59: =_xlfn.IFERROR(SUM(延炼月报表!E59,永炼月报表!E59,榆炼月报表!E59,石化厂月报表!E59),"") -> 601.26 | F59: =_xlfn.IFERROR(E59/D59*100,"") | G59: =_xlfn.IFERROR(IF(取值!D86=0,"",取值!D86),"") | H59: =_xlfn.IFERROR(SUM(延炼月报表!H59,永炼月报表!H59,榆炼月报表!H59,石化厂月报表!H59),"") -> 7379.16 | I59: =_xlfn.IFERROR(H59/G59*100,"") | J59: 0 | K59: 0 | L59: =_xlfn.IFERROR(H59-K59,"") -> 7379.16 | M59: =E59 -> 601.26 | N59: =H59 -> 7379.16
B60: 15、丙烯销量 | C60: 吨 | D60: =_xlfn.IFERROR(IF(取值!C87=0,"",取值!C87),"") | E60: =_xlfn.IFERROR(SUM(延炼月报表!E60,永炼月报表!E60,榆炼月报表!E60,石化厂月报表!E60),"") -> 4425.8 | F60: =_xlfn.IFERROR(E60/D60*100,"") | G60: 25313 | H60: =_xlfn.IFERROR(SUM(延炼月报表!H60,永炼月报表!H60,榆炼月报表!H60,石化厂月报表!H60),"") -> 30850.34 | I60: =_xlfn.IFERROR(H60/G60*100,"") -> 121.87548 | J60: 0 | K60: 0 | L60: =_xlfn.IFERROR(H60-K60,"") -> 30850.34 | M60: =E60 -> 4425.8 | N60: =H60 -> 30850.34
B61: 16、硫酸铵销量 | C61: 吨 | D61: =_xlfn.IFERROR(IF(取值!C88=0,"",取值!C88),"") | E61: =_xlfn.IFERROR(SUM(延炼月报表!E61,永炼月报表!E61,榆炼月报表!E61,石化厂月报表!E61),"") -> 0 | F61: =_xlfn.IFERROR(E61/D61*100,"") | G61: =_xlfn.IFERROR(IF(取值!D88=0,"",取值!D88),"") | H61: =_xlfn.IFERROR(SUM(延炼月报表!H61,永炼月报表!H61,榆炼月报表!H61,石化厂月报表!H61),"") -> 177.14 | I61: =_xlfn.IFERROR(H61/G61*100,"") | J61: 0 | K61: 0 | L61: =_xlfn.IFERROR(H61-K61,"") -> 177.14 | M61: =E61 -> 0 | N61: =H61 -> 177.14
B62: 17、异辛烷组分产量 | C62: 吨 | D62: 18000.055 | E62: =_xlfn.IFERROR(SUM(延炼月报表!E62,永炼月报表!E62,榆炼月报表!E62,石化厂月报表!E62),"") -> 18963 | F62: =_xlfn.IFERROR(E62/D62*100,"") -> 105.34968 | G62: 210000 | H62: =_xlfn.IFERROR(SUM(延炼月报表!H62,永炼月报表!H62,榆炼月报表!H62,石化厂月报表!H62),"") -> 210582 | I62: =_xlfn.IFERROR(H62/G62*100,"") -> 100.27714 | J62: 0 | K62: 0 | L62: =_xlfn.IFERROR(H62-K62,"") -> 210582 | M62: =E62 -> 18963 | N62: =H62 -> 210582
B63: 18、异辛烷组分销量 | C63: 吨 | D63: =_xlfn.IFERROR(IF(取值!C90=0,"",取值!C90),"") | E63: =_xlfn.IFERROR(SUM(延炼月报表!E63,永炼月报表!E63,榆炼月报表!E63,石化厂月报表!E63),"") -> 0 | F63: =_xlfn.IFERROR(E63/D63*100,"") | G63: =_xlfn.IFERROR(IF(取值!D90=0,"",取值!D90),"") | H63: =_xlfn.IFERROR(SUM(延炼月报表!H63,永炼月报表!H63,榆炼月报表!H63,石化厂月报表!H63),"") -> 0 | I63: =_xlfn.IFERROR(H63/G63*100,"") | J63: 0 | K63: 0 | L63: =_xlfn.IFERROR(H63-K63,"") -> 0 | M63: =E63 -> 0 | N63: =H63 -> 0
B64: 19、MTBE产量 | C64: 吨 | D64: 26900 | E64: =_xlfn.IFERROR(SUM(延炼月报表!E64,永炼月报表!E64,榆炼月报表!E64,石化厂月报表!E64),"") -> 30759 | F64: =_xlfn.IFERROR(E64/D64*100,"") -> 114.34572 | G64: 290000 | H64: =_xlfn.IFERROR(SUM(延炼月报表!H64,永炼月报表!H64,榆炼月报表!H64,石化厂月报表!H64),"") -> 278660 | I64: =_xlfn.IFERROR(H64/G64*100,"") -> 96.089655 | J64: 0 | K64: 0 | L64: =_xlfn.IFERROR(H64-K64,"") -> 278660 | M64: =E64 -> 30759 | N64: =H64 -> 278660
B65: 20、MTBE销量 | C65: 吨 | D65: =_xlfn.IFERROR(IF(取值!C92=0,"",取值!C92),"") | E65: =_xlfn.IFERROR(SUM(延炼月报表!E65,永炼月报表!E65,榆炼月报表!E65,石化厂月报表!E65),"") -> 0 | F65: =_xlfn.IFERROR(E65/D65*100,"") | G65: =_xlfn.IFERROR(IF(取值!D92=0,"",取值!D92),"") | H65: =_xlfn.IFERROR(SUM(延炼月报表!H65,永炼月报表!H65,榆炼月报表!H65,石化厂月报表!H65),"") -> 0 | I65: =_xlfn.IFERROR(H65/G65*100,"") | J65: 0 | K65: 0 | L65: =_xlfn.IFERROR(H65-K65,"") -> 0 | M65: =E65 -> 0 | N65: =H65 -> 0
B66: 21、液氨销量 | C66: 吨 | D66: =_xlfn.IFERROR(IF(取值!C93=0,"",取值!C93),"") | E66: =_xlfn.IFERROR(SUM(延炼月报表!E66,永炼月报表!E66,榆炼月报表!E66,石化厂月报表!E66),"") -> 0 | F66: =_xlfn.IFERROR(E66/D66*100,"") | G66: =_xlfn.IFERROR(IF(取值!D93=0,"",取值!D93),"") | H66: =_xlfn.IFERROR(SUM(延炼月报表!H66,永炼月报表!H66,榆炼月报表!H66,石化厂月报表!H66),"") -> 2830 | I66: =_xlfn.IFERROR(H66/G66*100,"") | J66: 0 | K66: 0 | L66: =_xlfn.IFERROR(H66-K66,"") -> 2830 | M66: =E66 -> 0 | N66: =H66 -> 2830
B67: 22、3#喷气燃料产量 | C67: 吨 | D67: =_xlfn.IFERROR(IF(取值!C94=0,"",取值!C94),"") | E67: 0 | F67: =_xlfn.IFERROR(E67/D67*100,"") | G67: =_xlfn.IFERROR(IF(取值!D94=0,"",取值!D94),"") | H67: 0 | I67: =_xlfn.IFERROR(H67/G67*100,"") | J67: 0 | K67: 0 | L67: =_xlfn.IFERROR(H67-K67,"") -> 0 | M67: =E67 -> 0 | N67: =H67 -> 0
B68: 三、综合指标 | D68: =_xlfn.IFERROR(IF(取值!C95=0,"",取值!C95),"") | F68: =_xlfn.IFERROR(E68/D68*100,"") | G68: =_xlfn.IFERROR(IF(取值!D95=0,"",取值!D95),"") | I68: =_xlfn.IFERROR(H68/G68*100,"") | M68: =E68 -> 0 | N68: =H68 -> 0
B69: 1、成品油产量(汽油+柴油+航煤) | C69: 吨 | D69: 940000 | E69: 988970 | F69: =_xlfn.IFERROR(E69/D69*100,"") -> 105.20957 | G69: 10806867 | H69: 10880325 | I69: =_xlfn.IFERROR(H69/G69*100,"") -> 100.67973 | J69: 0 | K69: 0 | L69: =_xlfn.IFERROR(H69-K69,"") -> 10880325 | M69: =E69 -> 988970 | N69: =H69 -> 10880325
B70: 2、综合商品量 | C70: 吨 | D70: 1153000 | E70: =_xlfn.IFERROR(E31+E35+E41+E42+E46+E51+E52+E53+E54+E55+E56+E57+E58+E59+E60+E61+E63+E65+E66,"") -> 1215856.6 | F70: =_xlfn.IFERROR(E70/D70*100,"") -> 105.45157 | G70: 14113572 | H70: =H31+H35+H41+H42+H46+H51+H52+H53+H54+H55+H56+H57+H58+H59+H60+H61+H63+H65+H66 -> 13062843 | I70: =_xlfn.IFERROR(H70/G70*100,"") -> 92.555185 | J70: 0 | K70: 0 | L70: =_xlfn.IFERROR(H70-K70,"") -> 13062843 | M70: =E70 -> 1215856.6 | N70: =H70 -> 13062843
B71: 3、综合商品率 | C71: % | D71: =_xlfn.IFERROR(IF(取值!C98=0,"",取值!C98),"") | F71: =_xlfn.IFERROR(E71-D71,"") | G71: 92.5 | I71: =_xlfn.IFERROR(H71-G71,"") -> -92.5 | J71: 0 | K71: 0 | L71: =_xlfn.IFERROR(H71-K71,"") -> 0
B72: 4、综合自用率 | C72: % | D72: 6 | E72: =_xlfn.IFERROR(取值!K4/E6*100,"") -> 6.4242376 | F72: =_xlfn.IFERROR(E72-D72,"") -> 0.42423756 | G72: 5.55 | H72: =_xlfn.IFERROR(取值!V4/H6*100,"") -> 5.7977708 | I72: =_xlfn.IFERROR(H72-G72,"") -> 0.24777078 | J72: 0 | K72: 0 | L72: =_xlfn.IFERROR(H72-K72,"") -> 5.7977708 | M72: =E72 -> 6.4242376 | N72: =H72 -> 5.7977708
B73: 5、综合加工损失率 | C73: % | D73: =_xlfn.IFERROR(IF(取值!C100=0,"",取值!C100),"") | E73: =_xlfn.IFERROR(取值!K5/E6*100,"") -> 1.7977256 | F73: =_xlfn.IFERROR(E73-D73,"") | G73: 1.95 | H73: =_xlfn.IFERROR(取值!V5/H6*100,"") -> 1.5987264 | I73: =_xlfn.IFERROR(H73-G73,"") -> -0.35127357 | J73: 0 | K73: 0 | L73: =_xlfn.IFERROR(H73-K73,"") -> 1.5987264 | M73: =E73 -> 1.7977256 | N73: =H73 -> 1.5987264
B74: 6、炼油综合能耗 | C74: kg标油/t | D74: 76.984024 | E74: =_xlfn.IFERROR(取值!K22,"") -> 66.557148 | F74: =_xlfn.IFERROR(E74-D74,"") -> -10.426876 | G74: 77.5 | H74: =_xlfn.IFERROR(取值!V22,"") -> 69.994849 | I74: =_xlfn.IFERROR(H74-G74,"") -> -7.5051509 | J74: 0 | K74: 0 | L74: =_xlfn.IFERROR(H74-K74,"") -> 69.994849 | M74: =E74 -> 66.557148 | N74: =H74 -> 69.994849
B75: 7、丙烯单耗 | C75: t/t | D75: 1.0500596 | E75: 1.033644 | F75: =_xlfn.IFERROR(E75-D75,"") -> -0.016415577 | G75: 1.05 | H75: 1.0361995 | I75: =_xlfn.IFERROR(H75-G75,"") -> -0.013800512 | J75: 0 | K75: 0 | L75: =_xlfn.IFERROR(H75-K75,"") -> 1.0361995 | M75: =_xlfn.IFERROR(100/M86,"")
B76: 8、石油产品出厂合格率 | C76: % | D76: =_xlfn.IFERROR(IF(取值!C103=0,"",取值!C103),"") | E76: 100 | F76: =_xlfn.IFERROR(E76-D76,"") | G76: 100 | H76: 100 | I76: =_xlfn.IFERROR(H76-G76,"") -> 0 | J76: 0 | K76: 0 | L76: =_xlfn.IFERROR(H76-K76,"") -> 100
B77: 四、装置收率
B78: 1、常压装置轻质油收率 | C78: % | D78: 48.565625 | E78: 50.352082 | F78: =_xlfn.IFERROR(E78-D78,"") -> 1.7864567 | G78: 48.97 | H78: 49.615462 | I78: =_xlfn.IFERROR(H78-G78,"") -> 0.64546216 | J78: 0 | K78: 0 | L78: =_xlfn.IFERROR(H78-K78,"") -> 49.615462
B79: 2、催化装置汽柴液总收率 | C79: % | D79: 86.312475 | E79: 87.079854 | F79: =_xlfn.IFERROR(E79-D79,"") -> 0.76737953 | G79: 86.03 | H79: 86.927758 | I79: =_xlfn.IFERROR(H79-G79,"") -> 0.89775771 | J79: 0 | K79: 0 | L79: =_xlfn.IFERROR(H79-K79,"") -> 86.927758
B80: 其中：催化装置轻质油收率 | C80: % | D80: 69.217304 | E80: 72.046053 | F80: =_xlfn.IFERROR(E80-D80,"") -> 2.8287494 | G80: 69.77 | H80: 71.279098 | I80: =_xlfn.IFERROR(H80-G80,"") -> 1.5090976 | J80: 0 | K80: 0 | L80: =_xlfn.IFERROR(H80-K80,"") -> 71.279098
B81: 催化装置液化气收率 | C81: % | D81: 17.095171 | E81: 15.033801 | F81: =_xlfn.IFERROR(E81-D81,"") -> -2.0613699 | G81: 16.26 | H81: 15.64866 | I81: =_xlfn.IFERROR(H81-G81,"") -> -0.61133989 | J81: 0 | K81: 0 | L81: =_xlfn.IFERROR(H81-K81,"") -> 15.64866
B82: 3、重整装置总收率 | C82: % | D82: 92.453741 | E82: 93.240449 | F82: =_xlfn.IFERROR(E82-D82,"") -> 0.7867074 | G82: 92.68 | H82: 93.031066 | I82: =_xlfn.IFERROR(H82-G82,"") -> 0.35106641 | J82: 0 | K82: 0 | L82: =_xlfn.IFERROR(H82-K82,"") -> 93.031066
B83: 4、气体分馏装置丙烯收率 | C83: % | D83: 25.561438 | E83: 27.518861 | F83: =_xlfn.IFERROR(E83-D83,"") -> 1.9574226 | G83: 24.69 | H83: 27.189544 | I83: =_xlfn.IFERROR(H83-G83,"") -> 2.4995443 | J83: 0 | K83: 0 | L83: =_xlfn.IFERROR(H83-K83,"") -> 27.189544
B84: 5、MTBE装置MTBE收率 | C84: % | D84: =_xlfn.IFERROR(IF(取值!C111=0,"",取值!C111),"") | E84: =_xlfn.IFERROR(E64/(延炼月报表!E64/延炼月报表!E84+石化厂月报表!E64/石化厂月报表!E84),"") -> 33.188032 | F84: =_xlfn.IFERROR(E84-D84,"") | G84: =_xlfn.IFERROR(IF(取值!D111=0,"",取值!D111),"") | H84: =_xlfn.IFERROR(H64/(延炼月报表!H64/延炼月报表!H84+石化厂月报表!H64/石化厂月报表!H84),"") -> 29.653692 | I84: =_xlfn.IFERROR(H84-G84,"") | J84: 0 | K84: 0 | L84: =_xlfn.IFERROR(H84-K84,"") -> 29.653692 | M84: =E84 -> 33.188032 | N84: =H84 -> 29.653692
B85: 6、醋酸仲丁酯收率 | C85: % | D85: 43.5 | E85: 39.690375 | F85: =_xlfn.IFERROR(E85-D85,"") -> -3.8096253 | G85: 40 | H85: 37.046646 | I85: =_xlfn.IFERROR(H85-G85,"") -> -2.9533537 | J85: 0 | K85: 0 | L85: =_xlfn.IFERROR(H85-K85,"") -> 37.046646
B86: 7、聚丙烯装置收率 | C86: % | D86: =_xlfn.IFERROR(IF(取值!C113=0,"",取值!C113),"") | E86: 96.745104 | F86: =_xlfn.IFERROR(E86-D86,"") | G86: =_xlfn.IFERROR(IF(取值!D113=0,"",取值!D113),"") | H86: 96.506514 | I86: =_xlfn.IFERROR(H86-G86,"") | J86: 0 | K86: 0 | L86: =_xlfn.IFERROR(H86-K86,"") -> 96.506514
B87: 8、汽油加氢精制总收率 | C87: % | D87: 98.244635 | E87: 98.923428 | F87: =_xlfn.IFERROR(E87-D87,"") -> 0.67879325 | G87: 98.65 | H87: 98.796921 | I87: =_xlfn.IFERROR(H87-G87,"") -> 0.14692078 | J87: 0 | K87: 0 | L87: =_xlfn.IFERROR(H87-K87,"") -> 98.796921
B88: 9、柴油加氢精制总收率 | C88: % | D88: 98.587815 | E88: 99.296762 | F88: =_xlfn.IFERROR(E88-D88,"") -> 0.70894647 | G88: 98.87 | H88: 99.251864 | I88: =_xlfn.IFERROR(H88-G88,"") -> 0.38186442 | J88: 0 | K88: 0 | L88: =_xlfn.IFERROR(H88-K88,"") -> 99.251864
B89: 10、苯乙烯收率 | C89: % | D89: 94 | E89: 94.727859 | F89: =_xlfn.IFERROR(E89-D89,"") -> 0.7278589 | G89: =_xlfn.IFERROR(IF(取值!D116=0,"",取值!D116),"") | H89: 94.803927 | I89: =_xlfn.IFERROR(H89-G89,"") | J89: 0 | K89: 0 | L89: =_xlfn.IFERROR(H89-K89,"") -> 94.803927
B90: 备注
B94: 主管领导： | C94: 曹培宽 | D94: 部门负责人： | F94: 郝新宇 | G94: 审核人： | H94: 陈雄伟 | J94: 编制： | K94: 肖璇
C96: 曹培宽 | F96: 郝新宇 | H96: 陈雄伟 | K96: 肖璇

Sheet 取值
B2: 月 | M2: 年
C3: 延炼 | E3: 永炼 | G3: 榆炼 | I3: 石化 | K3: 合计 | N3: 延炼 | P3: 永炼 | R3: 榆炼 | T3: 石化 | V3: 合计
B4: 自用率 | C4: =_xlfn.IFERROR(C7/C8*100,"") -> 2.5205124 | E4: =_xlfn.IFERROR(E7/E8*100,"") -> 4.7096725 | G4: =_xlfn.IFERROR(G7/G8*100,"") -> 4.5853858 | I4: =_xlfn.IFERROR(I7/I8*100,"") -> 3.961531 | K4: =_xlfn.IFERROR(C7+E7+G7+I7,"") -> 84777 | N4: =_xlfn.IFERROR(N7/N8*100,"") -> 2.5062749 | P4: =_xlfn.IFERROR(P7/P8*100,"") -> 4.4504288 | R4: =_xlfn.IFERROR(R7/R8*100,"") -> 5.3445032 | T4: =_xlfn.IFERROR(T7/T8*100,"") -> 2.0420753 | V4: =_xlfn.IFERROR(N7+P7+R7+T7,"") -> 820867
B5: 损失率 | C5: =_xlfn.IFERROR(C10/C11*100,"") -> 0.76595358 | E5: =_xlfn.IFERROR(E10/E11*100,"") -> 0.7349151 | G5: =_xlfn.IFERROR(G10/G11*100,"") -> 1.5241037 | I5: =_xlfn.IFERROR(I10/I11*100,"") -> 1.0300608 | K5: =_xlfn.IFERROR(C10+E10+G10+I10,"") -> 23723.56 | N5: =_xlfn.IFERROR(N10/N11*100,"") -> 0.75773225 | P5: =_xlfn.IFERROR(P10/P11*100,"") -> 0.73497371 | R5: =_xlfn.IFERROR(R10/R11*100,"") -> 1.1341718 | T5: =_xlfn.IFERROR(T10/T11*100,"") -> 1.0400295 | V5: =_xlfn.IFERROR(N10+P10+R10+T10,"") -> 226352.82
C7: 24938 | E7: 12426 | G7: 25952 | I7: 21461 | N7: 287320 | P7: 162286 | R7: 257157 | T7: 114104
C8: 989402 | E8: 263840 | G8: 565972 | I8: 541735 | N8: 11464026 | P8: 3646525 | R8: 4811616.6 | T8: 5587649
C10: 7578.36 | E10: 1939 | G10: 8626 | I10: 5580.2 | N10: 86866.62 | P10: 26801 | R10: 54572 | T10: 58113.2
C11: 989402 | E11: 263840 | G11: 565972 | I11: 541735 | N11: 11464026 | P11: 3646525 | R11: 4811616.6 | T11: 5587649
B20: 炼油综合能耗 | C20: 24552.64 | E20: 14043.47 | G20: 26881.22 | I20: 42.21 | N20: 271660.8 | P20: 165580.77 | R20: 278184 | T20: 42.6
C21: 524629 | E21: 252343 | G21: 550368 | N21: 5905379 | P21: 3486701 | R21: 4553852
C22: =C20/C21*1000 -> 46.800005 | E22: =E20/E21*1000 -> 55.652307 | G22: =G20/G21*1000 -> 48.842266 | I22: =I20 -> 42.21 | K22: =(C22*C23+E22*E23+G22*G23+I22*I23)/K23 -> 66.557148 | N22: =N20/N21*1000 -> 46.002263 | P22: =P20/P21*1000 -> 47.489237 | R22: =R20/R21*1000 -> 61.087624 | T22: =T20 -> 42.6 | V22: =(N22*N23+P22*P23+R22*R23+T22*T23)/V23 -> 69.994849
C23: 524629 | E23: 252343 | G23: 550368 | I23: 541735 | K23: =C23+E23+G23 -> 1327340 | N23: 5905379 | P23: 3486701 | R23: 4553852 | T23: 6120137 | V23: =N23+P23+R23 -> 13945932
C33: 月计划 | D33: 年计划
B35: 7 | C35: 1280000 | D35: 15100000
B36: 8 | C36: 10300 | D36: 129528
B37: 9
B38: 10 | D38: =_xlfn.IFERROR(SUM('延炼取值 '!G10,永炼取值!G10,榆炼取值!G10,石化取值!G10),"") -> 0
B39: 11 | C39: 0
B40: 12 | D40: =_xlfn.IFERROR(SUM('延炼取值 '!G12,永炼取值!G12,榆炼取值!G12,石化取值!G12),"") -> 0
B41: 13 | C41: 2200 | D41: 30625
B42: 14 | D42: =_xlfn.IFERROR(SUM('延炼取值 '!G14,永炼取值!G14,榆炼取值!G14,石化取值!G14),"") -> 0
B43: 15 | D43: =_xlfn.IFERROR(SUM('延炼取值 '!G15,永炼取值!G15,榆炼取值!G15,石化取值!G15),"") -> 50000
B44: 16 | D44: =_xlfn.IFERROR(SUM('延炼取值 '!G16,永炼取值!G16,榆炼取值!G16,石化取值!G16),"") -> 0
B45: 17 | C45: 1280000 | D45: 15100000
B46: 18
B47: 19 | C47: 497000 | D47: 5980000
B48: 20 | C48: 220500 | D48: 2570000
B49: 21 | C49: 0
B50: 22
B51: 23 | C51: 233000 | D51: 2890000
B52: 24 | C52: 476000 | D52: 5890000
B53: 25 | C53: 82600 | D53: 900000
B54: 26 | D54: 525843
B55: 27
B56: 28
B57: 29
B58: 30 | C58: 499000 | D58: 4817524
B59: 31 | D59: 3736408
B60: 32 | D60: 1058800
B61: 33
B62: 34 | C62: 441000 | D62: 5489343
B63: 35
B64: 36
B65: 37 | C65: 30000
B66: 38 | C66: 20000
B67: 39
B68: 40 | D68: 500000
B69: 41 | C69: =_xlfn.IFERROR(SUM(C70:C72),"") -> 7300 | D69: =_xlfn.IFERROR(SUM(D70:D72),"") -> 196525
B70: 42 | D70: 95425 | E70: 石脑油 常压
B71: 43 | C71: 5500 | D71: 70300 | E71: 重整氢汽油
B72: 44 | C72: 1800 | D72: 30800
B73: 45 | C73: =_xlfn.IFERROR(SUM(C74:C77),"") -> 0 | D73: =_xlfn.IFERROR(SUM(D74:D77),"") -> 321255
B74: 46
B75: 47
B76: 48 | D76: 321255
B77: 49
B78: 50 | C78: 140000 | D78: 1350000
B79: 51 | C79: 7900
B80: 52 | C80: 26199.939 | D80: 300000
B81: 53 | D81: 50000
B82: 54 | C82: 4200 | D82: 41326
B83: 55
B84: 56 | C84: 5299.5702 | D84: 55000
B85: 57
B86: 58
B87: 59 | D87: 25313
B88: 60
B89: 61 | C89: 18000.055 | D89: 210000
B90: 62
B91: 63 | C91: 26900 | D91: 290000
B92: 64
B93: 65
B94: 66
B95: 67
B96: 68 | C96: =_xlfn.IFERROR(SUM(C58,C62,C68),"") -> 940000 | D96: =_xlfn.IFERROR(SUM(D58,D62,D68),"") -> 10806867
B97: 69 | C97: 1153000 | D97: 14113572
B98: 70 | D98: 92.5
B99: 71 | C99: 6 | D99: 5.55
B100: 72 | D100: 1.95
B101: 73 | C101: 76.984024 | D101: 77.5
B102: 74 | C102: 1.0500596 | D102: 1.05
B103: 75 | D103: 100
B104: 76
B105: 77 | C105: 48.565625 | D105: 48.97
B106: 78 | C106: 73.549753 | D106: 86.03
B107: 79 | C107: 69.217304 | D107: 69.77
B108: 80 | C108: 17.095171 | D108: 16.26
B109: 81 | C109: 92.453741 | D109: 92.68
B110: 82 | C110: 25.561438 | D110: 24.69
B111: 83
B112: 84 | C112: 43.5 | D112: 40
B113: 85
B114: 86 | C114: 98.244635 | D114: 98.65
B115: 87 | C115: 98.587815 | D115: 98.87
B116: 89 | C116: 94
C117: 去年同期
C118: 月 | D118: 年
B119: 6
B120: 7
B121: 8
...

Sheet 延炼月报表
B1: 炼化公司生产月报表（延炼）
B2: 填报单位：炼化公司 | C2: 2025-11 | J2: 陕油统 炼化B-401
B3: 指标名称 | C3: 单位 | D3: 本月生产 | G3: 本年生产 | J3: 去年同期 | L3: 同比 增长
D4: 月计划 | E4: 月完成 | F4: 完成率% | G4: 年计划 | H4: 年完成 | I4: 完成率% | J4: 本月 | K4: 本年
B5: 一、装置加工量
B6: 1、原料油（气）加工量 | C6: 吨 | D6: =_xlfn.IFERROR(IF('延炼取值 '!D6=0,"",'延炼取值 '!D6),"") | E6: =_xlfn.IFERROR(SUM(E7:E15),"") -> 492908.96 | G6: =_xlfn.IFERROR(IF('延炼取值 '!G6=0,"",'延炼取值 '!G6),"") | H6: =_xlfn.IFERROR(SUM(H7:H15),"") -> 5877567.4 | J6: 470841.46 | K6: 5819161.2 | L6: =_xlfn.IFERROR(H6-K6,"") -> 58406.18
B7: 其中：原油 | C7: 吨 | D7: 525000 | E7: =_xlfn.IFERROR('延炼取值 '!E7,"") -> 488629 | F7: =_xlfn.IFERROR(E7/'延炼取值 '!D7*100,"") -> 93.07219 | G7: 6300000 | H7: =_xlfn.IFERROR('延炼取值 '!H7,"") -> 5829379 | I7: =_xlfn.IFERROR(H7/'延炼取值 '!G7*100,"") -> 92.529825 | J7: 466526 | K7: 5775191 | L7: =_xlfn.IFERROR(H7-K7,"") -> 54188
B8: 甲醇 | C8: 吨 | D8: 1300 | E8: =_xlfn.IFERROR('延炼取值 '!E8,"") -> 1492.96 | F8: =_xlfn.IFERROR(E8/'延炼取值 '!D8*100,"") -> 114.84308 | G8: 15256 | H8: =_xlfn.IFERROR('延炼取值 '!H8,"") -> 13575.24 | I8: =_xlfn.IFERROR(H8/'延炼取值 '!G8*100,"") -> 88.982958 | J8: 1418.46 | K8: 14243.22 | L8: =_xlfn.IFERROR(H8-K8,"") -> -667.98
B9: MTBE | C9: 吨 | D9: 3000 | E9: =_xlfn.IFERROR('延炼取值 '!E9,"") -> 0 | F9: =_xlfn.IFERROR(E9/'延炼取值 '!D9*100,"") -> 0 | G9: =_xlfn.IFERROR(IF('延炼取值 '!G9=0,"",'延炼取值 '!G9),"") | H9: =_xlfn.IFERROR('延炼取值 '!H9,"") -> 9400.16 | I9: =_xlfn.IFERROR(H9/'延炼取值 '!G9*100,"") | J9: 0 | K9: 0 | L9: =_xlfn.IFERROR(H9-K9,"") -> 9400.16
B10: 1#渣油 | C10: 吨 | D10: =_xlfn.IFERROR(IF('延炼取值 '!D10=0,"",'延炼取值 '!D10),"") | F10: =_xlfn.IFERROR(E10/'延炼取值 '!D10*100,"") | G10: =_xlfn.IFERROR(IF('延炼取值 '!G10=0,"",'延炼取值 '!G10),"") | I10: =_xlfn.IFERROR(H10/'延炼取值 '!G10*100,"") | L10: =_xlfn.IFERROR(H10-K10,"") -> 0
B11: 裂解石脑油 | C11: 吨 | D11: =_xlfn.IFERROR(IF('延炼取值 '!D11=0,"",'延炼取值 '!D11),"") | F11: =_xlfn.IFERROR(E11/'延炼取值 '!D11*100,"") | G11: =_xlfn.IFERROR(IF('延炼取值 '!G11=0,"",'延炼取值 '!G11),"") | I11: =_xlfn.IFERROR(H11/'延炼取值 '!G11*100,"") | L11: =_xlfn.IFERROR(H11-K11,"") -> 0
B12: 上古液化气 | C12: 吨 | D12: =_xlfn.IFERROR(IF('延炼取值 '!D12=0,"",'延炼取值 '!D12),"") | E12: =_xlfn.IFERROR('延炼取值 '!E12,"") -> 0 | F12: =_xlfn.IFERROR(E12/'延炼取值 '!D12*100,"") | G12: =_xlfn.IFERROR(IF('延炼取值 '!G12=0,"",'延炼取值 '!G12),"") | H12: =_xlfn.IFERROR('延炼取值 '!H12,"") -> 0 | I12: =_xlfn.IFERROR(H12/'延炼取值 '!G12*100,"") | J12: 0 | K12: 0 | L12: =_xlfn.IFERROR(H12-K12,"") -> 0
B13: 醋酸 | C13: 吨 | D13: 2200 | E13: =_xlfn.IFERROR('延炼取值 '!E13,"") -> 2787 | F13: =_xlfn.IFERROR(E13/'延炼取值 '!D13*100,"") -> 126.68182 | G13: 30625 | H13: =_xlfn.IFERROR('延炼取值 '!H13,"") -> 25213 | I13: =_xlfn.IFERROR(H13/'延炼取值 '!G13*100,"") -> 82.328163 | J13: 2897 | K13: 29727 | L13: =_xlfn.IFERROR(H13-K13,"") -> -4514
B14: 异辛烷组分 | C14: 吨 | D14: =_xlfn.IFERROR(IF('延炼取值 '!D14=0,"",'延炼取值 '!D14),"") | F14: =_xlfn.IFERROR(E14/'延炼取值 '!D14*100,"") | G14: =_xlfn.IFERROR(IF('延炼取值 '!G14=0,"",'延炼取值 '!G14),"") | I14: =_xlfn.IFERROR(H14/'延炼取值 '!G14*100,"") | L14: =_xlfn.IFERROR(H14-K14,"") -> 0
B15: 异丁烷 | C15: 吨 | D15: =_xlfn.IFERROR(IF('延炼取值 '!D15=0,"",'延炼取值 '!D15),"") | F15: =_xlfn.IFERROR(E15/'延炼取值 '!D15*100,"") | G15: =_xlfn.IFERROR(IF('延炼取值 '!G15=0,"",'延炼取值 '!G15),"") | I15: =_xlfn.IFERROR(H15/'延炼取值 '!G15*100,"") | L15: =_xlfn.IFERROR(H15-K15,"") -> 0
B16: 2、常压装置加工量 | C16: 吨 | D16: =_xlfn.IFERROR(IF('延炼取值 '!D16=0,"",'延炼取值 '!D16),"") | E16: =_xlfn.IFERROR('延炼取值 '!E16,"") -> 488629 | F16: =_xlfn.IFERROR(E16/'延炼取值 '!D16*100,"") | G16: =_xlfn.IFERROR(IF('延炼取值 '!G16=0,"",'延炼取值 '!G16),"") | H16: =_xlfn.IFERROR('延炼取值 '!H16,"") -> 5829379 | I16: =_xlfn.IFERROR(H16/'延炼取值 '!G16*100,"") | J16: 466526 | K16: 5775191 | L16: =_xlfn.IFERROR(H16-K16,"") -> 54188 | M16: 月 | N16: 年
B17: 原油加工量 | C17: 吨 | D17: 525000 | E17: =_xlfn.IFERROR('延炼取值 '!E17,"") -> 488629 | F17: =_xlfn.IFERROR(E17/'延炼取值 '!D17*100,"") -> 93.07219 | G17: 6300000 | H17: =_xlfn.IFERROR('延炼取值 '!H17,"") -> 5829379 | I17: =_xlfn.IFERROR(H17/'延炼取值 '!G17*100,"") -> 92.529825 | J17: 466526 | K17: 5775191 | L17: =_xlfn.IFERROR(H17-K17,"") -> 54188 | M17: =E17 -> 488629 | N17: =H17 -> 5829379
B18: 其中：进口原油加工量 | C18: 吨 | D18: =_xlfn.IFERROR(IF('延炼取值 '!D18=0,"",'延炼取值 '!D18),"") | E18: 0 | F18: =_xlfn.IFERROR(E18/'延炼取值 '!D18*100,"") | G18: =_xlfn.IFERROR(IF('延炼取值 '!G18=0,"",'延炼取值 '!G18),"") | H18: 0 | I18: =_xlfn.IFERROR(H18/'延炼取值 '!G18*100,"") | J18: 0 | K18: 0 | L18: =_xlfn.IFERROR(H18-K18,"") -> 0
B19: 3、催化装置加工量 | C19: 吨 | D19: =_xlfn.IFERROR(IF('延炼取值 '!D19=0,"",'延炼取值 '!D19),"") | E19: =_xlfn.IFERROR('延炼取值 '!E19,"") -> 252896 | F19: =_xlfn.IFERROR(E19/'延炼取值 '!D19*100,"") | G19: =_xlfn.IFERROR(IF('延炼取值 '!G19=0,"",'延炼取值 '!G19),"") | H19: =_xlfn.IFERROR('延炼取值 '!H19,"") -> 2967443 | I19: =_xlfn.IFERROR(H19/'延炼取值 '!G19*100,"") | J19: 261377 | K19: 2949656 | L19: =_xlfn.IFERROR(H19-K19,"") -> 17787
B20: 其中：1#渣油加工量 | C20: 吨 | D20: 260000 | E20: =_xlfn.IFERROR('延炼取值 '!E20,"") -> 251400 | F20: =_xlfn.IFERROR(E20/'延炼取值 '!D20*100,"") -> 96.692308 | G20: 3080000 | H20: =_xlfn.IFERROR('延炼取值 '!H20,"") -> 2974069 | I20: =_xlfn.IFERROR(H20/'延炼取值 '!G20*100,"") -> 96.560682 | J20: 260435 | K20: 2936284 | L20: =_xlfn.IFERROR(H20-K20,"") -> 37785 | M20: =E20 -> 251400 | N20: =H20 -> 2974069
B21: 4、重整装置处理量 | C21: 吨 | D21: =_xlfn.IFERROR(IF('延炼取值 '!D21=0,"",'延炼取值 '!D21),"") | F21: =_xlfn.IFERROR(E21/'延炼取值 '!D21*100,"") | G21: =_xlfn.IFERROR(IF('延炼取值 '!G21=0,"",'延炼取值 '!G21),"") | I21: =_xlfn.IFERROR(H21/'延炼取值 '!G21*100,"") | L21: =_xlfn.IFERROR(H21-K21,"") -> 0
B22: 5、DCC石脑油加氢处理量 | C22: 吨 | D22: =_xlfn.IFERROR(IF('延炼取值 '!D22=0,"",'延炼取值 '!D22),"") | F22: =_xlfn.IFERROR(E22/'延炼取值 '!D22*100,"") | G22: =_xlfn.IFERROR(IF('延炼取值 '!G22=0,"",'延炼取值 '!G22),"") | I22: =_xlfn.IFERROR(H22/'延炼取值 '!G22*100,"") | L22: =_xlfn.IFERROR(H22-K22,"") -> 0
B23: 6、DCC裂解轻油加氢处理量 | C23: 吨 | D23: =_xlfn.IFERROR(IF('延炼取值 '!D23=0,"",'延炼取值 '!D23),"") | F23: =_xlfn.IFERROR(E23/'延炼取值 '!D23*100,"") | G23: =_xlfn.IFERROR(IF('延炼取值 '!G23=0,"",'延炼取值 '!G23),"") | I23: =_xlfn.IFERROR(H23/'延炼取值 '!G23*100,"") | L23: =_xlfn.IFERROR(H23-K23,"") -> 0
B24: 7、汽油加氢精制处理量 | C24: 吨 | D24: =_xlfn.IFERROR(IF('延炼取值 '!D24=0,"",'延炼取值 '!D24),"") | F24: =_xlfn.IFERROR(E24/'延炼取值 '!D24*100,"") | G24: =_xlfn.IFERROR(IF('延炼取值 '!G24=0,"",'延炼取值 '!G24),"") | I24: =_xlfn.IFERROR(H24/'延炼取值 '!G24*100,"") | L24: =_xlfn.IFERROR(H24-K24,"") -> 0
B25: 8、柴油加氢精制处理量 | C25: 吨 | D25: =_xlfn.IFERROR(IF('延炼取值 '!D25=0,"",'延炼取值 '!D25),"") | F25: =_xlfn.IFERROR(E25/'延炼取值 '!D25*100,"") | G25: =_xlfn.IFERROR(IF('延炼取值 '!G25=0,"",'延炼取值 '!G25),"") | I25: =_xlfn.IFERROR(H25/'延炼取值 '!G25*100,"") | L25: =_xlfn.IFERROR(H25-K25,"") -> 0
B26: 9、气分装置加工量 | C26: 吨 | D26: 26800 | E26: =_xlfn.IFERROR('延炼取值 '!E26,"") -> 28307 | F26: =_xlfn.IFERROR(E26/'延炼取值 '!D26*100,"") -> 105.62313 | G26: 300000 | H26: =_xlfn.IFERROR('延炼取值 '!H26,"") -> 303202 | I26: =_xlfn.IFERROR(H26/'延炼取值 '!G26*100,"") -> 101.06733 | J26: 29206 | K26: 311265 | L26: =_xlfn.IFERROR(H26-K26,"") -> -8063
B27: 10、航煤装置处理量 | C27: 吨 | D27: =_xlfn.IFERROR(IF('延炼取值 '!D27=0,"",'延炼取值 '!D27),"") | E27: =_xlfn.IFERROR('延炼取值 '!E27,"") -> 29036 | F27: =_xlfn.IFERROR(E27/'延炼取值 '!D27*100,"") | G27: 157422 | H27: =_xlfn.IFERROR('延炼取值 '!H27,"") -> 193268 | I27: =_xlfn.IFERROR(H27/'延炼取值 '!G27*100,"") -> 122.77064 | J27: 8195 | K27: 238896 | L27: =_xlfn.IFERROR(H27-K27,"") -> -45628
B28: 11、烷基化装置处理量 | C28: 吨 | D28: =_xlfn.IFERROR(IF('延炼取值 '!D28=0,"",'延炼取值 '!D28),"") | F28: =_xlfn.IFERROR(E28/'延炼取值 '!D28*100,"") | G28: =_xlfn.IFERROR(IF('延炼取值 '!G28=0,"",'延炼取值 '!G28),"") | I28: =_xlfn.IFERROR(H28/'延炼取值 '!G28*100,"") | L28: =_xlfn.IFERROR(H28-K28,"") -> 0
B29: 12、混合脱氢装置处理量 | C29: 吨 | D29: =_xlfn.IFERROR(IF('延炼取值 '!D29=0,"",'延炼取值 '!D29),"") | F29: =_xlfn.IFERROR(E29/'延炼取值 '!D29*100,"") | G29: =_xlfn.IFERROR(IF('延炼取值 '!G29=0,"",'延炼取值 '!G29),"") | I29: =_xlfn.IFERROR(H29/'延炼取值 '!G29*100,"") | L29: =_xlfn.IFERROR(H29-K29,"") -> 0
B30: 二、油气产品产销量 | M30: 汽油
B31: 1、汽油产量 | C31: 吨 | D31: 253000 | E31: =_xlfn.IFERROR('延炼取值 '!E31,"") -> 239897 | F31: =_xlfn.IFERROR(E31/'延炼取值 '!D31*100,"") -> 94.820949 | G31: 2656714 | H31: =_xlfn.IFERROR('延炼取值 '!H31,"") -> 2874458 | I31: =_xlfn.IFERROR(H31/'延炼取值 '!G31*100,"") -> 108.19599 | J31: 252437 | K31: 2814746 | L31: =_xlfn.IFERROR(H31-K31,"") -> 59712 | M31: =E31 -> 239897 | N31: =H31 -> 2874458
B32: ⑴ 92#VI | C32: 吨 | D32: =_xlfn.IFERROR(IF('延炼取值 '!D32=0,"",'延炼取值 '!D32),"") | E32: =_xlfn.IFERROR('延炼取值 '!E32,"") -> 135789 | F32: =_xlfn.IFERROR(E32/'延炼取值 '!D32*100,"") | G32: 1770198 | H32: =_xlfn.IFERROR('延炼取值 '!H32,"") -> 1660222 | I32: =_xlfn.IFERROR(H32/'延炼取值 '!G32*100,"") -> 93.787362 | J32: 152029 | K32: 1766975 | L32: =_xlfn.IFERROR(H32-K32,"") -> -106753
B33: ⑵ 95#VI | C33: 吨 | D33: =_xlfn.IFERROR(IF('延炼取值 '!D33=0,"",'延炼取值 '!D33),"") | E33: =_xlfn.IFERROR('延炼取值 '!E33,"") -> 104108 | F33: =_xlfn.IFERROR(E33/'延炼取值 '!D33*100,"") | G33: 864200 | H33: =_xlfn.IFERROR('延炼取值 '!H33,"") -> 1191274 | I33: =_xlfn.IFERROR(H33/'延炼取值 '!G33*100,"") -> 137.84703 | J33: 98185 | K33: 1026709 | L33: =_xlfn.IFERROR(H33-K33,"") -> 164565
B34: ⑶ 98#Ⅵ | C34: 吨 | D34: =_xlfn.IFERROR(IF('延炼取值 '!D34=0,"",'延炼取值 '!D34),"") | E34: =_xlfn.IFERROR('延炼取值 '!E34,"") -> 0 | F34: =_xlfn.IFERROR(E34/'延炼取值 '!D34*100,"") | G34: =_xlfn.IFERROR(IF('延炼取值 '!G34=0,"",'延炼取值 '!G34),"") | H34: =_xlfn.IFERROR('延炼取值 '!H34,"") -> 22962 | I34: =_xlfn.IFERROR(H34/'延炼取值 '!G34*100,"") | J34: 2223 | K34: 21062 | L34: =_xlfn.IFERROR(H34-K34,"") -> 1900 | M34: 柴油
B35: 2、柴油产量 | C35: 吨 | D35: 200000 | E35: =_xlfn.IFERROR('延炼取值 '!E35,"") -> 194670 | F35: =_xlfn.IFERROR(E35/'延炼取值 '!D35*100,"") -> 97.335 | G35: 2577462 | H35: =_xlfn.IFERROR('延炼取值 '!H35,"") -> 2388739 | I35: =_xlfn.IFERROR(H35/'延炼取值 '!G35*100,"") -> 92.677952 | J35: 158779 | K35: 2366904 | L35: =_xlfn.IFERROR(H35-K35,"") -> 21835 | M35: =E35 -> 194670 | N35: =H35 -> 2388739
B36: ⑴ 军用柴油 | C36: 吨 | D36: =_xlfn.IFERROR(IF('延炼取值 '!D36=0,"",'延炼取值 '!D36),"") | F36: =_xlfn.IFERROR(E36/'延炼取值 '!D36*100,"") | G36: =_xlfn.IFERROR(IF('延炼取值 '!G36=0,"",'延炼取值 '!G36),"") | I36: =_xlfn.IFERROR(H36/'延炼取值 '!G36*100,"") | L36: =_xlfn.IFERROR(H36-K36,"") -> 0
B37: ⑵ 0#VI | C37: 吨 | D37: =_xlfn.IFERROR(IF('延炼取值 '!D37=0,"",'延炼取值 '!D37),"") | E37: =_xlfn.IFERROR('延炼取值 '!E37,"") -> 194670 | F37: =_xlfn.IFERROR(E37/'延炼取值 '!D37*100,"") | G37: =_xlfn.IFERROR(IF('延炼取值 '!G37=0,"",'延炼取值 '!G37),"") | H37: =_xlfn.IFERROR('延炼取值 '!H37,"") -> 2388739 | I37: =_xlfn.IFERROR(H37/'延炼取值 '!G37*100,"") | J37: 158779 | K37: 2366904 | L37: =_xlfn.IFERROR(H37-K37,"") -> 21835
B38: ⑶ -10#VI | C38: 吨 | D38: =_xlfn.IFERROR(IF('延炼取值 '!D38=0,"",'延炼取值 '!D38),"") | E38: =_xlfn.IFERROR('延炼取值 '!E38,"") -> 0 | F38: =_xlfn.IFERROR(E38/'延炼取值 '!D38*100,"") | G38: =_xlfn.IFERROR(IF('延炼取值 '!G38=0,"",'延炼取值 '!G38),"") | H38: =_xlfn.IFERROR('延炼取值 '!H38,"") -> 0 | I38: =_xlfn.IFERROR(H38/'延炼取值 '!G38*100,"") | J38: 0 | K38: 0 | L38: =_xlfn.IFERROR(H38-K38,"") -> 0
B39: ⑷ -20#VI | C39: 吨 | D39: =_xlfn.IFERROR(IF('延炼取值 '!D39=0,"",'延炼取值 '!D39),"") | F39: =_xlfn.IFERROR(E39/'延炼取值 '!D39*100,"") | G39: =_xlfn.IFERROR(IF('延炼取值 '!G39=0,"",'延炼取值 '!G39),"") | I39: =_xlfn.IFERROR(H39/'延炼取值 '!G39*100,"") | L39: =_xlfn.IFERROR(H39-K39,"") -> 0
B40: ⑸ -35#VI | C40: 吨 | D40: =_xlfn.IFERROR(IF('延炼取值 '!D40=0,"",'延炼取值 '!D40),"") | F40: =_xlfn.IFERROR(E40/'延炼取值 '!D40*100,"") | G40: =_xlfn.IFERROR(IF('延炼取值 '!G40=0,"",'延炼取值 '!G40),"") | I40: =_xlfn.IFERROR(H40/'延炼取值 '!G40*100,"") | L40: =_xlfn.IFERROR(H40-K40,"") -> 0
B41: 3、3#喷气燃料销量（航煤） | C41: 吨 | D41: =_xlfn.IFERROR(IF('延炼取值 '!D41=0,"",'延炼取值 '!D41),"") | E41: =_xlfn.IFERROR('延炼取值 '!E41,"") -> 10092 | F41: =_xlfn.IFERROR(E41/'延炼取值 '!D41*100,"") | G41: 150000 | H41: =_xlfn.IFERROR('延炼取值 '!H41,"") -> 102470 | I41: =_xlfn.IFERROR(H41/'延炼取值 '!G41*100,"") -> 68.313333 | J41: 4948 | K41: 70434 | L41: =_xlfn.IFERROR(H41-K41,"") -> 32036
B42: 4.石脑油销售量 | C42: 吨 | D42: 1800 | E42: =_xlfn.IFERROR('延炼取值 '!E42,"") -> 2774.68 | F42: =_xlfn.IFERROR(E42/'延炼取值 '!D42*100,"") -> 154.14889 | G42: 30800 | H42: =_xlfn.IFERROR('延炼取值 '!H42,"") -> 24882.5 | I42: =_xlfn.IFERROR(H42/'延炼取值 '!G42*100,"") -> 80.787338 | J42: 2189.14 | K42: 25635.58 | L42: =_xlfn.IFERROR(H42-K42,"") -> -753.08
B43: ⑴ 石脑油Ⅰ | C43: 吨 | D43: =_xlfn.IFERROR(IF('延炼取值 '!D43=0,"",'延炼取值 '!D43),"") | F43: =_xlfn.IFERROR(E43/'延炼取值 '!D43*100,"") | G43: =_xlfn.IFERROR(IF('延炼取值 '!G43=0,"",'延炼取值 '!G43),"") | I43: =_xlfn.IFERROR(H43/'延炼取值 '!#REF!*100,"") | L43: =_xlfn.IFERROR(H43-K43,"") -> 0
B44: ⑵ 石脑油Ⅱ | C44: 吨 | D44: =_xlfn.IFERROR(IF('延炼取值 '!D44=0,"",'延炼取值 '!D44),"") | F44: =_xlfn.IFERROR(E44/'延炼取值 '!D44*100,"") | G44: =_xlfn.IFERROR(IF('延炼取值 '!G44=0,"",'延炼取值 '!G44),"") | I44: =_xlfn.IFERROR(H44/'延炼取值 '!#REF!*100,"") | L44: =_xlfn.IFERROR(H44-K44,"") -> 0
B45: ⑶ 石脑油Ⅲ | C45: 吨 | D45: 1800 | E45: =_xlfn.IFERROR('延炼取值 '!E45,"") -> 2774.68 | F45: =_xlfn.IFERROR(E45/'延炼取值 '!D45*100,"") -> 154.14889 | G45: 30800 | H45: =_xlfn.IFERROR('延炼取值 '!H45,"") -> 24882.5 | I45: =_xlfn.IFERROR(H45/'延炼取值 '!#REF!*100,"") | J45: 2189.14 | K45: 25635.58 | L45: =_xlfn.IFERROR(H45-K45,"") -> -753.08
B46: 5、液化气销量 | C46: 吨 | D46: =_xlfn.IFERROR(IF('延炼取值 '!D46=0,"",'延炼取值 '!D46),"") | E46: =_xlfn.IFERROR('延炼取值 '!E46,"") -> 20470.62 | F46: =_xlfn.IFERROR(E46/'延炼取值 '!D46*100,"") | G46: =_xlfn.IFERROR(IF('延炼取值 '!G46=0,"",'延炼取值 '!G46),"") | H46: =_xlfn.IFERROR('延炼取值 '!H46,"") -> 261850.7 | I46: =_xlfn.IFERROR(H46/'延炼取值 '!G46*100,"") | J46: 21479.18 | K46: 256014.84 | L46: =_xlfn.IFERROR(H46-K46,"") -> 5835.86
B47: ⑴ 催化液化气 | C47: 吨 | D47: =_xlfn.IFERROR(IF('延炼取值 '!D47=0,"",'延炼取值 '!D47),"") | F47: =_xlfn.IFERROR(E47/'延炼取值 '!D47*100,"") | G47: 53323 | I47: =_xlfn.IFERROR(H47/'延炼取值 '!G47*100,"") -> 0 | L47: =_xlfn.IFERROR(H47-K47,"") -> 0
B48: ⑵ 醚后碳四 | C48: 吨 | D48: =_xlfn.IFERROR(IF('延炼取值 '!D48=0,"",'延炼取值 '!D48),"") | E48: =_xlfn.IFERROR('延炼取值 '!E48,"") -> 5234.98 | F48: =_xlfn.IFERROR(E48/'延炼取值 '!D48*100,"") | G48: =_xlfn.IFERROR(IF('延炼取值 '!G48=0,"",'延炼取值 '!G48),"") | H48: =_xlfn.IFERROR('延炼取值 '!H48,"") -> 89114.86 | I48: =_xlfn.IFERROR(H48/'延炼取值 '!G48*100,"") | J48: 8826.36 | K48: 96150.36 | L48: =_xlfn.IFERROR(H48-K48,"") -> -7035.5
B49: ⑶ 民用液化气 | C49: 吨 | D49: =_xlfn.IFERROR(IF('延炼取值 '!D49=0,"",'延炼取值 '!D49),"") | E49: =_xlfn.IFERROR('延炼取值 '!E49,"") -> 15235.64 | F49: =_xlfn.IFERROR(E49/'延炼取值 '!D49*100,"") | G49: 152660 | H49: =_xlfn.IFERROR('延炼取值 '!H49,"") -> 172735.84 | I49: =_xlfn.IFERROR(H49/'延炼取值 '!G49*100,"") -> 113.15069 | J49: 12652.82 | K49: 159864.48 | L49: =_xlfn.IFERROR(H49-K49,"") -> 12871.36
B50: ⑷ 正丁烷 | C50: 吨 | D50: =_xlfn.IFERROR(IF('延炼取值 '!D50=0,"",'延炼取值 '!D50),"") | E50: =_xlfn.IFERROR('延炼取值 '!E50,"") -> 0 | F50: =_xlfn.IFERROR(E50/'延炼取值 '!D50*100,"") | G50: =_xlfn.IFERROR(IF('延炼取值 '!G50=0,"",'延炼取值 '!G50),"") | H50: =_xlfn.IFERROR('延炼取值 '!H50,"") -> 0 | I50: =_xlfn.IFERROR(H50/'延炼取值 '!G50*100,"") | J50: 0 | K50: 0 | L50: =_xlfn.IFERROR(H50-K50,"") -> 0
B51: 6、1#渣油销量（供榆能化） | C51: 吨 | D51: =_xlfn.IFERROR(IF('延炼取值 '!D51=0,"",'延炼取值 '!D51),"") | E51: =_xlfn.IFERROR('延炼取值 '!E51,"") -> 0 | F51: =_xlfn.IFERROR(E51/'延炼取值 '!D51*100,"") | G51: 100000 | H51: =_xlfn.IFERROR('延炼取值 '!H51,"") -> 0 | I51: =_xlfn.IFERROR(H51/'延炼取值 '!G51*100,"") -> 0 | J51: 0 | K51: 0 | L51: =_xlfn.IFERROR(H51-K51,"") -> 0
B52: 7、2#渣油销量 | C52: 吨 | D52: 2400 | E52: =_xlfn.IFERROR('延炼取值 '!E52,"") -> 1678 | F52: =_xlfn.IFERROR(E52/'延炼取值 '!D52*100,"") -> 69.916667 | G52: 22092 | H52: =_xlfn.IFERROR('延炼取值 '!H52,"") -> 21283.62 | I52: =_xlfn.IFERROR(H52/'延炼取值 '!G52*100,"") -> 96.340847 | J52: 2583.04 | K52: 20716.9 | L52: =_xlfn.IFERROR(H52-K52,"") -> 566.72
B53: 8、聚丙烯产量 | C53: 吨 | D53: 8700 | E53: =_xlfn.IFERROR('延炼取值 '!E53,"") -> 9078 | F53: =_xlfn.IFERROR(E53/'延炼取值 '!D53*100,"") -> 104.34483 | G53: 100000 | H53: =_xlfn.IFERROR('延炼取值 '!H53,"") -> 94304 | I53: =_xlfn.IFERROR(H53/'延炼取值 '!G53*100,"") -> 94.304 | J53: 8765 | K53: 93538 | L53: =_xlfn.IFERROR(H53-K53,"") -> 766
B54: 9、苯乙烯产量 | C54: 吨 | D54: =_xlfn.IFERROR(IF('延炼取值 '!D54=0,"",'延炼取值 '!D54),"") | E54: =_xlfn.IFERROR('延炼取值 '!E54,"") -> 4995 | F54: =_xlfn.IFERROR(E54/'延炼取值 '!D54*100,"") | G54: 50000 | H54: =_xlfn.IFERROR('延炼取值 '!H54,"") -> 54371 | I54: =_xlfn.IFERROR(H54/'延炼取值 '!G54*100,"") -> 108.742 | J54: 4669 | K54: 49862 | L54: =_xlfn.IFERROR(H54-K54,"") -> 4509
B55: 10、苯销量 | C55: 吨 | D55: =_xlfn.IFERROR(IF('延炼取值 '!D55=0,"",'延炼取值 '!D55),"") | E55: =_xlfn.IFERROR('延炼取值 '!E55,"") -> 1446.64 | F55: =_xlfn.IFERROR(E55/'延炼取值 '!D55*100,"") | G55: =_xlfn.IFERROR(IF('延炼取值 '!G55=0,"",'延炼取值 '!G55),"") | H55: =_xlfn.IFERROR('延炼取值 '!H55,"") -> 7435.6 | I55: =_xlfn.IFERROR(H55/'延炼取值 '!G55*100,"") | J55: 0 | K55: 2472.16 | L55: =_xlfn.IFERROR(H55-K55,"") -> 4963.44
B56: 11、二甲苯销量 | C56: 吨 | D56: =_xlfn.IFERROR(IF('延炼取值 '!D56=0,"",'延炼取值 '!D56),"") | F56: =_xlfn.IFERROR(E56/'延炼取值 '!D56*100,"") | G56: =_xlfn.IFERROR(IF('延炼取值 '!G56=0,"",'延炼取值 '!G56),"") | I56: =_xlfn.IFERROR(H56/'延炼取值 '!G56*100,"") | L56: =_xlfn.IFERROR(H56-K56,"") -> 0
B57: 12、醋酸仲丁酯产量 | C57: 吨 | D57: 5299.5702 | E57: =_xlfn.IFERROR('延炼取值 '!E57,"") -> 5307 | F57: =_xlfn.IFERROR(E57/'延炼取值 '!D57*100,"") -> 100.1402 | G57: 56000 | H57: =_xlfn.IFERROR('延炼取值 '!H57,"") -> 47549 | I57: =_xlfn.IFERROR(H57/'延炼取值 '!G57*100,"") -> 84.908929 | J57: 5445 | K57: 56046 | L57: =_xlfn.IFERROR(H57-K57,"") -> -8497
B58: 13、精制硫磺销量 | C58: 吨 | D58: =_xlfn.IFERROR(IF('延炼取值 '!D58=0,"",'延炼取值 '!D58),"") | F58: =_xlfn.IFERROR(E58/'延炼取值 '!D58*100,"") | G58: =_xlfn.IFERROR(IF('延炼取值 '!G58=0,"",'延炼取值 '!G58),"") | I58: =_xlfn.IFERROR(H58/'延炼取值 '!G58*100,"") | L58: =_xlfn.IFERROR(H58-K58,"") -> 0
B59: 14、粗硫磺销量 | C59: 吨 | D59: =_xlfn.IFERROR(IF('延炼取值 '!D59=0,"",'延炼取值 '!D59),"") | E59: =_xlfn.IFERROR('延炼取值 '!E59,"") -> 365 | F59: =_xlfn.IFERROR(E59/'延炼取值 '!D59*100,"") | G59: 2500 | H59: =_xlfn.IFERROR('延炼取值 '!H59,"") -> 4084 | I59: =_xlfn.IFERROR(H59/'延炼取值 '!G59*100,"") -> 163.36 | J59: 265 | K59: 3319 | L59: =_xlfn.IFERROR(H59-K59,"") -> 765
B60: 15、丙烯销量 | C60: 吨 | D60: =_xlfn.IFERROR(IF('延炼取值 '!D60=0,"",'延炼取值 '!D60),"") | E60: =_xlfn.IFERROR('延炼取值 '!E60,"") -> 4425.8 | F60: =_xlfn.IFERROR(E60/'延炼取值 '!D60*100,"") | G60: =_xlfn.IFERROR(IF('延炼取值 '!G60=0,"",'延炼取值 '!G60),"") | H60: =_xlfn.IFERROR('延炼取值 '!H60,"") -> 30850.34 | I60: =_xlfn.IFERROR(H60/'延炼取值 '!G60*100,"") | J60: 3562.42 | K60: 45666.9 | L60: =_xlfn.IFERROR(H60-K60,"") -> -14816.56
B61: 16、硫酸铵销量 | C61: 吨 | D61: =_xlfn.IFERROR(IF('延炼取值 '!D61=0,"",'延炼取值 '!D61),"") | E61: =_xlfn.IFERROR('延炼取值 '!E61,"") -> 0 | F61: =_xlfn.IFERROR(E61/'延炼取值 '!D61*100,"") | G61: =_xlfn.IFERROR(IF('延炼取值 '!G61=0,"",'延炼取值 '!G61),"") | H61: =_xlfn.IFERROR('延炼取值 '!H61,"") -> 177.14 | I61: =_xlfn.IFERROR(H61/'延炼取值 '!G61*100,"") | J61: 0 | K61: 320.64 | L61: =_xlfn.IFERROR(H61-K61,"") -> -143.5
B62: 17、异辛烷组分产量 | C62: 吨 | D62: =_xlfn.IFERROR(IF('延炼取值 '!D62=0,"",'延炼取值 '!D62),"") | F62: =_xlfn.IFERROR(E62/'延炼取值 '!D62*100,"") | G62: =_xlfn.IFERROR(IF('延炼取值 '!G62=0,"",'延炼取值 '!G62),"") | I62: =_xlfn.IFERROR(H62/'延炼取值 '!G62*100,"") | L62: =_xlfn.IFERROR(H62-K62,"") -> 0
B63: 18、异辛烷组分销量 | C63: 吨 | D63: =_xlfn.IFERROR(IF('延炼取值 '!D63=0,"",'延炼取值 '!D63),"") | F63: =_xlfn.IFERROR(E63/'延炼取值 '!D63*100,"") | G63: =_xlfn.IFERROR(IF('延炼取值 '!G63=0,"",'延炼取值 '!G63),"") | I63: =_xlfn.IFERROR(H63/'延炼取值 '!G63*100,"") | L63: =_xlfn.IFERROR(H63-K63,"") -> 0
B64: 19、MTBE产量 | C64: 吨 | D64: 3300 | E64: =_xlfn.IFERROR('延炼取值 '!E64,"") -> 3313 | F64: =_xlfn.IFERROR(E64/'延炼取值 '!D64*100,"") -> 100.39394 | G64: 37000 | H64: =_xlfn.IFERROR('延炼取值 '!H64,"") -> 36964 | I64: =_xlfn.IFERROR(H64/'延炼取值 '!G64*100,"") -> 99.902703 | J64: 3727 | K64: 37450 | L64: =_xlfn.IFERROR(H64-K64,"") -> -486
B65: 20、MTBE销量 | C65: 吨 | D65: =_xlfn.IFERROR(IF('延炼取值 '!D65=0,"",'延炼取值 '!D65),"") | F65: =_xlfn.IFERROR(E65/'延炼取值 '!D65*100,"") | G65: =_xlfn.IFERROR(IF('延炼取值 '!G65=0,"",'延炼取值 '!G65),"") | I65: =_xlfn.IFERROR(H65/'延炼取值 '!G65*100,"") | L65: =_xlfn.IFERROR(H65-K65,"") -> 0
B66: 21、液氨销量 | C66: 吨 | D66: =_xlfn.IFERROR(IF('延炼取值 '!D66=0,"",'延炼取值 '!D66),"") | F66: =_xlfn.IFERROR(E66/'延炼取值 '!D66*100,"") | G66: =_xlfn.IFERROR(IF('延炼取值 '!G66=0,"",'延炼取值 '!G66),"") | I66: =_xlfn.IFERROR(H66/'延炼取值 '!G66*100,"") | L66: =_xlfn.IFERROR(H66-K66,"") -> 0
B67: 22、3#喷气燃料产量 | C67: 吨 | D67: =_xlfn.IFERROR(IF('延炼取值 '!D67=0,"",'延炼取值 '!D67),"") | F67: =_xlfn.IFERROR(E67/'延炼取值 '!D67*100,"") | G67: =_xlfn.IFERROR(IF('延炼取值 '!G67=0,"",'延炼取值 '!G67),"") | H67: 0 | I67: =_xlfn.IFERROR(H67/'延炼取值 '!G67*100,"") | L67: =_xlfn.IFERROR(H67-K67,"") -> 0
B68: 三、综合指标
B69: 1、成品油产量(汽油+柴油+航煤) | C69: 吨 | D69: 453000 | E69: =_xlfn.IFERROR('延炼取值 '!E69,"") -> 444659 | F69: =_xlfn.IFERROR(E69/'延炼取值 '!D69*100,"") -> 98.15872 | G69: 5384176 | H69: =_xlfn.IFERROR('延炼取值 '!H69,"") -> 5365667 | I69: =_xlfn.IFERROR(H69/'延炼取值 '!G69*100,"") -> 99.656233 | J69: 416164 | K69: 5252084 | L69: =_xlfn.IFERROR(H69-K69,"") -> 113583
B70: 2、综合商品量 | C70: 吨 | D70: 465000 | E70: =_xlfn.IFERROR('延炼取值 '!E70,"") -> 495148.38 | F70: =_xlfn.IFERROR(E70/'延炼取值 '!D70*100,"") -> 106.48352 | G70: 465000 | H70: =_xlfn.IFERROR('延炼取值 '!H70,"") -> 5912403.3 | I70: =_xlfn.IFERROR(H70/'延炼取值 '!G70*100,"") -> 1271.4846 | J70: 465120.78 | K70: 5805675.4 | L70: =_xlfn.IFERROR(H70-K70,"") -> 106727.93
B71: 3、综合商品率 | C71: % | D71: 96 | E71: =_xlfn.IFERROR('延炼取值 '!E71,"") -> 96.713601 | F71: =_xlfn.IFERROR(E71-'延炼取值 '!D71,"") -> 0.71360074 | G71: 93.75 | H71: =_xlfn.IFERROR('延炼取值 '!H71,"") -> 96.735991 | I71: =_xlfn.IFERROR(H71-'延炼取值 '!G71,"") -> 2.9859912 | J71: 96.597527 | K71: =_xlfn.IFERROR('延炼取值 '!K71,"") | L71: =_xlfn.IFERROR(H71-K71,"")
B72: 4、综合自用率 | C72: % | D72: 3 | E72: =_xlfn.IFERROR('延炼取值 '!E72,"") -> 2.5205124 | F72: =_xlfn.IFERROR(E72-'延炼取值 '!D72,"") -> -0.47948761 | G72: 5.05 | H72: =_xlfn.IFERROR('延炼取值 '!H72,"") -> 2.5062749 | I72: =_xlfn.IFERROR(H72-'延炼取值 '!G72,"") -> -2.5437251 | J72: 2.5791336 | K72: 2.5384208 | L72: =_xlfn.IFERROR(H72-K72,"") -> -0.032145852
B73: 5、综合加工损失率 | C73: % | D73: 1 | E73: =_xlfn.IFERROR('延炼取值 '!E73,"") -> 0.76595358 | F73: =_xlfn.IFERROR(E73-'延炼取值 '!D73,"") -> -0.23404642 | G73: 1.2 | H73: =_xlfn.IFERROR('延炼取值 '!H73,"") -> 0.75773225 | I73: =_xlfn.IFERROR(H73-'延炼取值 '!G73,"") -> -0.44226775 | J73: 0.82332506 | K73: 0.84590786 | L73: =_xlfn.IFERROR(H73-K73,"") -> -0.088175614
B74: 6、炼油综合能耗 | C74: kg标油/t | D74: 48 | E74: =_xlfn.IFERROR('延炼取值 '!E74,"") -> 46.800005 | F74: =_xlfn.IFERROR(E74-'延炼取值 '!D74,"") -> -1.1999947 | G74: 67.3 | H74: =_xlfn.IFERROR('延炼取值 '!H74,"") -> 46.002263 | I74: =_xlfn.IFERROR(H74-'延炼取值 '!G74,"") -> -21.297737 | J74: 49.719994 | K74: 46.122753 | L74: =_xlfn.IFERROR(H74-K74,"") -> -0.12048955
B75: 7、丙烯单耗 | C75: t/t | D75: 1.05 | E75: =_xlfn.IFERROR('延炼取值 '!E75,"") -> 1.038004 | F75: =_xlfn.IFERROR(E75-'延炼取值 '!D75,"") -> -0.011996034 | G75: 1.05 | H75: =_xlfn.IFERROR('延炼取值 '!H75,"") -> 1.042245 | I75: =_xlfn.IFERROR(H75-'延炼取值 '!G75,"") -> -0.007754974 | J75: 1.0466629 | K75: 1.0408473 | L75: =_xlfn.IFERROR(H75-K75,"") -> 0.0013977659
B76: 8、石油产品出厂合格率 | C76: % | D76: 100 | E76: =_xlfn.IFERROR('延炼取值 '!E76,"") -> 100 | F76: =_xlfn.IFERROR(E76-'延炼取值 '!D76,"") -> 0 | G76: 100 | H76: =_xlfn.IFERROR('延炼取值 '!H76,"") -> 100 | I76: =_xlfn.IFERROR(H76-'延炼取值 '!G76,"") -> 0 | J76: 100 | K76: 100 | L76: =_xlfn.IFERROR(H76-K76,"") -> 0
B77: 四、装置收率
B78: 1、常压装置轻质油收率 | C78: % | D78: 48.06 | E78: =_xlfn.IFERROR('延炼取值 '!E78,"") -> 48.717856 | F78: =_xlfn.IFERROR(E78-'延炼取值 '!D78,"") -> 0.65785586 | G78: 48.06 | H78: =_xlfn.IFERROR('延炼取值 '!H78,"") -> 48.568602 | I78: =_xlfn.IFERROR(H78-'延炼取值 '!G78,"") -> 0.50860161 | J78: 48.605008 | K78: 48.441881 | L78: =_xlfn.IFERROR(H78-K78,"") -> 0.12672067
B79: 2、催化装置汽柴液总收率 | C79: % | D79: 87.64 | E79: =_xlfn.IFERROR('延炼取值 '!E79,"") -> 88.228569 | F79: =_xlfn.IFERROR(E79-'延炼取值 '!D79,"") -> 0.5885689 | G79: 87.64 | H79: =_xlfn.IFERROR('延炼取值 '!H79,"") -> 88.058561 | I79: =_xlfn.IFERROR(H79-'延炼取值 '!G79,"") -> 0.41856149 | J79: 88.264078 | K79: 88.024739 | L79: =_xlfn.IFERROR(H79-K79,"") -> 0.033822329
B80: 其中：催化装置轻质油收率 | C80: % | D80: 70.64 | E80: =_xlfn.IFERROR('延炼取值 '!E80,"") -> 71.571245 | F80: =_xlfn.IFERROR(E80-'延炼取值 '!D80,"") -> 0.93124522 | G80: 69.34 | H80: =_xlfn.IFERROR('延炼取值 '!H80,"") -> 71.673248 | I80: =_xlfn.IFERROR(H80-'延炼取值 '!G80,"") -> 2.3332485 | J80: 70.756034 | K80: 70.258532 | L80: =_xlfn.IFERROR(H80-K80,"") -> 1.4147167
B81: 催化装置液化气收率 | C81: % | D81: 17 | E81: =_xlfn.IFERROR('延炼取值 '!E81,"") -> 16.657324 | F81: =_xlfn.IFERROR(E81-'延炼取值 '!D81,"") -> -0.34267632 | G81: 17.3 | H81: =_xlfn.IFERROR('延炼取值 '!H81,"") -> 16.385313 | I81: =_xlfn.IFERROR(H81-'延炼取值 '!G81,"") -> -0.91468701 | J81: 17.508044 | K81: 17.766207 | L81: =_xlfn.IFERROR(H81-K81,"") -> -1.3808943
B82: 3、重整装置总收率 | C82: % | D82: =_xlfn.IFERROR(IF('延炼取值 '!D82=0,"",'延炼取值 '!D82),"") | E82: =_xlfn.IFERROR('延炼取值 '!E82,"") -> 0 | F82: =_xlfn.IFERROR(E82-'延炼取值 '!D82,"") -> 0 | G82: =_xlfn.IFERROR(IF('延炼取值 '!G82=0,"",'延炼取值 '!G82),"") | H82: =_xlfn.IFERROR('延炼取值 '!H82,"") -> 0 | I82: =_xlfn.IFERROR(H82-'延炼取值 '!G82,"") -> 0 | J82: 0 | K82: 0 | L82: =_xlfn.IFERROR(H82-K82,"") -> 0
B83: 4、气体分馏装置丙烯收率 | C83: % | D83: 26 | E83: =_xlfn.IFERROR('延炼取值 '!E83,"") -> 27.06751 | F83: =_xlfn.IFERROR(E83-'延炼取值 '!D83,"") -> 1.0675098 | G83: 26 | H83: =_xlfn.IFERROR('延炼取值 '!H83,"") -> 27.786756 | I83: =_xlfn.IFERROR(H83-'延炼取值 '!G83,"") -> 1.786756 | J83: 28.603712 | K83: 26.738631 | L83: =_xlfn.IFERROR(H83-K83,"") -> 1.048125
B84: 5、MTBE装置MTBE收率 | C84: % | D84: =_xlfn.IFERROR(IF('延炼取值 '!D84=0,"",'延炼取值 '!D84),"") | E84: =_xlfn.IFERROR('延炼取值 '!E84,"") -> 19.406045 | F84: =_xlfn.IFERROR(E84-'延炼取值 '!D84,"") -> 19.406045 | G84: 19 | H84: =_xlfn.IFERROR('延炼取值 '!H84,"") -> 19.27839 | I84: =_xlfn.IFERROR(H84-'延炼取值 '!G84,"") -> 0.2783903 | J84: 19.982843 | K84: 19.719763 | L84: =_xlfn.IFERROR(H84-K84,"") -> -0.44137316
B85: 6、醋酸仲丁酯收率 | C85: % | D85: 40 | E85: =_xlfn.IFERROR('延炼取值 '!E85,"") -> 39.690375 | F85: =_xlfn.IFERROR(E85-'延炼取值 '!D85,"") -> -0.30962531 | G85: 40 | H85: =_xlfn.IFERROR('延炼取值 '!H85,"") -> 37.046646 | I85: =_xlfn.IFERROR(H85-'延炼取值 '!G85,"") -> -2.9533537 | J85: 41.894283 | K85: 44.634339 | L85: =_xlfn.IFERROR(H85-K85,"") -> -7.5876924
B86: 7、聚丙烯装置收率 | C86: % | D86: =_xlfn.IFERROR(IF('延炼取值 '!D86=0,"",'延炼取值 '!D86),"") | E86: =_xlfn.IFERROR('延炼取值 '!E86,"") -> 96.338746 | G86: =_xlfn.IFERROR(IF('延炼取值 '!G86=0,"",'延炼取值 '!G86),"") | H86: =_xlfn.IFERROR('延炼取值 '!H86,"") -> 95.946728 | J86: 95.541748 | K86: 96.075576 | L86: =_xlfn.IFERROR(H86-K86,"") -> -0.12884798
B87: 8、汽油加氢精制总收率 | C87: % | D87: =_xlfn.IFERROR(IF('延炼取值 '!D87=0,"",'延炼取值 '!D87),"") | E87: =_xlfn.IFERROR('延炼取值 '!E87,"") -> 0 | F87: =_xlfn.IFERROR(E87-'延炼取值 '!D87,"") -> 0 | G87: =_xlfn.IFERROR(IF('延炼取值 '!G87=0,"",'延炼取值 '!G87),"") | H87: =_xlfn.IFERROR('延炼取值 '!H87,"") -> 0 | I87: =_xlfn.IFERROR(H87-'延炼取值 '!G87,"") -> 0 | J87: 0 | K87: 0 | L87: =_xlfn.IFERROR(H87-K87,"") -> 0
B88: 9、柴油加氢精制总收率 | C88: % | D88: =_xlfn.IFERROR(IF('延炼取值 '!D88=0,"",'延炼取值 '!D88),"") | E88: =_xlfn.IFERROR('延炼取值 '!E88,"") -> 0 | F88: =_xlfn.IFERROR(E88-'延炼取值 '!D88,"") -> 0 | G88: =_xlfn.IFERROR(IF('延炼取值 '!G88=0,"",'延炼取值 '!G88),"") | H88: =_xlfn.IFERROR('延炼取值 '!H88,"") -> 0 | I88: =_xlfn.IFERROR(H88-'延炼取值 '!G88,"") -> 0 | J88: 0 | K88: 0 | L88: =_xlfn.IFERROR(H88-K88,"") -> 0
B89: 10、苯乙烯收率 | C89: % | D89: 94.4 | E89: =_xlfn.IFERROR('延炼取值 '!E89,"") -> 94.727859 | F89: =_xlfn.IFERROR(E89-'延炼取值 '!D89,"") -> 0.3278589 | G89: =_xlfn.IFERROR(IF('延炼取值 '!G89=0,"",'延炼取值 '!G89),"") | H89: =_xlfn.IFERROR('延炼取值 '!H89,"") -> 94.803927 | I89: =_xlfn.IFERROR(H89-'延炼取值 '!G89,"") -> 94.803927 | J89: =_xlfn.IFERROR('延炼取值 '!J89,"") | K89: =_xlfn.IFERROR('延炼取值 '!K89,"") | L89: =_xlfn.IFERROR(H89-K89,"")
B90: 备注
B94: 主管领导： | C94: 郝新宇 | D94: 部门负责人： | F94: 郝新宇 | G94: 审核人： | H94: 陈雄伟 | J94: 编制： | K94: 肖璇
C96: 郝新宇 | F96: 郝新宇 | H96: 陈雄伟 | K96: 肖璇

Sheet 延炼取值 
B1: 炼化公司生产月报表（延炼）
B2: 填报单位：炼化公司 | J2: 陕油统 炼化B-401
B3: 指标名称 | C3: 单位 | D3: 本月生产 | G3: 本年生产 | J3: 去年同期 | L3: 同比 增长
D4: 月计划 | E4: 月完成 | F4: 完成率% | G4: 年计划 | H4: 年完成 | I4: 完成率% | J4: 本月 | K4: 本年
B5: 一、装置加工量
B6: 1、原料油（气）加工量 | C6: 吨
B7: 其中：原油 | C7: 吨 | D7: 525000 | E7: =E98 -> 488629 | F7: =E7/#REF!*100 | G7: 6300000 | H7: =H98 -> 5829379 | I7: =H7/#REF!*100 | J7: =J16 -> 466526 | K7: =K16 -> 5775191 | L7: =H7-K7 -> 54188
B8: 甲醇 | C8: 吨 | D8: 1300 | E8: =E100 -> 1492.96 | F8: =E8/#REF!*100 | G8: 15256 | H8: =H100 -> 13575.24 | I8: =H8/#REF!*100 | J8: =J100 -> 1418.46 | K8: =K100 -> 14243.22 | L8: =H8-K8 -> -667.98
B9: MTBE | C9: 吨 | D9: 3000 | E9: =E102 -> 0 | H9: =H102 -> 9400.16 | J9: =J102 -> 0 | K9: =K102 -> 0 | L9: =H9-K9 -> 9400.16
B10: 1#渣油 | C10: 吨
B11: 裂解石脑油 | C11: 吨
B12: 上古液化气 | C12: 吨 | E12: =E104 -> 0 | H12: =H104 -> 0 | J12: =J104 -> 0 | K12: =K104 -> 0
B13: 醋酸 | C13: 吨 | D13: 2200 | E13: =E106 -> 2787 | F13: =E13/#REF!*100 | G13: 30625 | H13: =H106 -> 25213 | I13: =H13/#REF!*100 | J13: =J106 -> 2897 | K13: =K106 -> 29727 | L13: =H13-K13 -> -4514
B14: 异辛烷组分 | C14: 吨 | L14: =H14-K14 -> 0
B15: 异丁烷 | C15: 吨
B16: 2、常压装置加工量 | C16: 吨 | E16: =E96 -> 488629 | H16: =H96 -> 5829379 | J16: =J96 -> 466526 | K16: =K96 -> 5775191
B17: 原油加工量 | C17: 吨 | D17: 525000 | E17: =E7 -> 488629 | F17: =E17/#REF!*100 | G17: 6300000 | H17: =H7 -> 5829379 | I17: =H17/#REF!*100 | J17: =J16 -> 466526 | K17: =K16 -> 5775191 | L17: =H17-K17 -> 54188
B18: 其中：进口原油加工量 | C18: 吨 | H18: =H223 -> 0 | J18: =J223 -> 0 | K18: =K223 -> 0
B19: 3、催化装置加工量 | C19: 吨 | E19: =_xlfn.IFERROR(E108,"") -> 252896 | H19: =_xlfn.IFERROR(H108,"") -> 2967443 | J19: =_xlfn.IFERROR(J108,"") -> 261377 | K19: =_xlfn.IFERROR(K108,"") -> 2949656 | L19: =H19-K19 -> 17787
B20: 其中：1#渣油加工量 | C20: 吨 | D20: 260000 | E20: =_xlfn.IFERROR(E110,"") -> 251400 | F20: =E20/#REF!*100 | G20: 3080000 | H20: =_xlfn.IFERROR(H110,"") -> 2974069 | I20: =H20/#REF!*100 | J20: =_xlfn.IFERROR(J110,"") -> 260435 | K20: =_xlfn.IFERROR(K110,"") -> 2936284 | L20: =H20-K20 -> 37785
B21: 4、重整装置处理量 | C21: 吨
B22: 5、DCC石脑油加氢处理量 | C22: 吨
B23: 6、DCC裂解轻油加氢处理量 | C23: 吨
B24: 7、汽油加氢精制处理量 | C24: 吨
B25: 8、柴油加氢精制处理量 | C25: 吨
B26: 9、气分装置加工量 | C26: 吨 | D26: 26800 | E26: =E113 -> 28307 | F26: =E26/#REF!*100 | G26: 300000 | H26: =H113 -> 303202 | I26: =H26/#REF!*100 | J26: =J113 -> 29206 | K26: =K113 -> 311265 | L26: =H26-K26 -> -8063
B27: 10、航煤装置处理量 | C27: 吨 | E27: =E115 -> 29036 | G27: 157422 | H27: =H115 -> 193268 | J27: =J115 -> 8195 | K27: =K115 -> 238896
B28: 11、烷基化装置处理量 | C28: 吨
B29: 12、混合脱氢装置处理量 | C29: 吨
B30: 二、油气产品产销量
B31: 1、汽油产量 | C31: 吨 | D31: 253000 | E31: =E32+E33+E34 -> 239897 | F31: =E31/#REF!*100 | G31: 2656714 | H31: =H32+H33+H34 -> 2874458 | I31: =H31/#REF!*100 | J31: =J32+J33+J34 -> 252437 | K31: =K32+K33+K34 -> 2814746 | L31: =H31-K31 -> 59712
B32: ⑴ 92#VI | C32: 吨 | E32: =E118 -> 135789 | F32: =E32/#REF!*100 | G32: 1770198 | H32: =H118 -> 1660222 | I32: =H32/#REF!*100 | J32: =J118 -> 152029 | K32: =K118 -> 1766975 | L32: =H32-K32 -> -106753
B33: ⑵ 95#VI | C33: 吨 | E33: =E119 -> 104108 | F33: =E33/#REF!*100 | G33: 864200 | H33: =H119 -> 1191274 | I33: =H33/#REF!*100 | J33: =J119 -> 98185 | K33: =K119 -> 1026709 | L33: =H33-K33 -> 164565
B34: ⑶ 98#Ⅵ | C34: 吨 | E34: =E117 -> 0 | H34: =H117 -> 22962 | J34: =J117 -> 2223 | K34: =K117 -> 21062 | L34: =H34-K34 -> 1900
B35: 2、柴油产量 | C35: 吨 | D35: 200000 | E35: =E36+E37+E38+E39+E40 -> 194670 | F35: =E35/#REF!*100 | G35: 2577462 | H35: =H36+H37+H38+H39+H40 -> 2388739 | I35: =H35/#REF!*100 | J35: =J36+J37+J38+J39+J40 -> 158779 | K35: =K36+K37+K38+K39+K40 -> 2366904 | L35: =H35-K35 -> 21835
B36: ⑴ 军用柴油 | C36: 吨 | L36: =H36-K36 -> 0
B37: ⑵ 0#VI | C37: 吨 | E37: =E121 -> 194670 | H37: =H121 -> 2388739 | J37: =SUM(J121:J122) -> 158779 | K37: =SUM(K121:K122) -> 2366904 | L37: =H37-K37 -> 21835
B38: ⑶ -10#VI | C38: 吨 | E38: =E123 -> 0 | H38: =H123 -> 0 | J38: =J123 -> 0 | K38: =K123 -> 0 | L38: =H38-K38 -> 0
B39: ⑷ -20#VI | C39: 吨
B40: ⑸ -35#VI | C40: 吨
B41: 3、3#喷气燃料销量（航煤） | C41: 吨 | E41: =E125 -> 10092 | G41: 150000 | H41: =H125 -> 102470 | I41: =H41/#REF!*100 | J41: =J125 -> 4948 | K41: =K125 -> 70434
B42: 4.石脑油销售量 | C42: 吨 | D42: =_xlfn.IFERROR(D43+D44+D45,"") -> 1800 | E42: =E45 -> 2774.68 | F42: =E42/#REF!*100 | G42: 30800 | H42: =H45 -> 24882.5 | I42: =H42/#REF!*100 | J42: =J45 -> 2189.14 | K42: =K45 -> 25635.58 | L42: =H42-K42 -> -753.08
B43: ⑴ 石脑油Ⅰ | C43: 吨
B44: ⑵ 石脑油Ⅱ | C44: 吨
B45: ⑶ 石脑油Ⅲ | C45: 吨 | D45: 1800 | E45: =E127 -> 2774.68 | F45: =E45/#REF!*100 | G45: 30800 | H45: =H127 -> 24882.5 | I45: =H45/#REF!*100 | J45: =J127 -> 2189.14 | K45: =K127 -> 25635.58 | L45: =H45-K45 -> -753.08
B46: 5、液化气销量 | C46: 吨 | D46: =_xlfn.IFERROR(D47+D48+D49+D50,"") -> 0 | E46: =E47+E48+E49+E50 -> 20470.62 | F46: =E46/#REF!*100 | H46: =H47+H48+H49+H50 -> 261850.7 | I46: =H46/#REF!*100 | J46: =J47+J48+J49+J50 -> 21479.18 | K46: =K47+K48+K49+K50 -> 256014.84 | L46: =H46-K46 -> 5835.86
B47: ⑴ 催化液化气 | C47: 吨 | G47: 53323 | J47: 0 | K47: 0 | L47: =H47-K48 -> -96150.36
B48: ⑵ 醚后碳四 | C48: 吨 | E48: =E129 -> 5234.98 | H48: =H129 -> 89114.86 | J48: =J129 -> 8826.36 | K48: =K129 -> 96150.36 | L48: =H48-K49 -> -70749.62
B49: ⑶ 民用液化气 | C49: 吨 | E49: =E131 -> 15235.64 | G49: 152660 | H49: =H131 -> 172735.84 | J49: =J131 -> 12652.82 | K49: =K131 -> 159864.48 | L49: =H49-#REF!
B50: ⑷ 正丁烷 | C50: 吨 | E50: =E133 -> 0 | H50: =H133 -> 0 | J50: =J133 -> 0 | K50: =K133 -> 0 | L50: =H50-K50 -> 0
B51: 6、1#渣油销量（供榆能化） | C51: 吨 | D51: 0 | E51: =E135 -> 0 | F51: =E51/#REF!*100 | G51: 100000 | H51: =H135 -> 0 | I51: =H51/#REF!*100 | J51: =J135 -> 0 | K51: =K135 -> 0 | L51: =H51-K51 -> 0
B52: 7、2#渣油销量 | C52: 吨 | D52: 2400 | E52: =E137 -> 1678 | F52: =E52/#REF!*100 | G52: 22092 | H52: =H137 -> 21283.62 | I52: =H52/#REF!*100 | J52: =J137 -> 2583.04 | K52: =K137 -> 20716.9 | L52: =H52-K52 -> 566.72
B53: 8、聚丙烯产量 | C53: 吨 | D53: 8700 | E53: =E139 -> 9078 | F53: =E53/#REF!*100 | G53: 100000 | H53: =H139 -> 94304 | I53: =H53/#REF!*100 | J53: =J139 -> 8765 | K53: =K139 -> 93538 | L53: =H53-K53 -> 766
B54: 9、苯乙烯产量 | C54: 吨 | E54: =E141 -> 4995 | F54: =E54/#REF!*100 | G54: 50000 | H54: =H141 -> 54371 | I54: =H54/#REF!*100 | J54: =J141 -> 4669 | K54: =K141 -> 49862 | L54: =H54-K54 -> 4509
B55: 10、苯销量 | C55: 吨 | E55: =E143 -> 1446.64 | H55: =H143 -> 7435.6 | J55: =J143 -> 0 | K55: =K143 -> 2472.16 | L55: =H55-K55 -> 4963.44
B56: 11、二甲苯销量 | C56: 吨 | L56: =H56-K56 -> 0
B57: 12、醋酸仲丁酯产量 | C57: 吨 | D57: 5299.5702 | E57: =E145 -> 5307 | F57: =E57/#REF!*100 | G57: 56000 | H57: =H145 -> 47549 | I57: =H57/#REF!*100 | J57: =J145 -> 5445 | K57: =K145 -> 56046 | L57: =H57-K57 -> -8497
B58: 13、精制硫磺销量 | C58: 吨 | L58: =H58-K58 -> 0
B59: 14、粗硫磺销量 | C59: 吨 | E59: =E147 -> 365 | G59: 2500 | H59: =H147 -> 4084 | J59: =J147 -> 265 | K59: =K147 -> 3319 | L59: =H59-K59 -> 765
B60: 15、丙烯销量 | C60: 吨 | E60: =E149 -> 4425.8 | H60: =H149 -> 30850.34 | J60: =J149 -> 3562.42 | K60: =K149 -> 45666.9 | L60: =H60-K60 -> -14816.56
B61: 16、硫酸铵销量 | C61: 吨 | E61: =E151 -> 0 | H61: =H151 -> 177.14 | J61: =J151 -> 0 | K61: =K151 -> 320.64 | L61: =H61-K61 -> -143.5
B62: 17、异辛烷组分产量 | C62: 吨
B63: 18、异辛烷组分销量 | C63: 吨
B64: 19、MTBE产量 | C64: 吨 | D64: 3300 | E64: =E153 -> 3313 | F64: =E64/#REF!*100 | G64: 37000 | H64: =H153 -> 36964 | I64: =H64/#REF!*100 | J64: =J153 -> 3727 | K64: =K153 -> 37450 | L64: =H64-K64 -> -486
B65: 20、MTBE销量 | C65: 吨
B66: 21、液氨销量 | C66: 吨
B67: 22、3#喷气燃料产量 | C67: 吨
B68: 三、综合指标
B69: 1、成品油产量(汽油+柴油+航煤) | C69: 吨 | D69: =_xlfn.IFERROR(D31+D35+D41,"") -> 453000 | E69: =E31+E35+E41 -> 444659 | F69: =E69/#REF!*100 | G69: =_xlfn.IFERROR(G31+G35+G41,"") -> 5384176 | H69: =H31+H35+H41 -> 5365667 | I69: =H69/#REF!*100 | J69: =J31+J35+J41 -> 416164 | K69: =K31+K35+K41 -> 5252084 | L69: =H69-K69 -> 113583
B70: 2、综合商品量 | C70: 吨 | D70: 465000 | E70: =_xlfn.IFERROR(E219,"") -> 495148.38 | F70: =E70/#REF!*100 | G70: 465000 | H70: =_xlfn.IFERROR(H219,"") -> 5912403.3 | I70: =H70/#REF!*100 | J70: =_xlfn.IFERROR(J219,"") -> 465120.78 | K70: =_xlfn.IFERROR(K219,"") -> 5805675.4 | L70: =H70-K70 -> 106727.93
B71: 3、综合商品率 | C71: % | D71: 96 | E71: =_xlfn.IFERROR(E155/E156*100,"") -> 96.713601 | F71: =E71-#REF! | G71: 93.75 | H71: =_xlfn.IFERROR(H155/H156*100,"") -> 96.735991 | I71: =H71-#REF! | J71: =_xlfn.IFERROR(J155/J156*100,"") -> 96.597527 | K71: =_xlfn.IFERROR(K155/K156*100,"") | L71: =H71-K71
B72: 4、综合自用率 | C72: % | D72: 3 | E72: =_xlfn.IFERROR(E158/E159*100,"") -> 2.5205124 | F72: =E72-#REF! | G72: 5.05 | H72: =_xlfn.IFERROR(H158/H159*100,"") -> 2.5062749 | I72: =H72-#REF! | J72: =_xlfn.IFERROR(J158/J159*100,"") -> 2.5791336 | K72: =_xlfn.IFERROR(K158/K159*100,"") -> 2.5384208 | L72: =H72-K72 -> -0.032145852
B73: 5、综合加工损失率 | C73: % | D73: 1 | E73: =_xlfn.IFERROR(E161/E162*100,"") -> 0.76595358 | F73: =E73-#REF! | G73: 1.2 | H73: =_xlfn.IFERROR(H161/H162*100,"") -> 0.75773225 | I73: =H73-#REF! | J73: =_xlfn.IFERROR(J161/J162*100,"") -> 0.82332506 | K73: =_xlfn.IFERROR(K161/K162*100,"") -> 0.84590786 | L73: =H73-K73 -> -0.088175614
B74: 6、炼油综合能耗 | C74: kg标油/t | D74: 48 | E74: =_xlfn.IFERROR(E164/E165*1000,"") -> 46.800005 | F74: =E74-#REF! | G74: 67.3 | H74: =_xlfn.IFERROR(H164/H165*1000,"") -> 46.002263 | I74: =H74-#REF! | J74: =_xlfn.IFERROR(J164/J165*1000,"") -> 49.719994 | K74: =_xlfn.IFERROR(K164/K165*1000,"") -> 46.122753 | L74: =H74-K74 -> -0.12048955
B75: 7、丙烯单耗 | C75: t/t | D75: 1.05 | E75: =_xlfn.IFERROR(E209/SUM(E211:E217),"") -> 1.038004 | F75: =E75-#REF! | G75: 1.05 | H75: =_xlfn.IFERROR(H209/SUM(H211:H217),"") -> 1.042245 | I75: =H75-#REF! | J75: =_xlfn.IFERROR(J209/SUM(J211:J217),"") -> 1.0466629 | K75: =_xlfn.IFERROR(K209/SUM(K211:K217),"") -> 1.0408473 | L75: =H75-K75 -> 0.0013977659
B76: 8、石油产品出厂合格率 | C76: % | D76: 100 | E76: =_xlfn.IFERROR(E221/E222*100,"") -> 100 | G76: 100 | H76: =_xlfn.IFERROR(H221/H222*100,"") -> 100 | J76: =_xlfn.IFERROR(J221/J222*100,"") -> 100 | K76: =_xlfn.IFERROR(K221/K222*100,"") -> 100 | L76: =H76-K76 -> 0
B77: 四、装置收率
B78: 1、常压装置轻质油收率 | C78: % | D78: 48.06 | E78: =_xlfn.IFERROR(E167/E168*100,"") -> 48.717856 | F78: =E78-#REF! | G78: 48.06 | H78: =_xlfn.IFERROR(H167/H168*100,"") -> 48.568602 | I78: =H78-#REF! | J78: =_xlfn.IFERROR(J167/J168*100,"") -> 48.605008 | K78: =_xlfn.IFERROR(K167/K168*100,"") -> 48.441881 | L78: =H78-K78 -> 0.12672067
B79: 2、催化装置汽柴液总收率 | C79: % | D79: =_xlfn.IFERROR(D80+D81,"") -> 87.64 | E79: =_xlfn.IFERROR(E170/E171*100,"") -> 88.228569 | F79: =E79-#REF! | G79: 87.64 | H79: =_xlfn.IFERROR(H170/H171*100,"") -> 88.058561 | I79: =H79-#REF! | J79: =_xlfn.IFERROR(J170/J171*100,"") -> 88.264078 | K79: =_xlfn.IFERROR(K170/K171*100,"") -> 88.024739 | L79: =H79-K79 -> 0.033822329
B80: 其中：催化装置轻质油收率 | C80: % | D80: 70.64 | E80: =_xlfn.IFERROR(SUM(E181,E183,E186),"") -> 71.571245 | F80: =E80-#REF! | G80: 69.34 | H80: =_xlfn.IFERROR(SUM(H181,H183,H186),"") -> 71.673248 | I80: =H80-#REF! | J80: =_xlfn.IFERROR(SUM(J181,J183,J186),"") -> 70.756034 | K80: =_xlfn.IFERROR(SUM(K181,K183,K186),"") -> 70.258532 | L80: =H80-K80 -> 1.4147167
B81: 催化装置液化气收率 | C81: % | D81: 17 | E81: =_xlfn.IFERROR(E190/E191*100,"") -> 16.657324 | F81: =E81-#REF! | G81: 17.3 | H81: =_xlfn.IFERROR(H190/H191*100,"") -> 16.385313 | I81: =H81-#REF! | J81: =_xlfn.IFERROR(J190/J191*100,"") -> 17.508044 | K81: =_xlfn.IFERROR(K190/K191*100,"") -> 17.766207 | L81: =H81-K81 -> -1.3808943
B82: 3、重整装置总收率 | C82: %
B83: 4、气体分馏装置丙烯收率 | C83: % | D83: 26 | E83: =_xlfn.IFERROR(E193/E194*100,"") -> 27.06751 | F83: =E83-#REF! | G83: 26 | H83: =_xlfn.IFERROR(H193/H194*100,"") -> 27.786756 | I83: =H83-#REF! | J83: =_xlfn.IFERROR(J193/J194*100,"") -> 28.603712 | K83: =_xlfn.IFERROR(K193/K194*100,"") -> 26.738631 | L83: =H83-K83 -> 1.048125
B84: 5、MTBE装置MTBE收率 | C84: % | E84: =_xlfn.IFERROR(E196/E197*100,"") -> 19.406045 | F84: =E84-#REF! | G84: 19 | H84: =_xlfn.IFERROR(H196/H197*100,"") -> 19.27839 | I84: =H84-#REF! | J84: =_xlfn.IFERROR(J196/J197*100,"") -> 19.982843 | K84: =_xlfn.IFERROR(K196/K197*100,"") -> 19.719763 | L84: =H84-K84 -> -0.44137316
B85: 6、醋酸仲丁酯收率 | C85: % | D85: 40 | E85: =_xlfn.IFERROR(E199/E200*100,"") -> 39.690375 | F85: =E85-#REF! | G85: 40 | H85: =_xlfn.IFERROR(H199/H200*100,"") -> 37.046646 | I85: =H85-#REF! | J85: =_xlfn.IFERROR(J199/J200*100,"") -> 41.894283 | K85: =_xlfn.IFERROR(K199/K200*100,"") -> 44.634339 | L85: =H85-K85 -> -7.5876924
B86: 7、聚丙烯装置收率 | C86: % | E86: =_xlfn.IFERROR(E202/E203*100,"") -> 96.338746 | H86: =_xlfn.IFERROR(H202/H203*100,"") -> 95.946728 | J86: =_xlfn.IFERROR(J202/J203*100,"") -> 95.541748 | K86: =_xlfn.IFERROR(K202/K203*100,"") -> 96.075576 | L86: =H86-K86 -> -0.12884798
B87: 8、汽油加氢精制总收率 | C87: %
B88: 9、柴油加氢精制总收率 | C88: %
B89: 10、苯乙烯收率 | C89: % | D89: 94.4 | E89: =_xlfn.IFERROR(E228/E229*100,"") -> 94.727859 | F89: =E89-#REF! | H89: =_xlfn.IFERROR(H228/H229*100,"") -> 94.803927 | J89: =_xlfn.IFERROR(J228/J229*100,"") | K89: =_xlfn.IFERROR(K228/K229*100,"") | L89: =H89-K89
B90: 备注： 1、本月延炼催化装置轻质油收率69.78%，其中催化汽柴油收率69.35%，回炼油收率0.43；延炼催化装置轻质油累计收率69.78%，
B91: 其中催化汽柴油收率69.35%，回炼油收率0.43%。
B92: 2、延炼当月剔除掺炼丙烯0吨，丙烯收率为29.36%；全年剔除掺炼丙烯0吨，丙烯收率为29.36%。
B94: 主管领导：段子明 | C94: 部门负责人：王震 | G94: 审核人：陈雄伟 | K94: 编制：程清明
E96: 488629 | H96: 5829379 | J96: 466526 | K96: 5775191
E98: 488629 | H98: 5829379 | J98: 466526 | K98: 5775191
E100: 1492.96 | H100: 13575.24 | J100: 1418.46 | K100: 14243.22
E102: 0 | H102: 9400.16 | J102: 0 | K102: 0
E104: 0 | H104: 0 | J104: 0 | K104: 0
E106: 2787 | H106: 25213 | J106: 2897 | K106: 29727
E108: 252896 | H108: 2967443 | J108: 261377 | K108: 2949656
...

Sheet 永炼月报表
B1: 炼化公司生产月报表（永炼）
B2: 填报单位：炼化公司 | C2: 2025-11 | J2: 陕油统 炼化B-401
B3: 指标名称 | C3: 单位 | D3: 本月生产 | G3: 本年生产 | J3: 去年同期 | L3: 同比 增长
D4: 月计划 | E4: 月完成 | F4: 完成率% | G4: 年计划 | H4: 年完成 | I4: 完成率% | J4: 本月 | K4: 本年
B5: 一、装置加工量
B6: 1、原料油（气）加工量 | C6: 吨 | D6: =_xlfn.IFERROR(IF(永炼取值!D6=0,"",永炼取值!D6),"") | E6: =_xlfn.IFERROR(SUM(E7:E15),"") -> 252702 | G6: =_xlfn.IFERROR(IF(永炼取值!G6=0,"",永炼取值!G6),"") | H6: =_xlfn.IFERROR(SUM(H7:H15),"") -> 3509085 | J6: 330770 | K6: 2978885 | L6: =_xlfn.IFERROR(H6-K6,"") -> 530200
B7: 其中：原油 | C7: 吨 | D7: 240000 | E7: =_xlfn.IFERROR(永炼取值!E7,"") -> 252343 | F7: =_xlfn.IFERROR(E7/永炼取值!D7*100,"") -> 105.14292 | G7: 3700000 | H7: =_xlfn.IFERROR(永炼取值!H7,"") -> 3486701 | I7: =_xlfn.IFERROR(H7/永炼取值!G7*100,"") -> 94.235162 | J7: 330378 | K7: 2974894 | L7: =_xlfn.IFERROR(H7-K7,"") -> 511807
B8: 甲醇 | C8: 吨 | D8: =_xlfn.IFERROR(IF(永炼取值!D8=0,"",永炼取值!D8),"") | F8: =_xlfn.IFERROR(E8/永炼取值!D8*100,"") | G8: =_xlfn.IFERROR(IF(永炼取值!G8=0,"",永炼取值!G8),"") | I8: =_xlfn.IFERROR(H8/永炼取值!G8*100,"") | L8: =_xlfn.IFERROR(H8-K8,"") -> 0
B9: MTBE | C9: 吨 | D9: =_xlfn.IFERROR(IF(永炼取值!D9=0,"",永炼取值!D9),"") | E9: =_xlfn.IFERROR(永炼取值!E9,"") -> 359 | F9: =_xlfn.IFERROR(E9/永炼取值!D9*100,"") | G9: 20000 | H9: =_xlfn.IFERROR(永炼取值!H9,"") -> 22384 | I9: =_xlfn.IFERROR(H9/永炼取值!G9*100,"") -> 111.92 | J9: 392 | K9: 3991 | L9: =_xlfn.IFERROR(H9-K9,"") -> 18393
B10: 1#渣油 | C10: 吨 | D10: =_xlfn.IFERROR(IF(永炼取值!D10=0,"",永炼取值!D10),"") | F10: =_xlfn.IFERROR(E10/永炼取值!D10*100,"") | G10: =_xlfn.IFERROR(IF(永炼取值!G10=0,"",永炼取值!G10),"") | I10: =_xlfn.IFERROR(H10/永炼取值!G10*100,"") | L10: =_xlfn.IFERROR(H10-K10,"") -> 0
B11: 裂解石脑油 | C11: 吨 | D11: =_xlfn.IFERROR(IF(永炼取值!D11=0,"",永炼取值!D11),"") | F11: =_xlfn.IFERROR(E11/永炼取值!D11*100,"") | G11: =_xlfn.IFERROR(IF(永炼取值!G11=0,"",永炼取值!G11),"") | I11: =_xlfn.IFERROR(H11/永炼取值!G11*100,"") | L11: =_xlfn.IFERROR(H11-K11,"") -> 0
B12: 上古液化气 | C12: 吨 | D12: =_xlfn.IFERROR(IF(永炼取值!D12=0,"",永炼取值!D12),"") | E12: =_xlfn.IFERROR(永炼取值!E12,"") -> 0 | F12: =_xlfn.IFERROR(E12/永炼取值!D12*100,"") | G12: =_xlfn.IFERROR(IF(永炼取值!G12=0,"",永炼取值!G12),"") | H12: =_xlfn.IFERROR(永炼取值!H12,"") -> 0 | I12: =_xlfn.IFERROR(H12/永炼取值!G12*100,"") | J12: 0 | K12: 0 | L12: =_xlfn.IFERROR(H12-K12,"") -> 0
B13: 醋酸 | C13: 吨 | D13: =_xlfn.IFERROR(IF(永炼取值!D13=0,"",永炼取值!D13),"") | E13: =_xlfn.IFERROR(永炼取值!E13,"") -> 0 | F13: =_xlfn.IFERROR(E13/永炼取值!D13*100,"") | G13: =_xlfn.IFERROR(IF(永炼取值!G13=0,"",永炼取值!G13),"") | I13: =_xlfn.IFERROR(H13/永炼取值!G13*100,"") | J13: 0 | L13: =_xlfn.IFERROR(H13-K13,"") -> 0
B14: 异辛烷组分 | C14: 吨 | D14: =_xlfn.IFERROR(IF(永炼取值!D14=0,"",永炼取值!D14),"") | E14: =_xlfn.IFERROR(永炼取值!E14,"") -> 0 | F14: =_xlfn.IFERROR(E14/永炼取值!D14*100,"") | G14: =_xlfn.IFERROR(IF(永炼取值!G14=0,"",永炼取值!G14),"") | H14: =_xlfn.IFERROR(永炼取值!H14,"") -> 0 | I14: =_xlfn.IFERROR(H14/永炼取值!G14*100,"") | J14: 0 | K14: 0 | L14: =_xlfn.IFERROR(H14-K14,"") -> 0
B15: 异丁烷 | C15: 吨 | D15: =_xlfn.IFERROR(IF(永炼取值!D15=0,"",永炼取值!D15),"") | F15: =_xlfn.IFERROR(E15/永炼取值!D15*100,"") | G15: =_xlfn.IFERROR(IF(永炼取值!G15=0,"",永炼取值!G15),"") | I15: =_xlfn.IFERROR(H15/永炼取值!G15*100,"") | L15: =_xlfn.IFERROR(H15-K15,"") -> 0
B16: 2、常压装置加工量 | C16: 吨 | D16: =_xlfn.IFERROR(IF(永炼取值!D16=0,"",永炼取值!D16),"") | E16: =_xlfn.IFERROR(永炼取值!E16,"") -> 252343 | F16: =_xlfn.IFERROR(E16/永炼取值!D16*100,"") | G16: =_xlfn.IFERROR(IF(永炼取值!G16=0,"",永炼取值!G16),"") | H16: =_xlfn.IFERROR(永炼取值!H16,"") -> 3486701 | I16: =_xlfn.IFERROR(H16/永炼取值!G16*100,"") | J16: 330378 | K16: 2974894 | L16: =_xlfn.IFERROR(H16-K16,"") -> 511807 | M16: 原油
B17: 原油加工量 | C17: 吨 | D17: 240000 | E17: =_xlfn.IFERROR(永炼取值!E17,"") -> 252343 | F17: =_xlfn.IFERROR(E17/永炼取值!D17*100,"") -> 105.14292 | G17: 3700000 | H17: =_xlfn.IFERROR(永炼取值!H17,"") -> 3486701 | I17: =_xlfn.IFERROR(H17/永炼取值!G17*100,"") -> 94.235162 | J17: 330378 | K17: 2974894 | L17: =_xlfn.IFERROR(H17-K17,"") -> 511807 | M17: =E17 -> 252343 | N17: =H17 -> 3486701
B18: 其中：进口原油加工量 | C18: 吨 | D18: =_xlfn.IFERROR(IF(永炼取值!D18=0,"",永炼取值!D18),"") | E18: =_xlfn.IFERROR(永炼取值!E18,"") -> 0 | F18: =_xlfn.IFERROR(E18/永炼取值!D18*100,"") | G18: =_xlfn.IFERROR(IF(永炼取值!G18=0,"",永炼取值!G18),"") | H18: =_xlfn.IFERROR(永炼取值!H18,"") -> 0 | I18: =_xlfn.IFERROR(H18/永炼取值!G18*100,"") | J18: 0 | K18: 0 | L18: =_xlfn.IFERROR(H18-K18,"") -> 0
B19: 3、催化装置加工量 | C19: 吨 | D19: =_xlfn.IFERROR(IF(永炼取值!D19=0,"",永炼取值!D19),"") | E19: =_xlfn.IFERROR(永炼取值!E19,"") -> 103741 | F19: =_xlfn.IFERROR(E19/永炼取值!D19*100,"") | G19: =_xlfn.IFERROR(IF(永炼取值!G19=0,"",永炼取值!G19),"") | H19: =_xlfn.IFERROR(永炼取值!H19,"") -> 1239613 | I19: =_xlfn.IFERROR(H19/永炼取值!G19*100,"") | J19: 115149 | K19: 953245 | L19: =_xlfn.IFERROR(H19-K19,"") -> 286368
B20: 其中：1#渣油加工量 | C20: 吨 | D20: 96000 | E20: =_xlfn.IFERROR(永炼取值!E20,"") -> 96093 | F20: =_xlfn.IFERROR(E20/永炼取值!D20*100,"") -> 100.09687 | G20: 1120000 | H20: =_xlfn.IFERROR(永炼取值!H20,"") -> 1140974 | I20: =_xlfn.IFERROR(H20/永炼取值!G20*100,"") -> 101.87268 | J20: 109008 | K20: 899933 | L20: =_xlfn.IFERROR(H20-K20,"") -> 241041 | M20: =E20 -> 96093 | N20: =H20 -> 1140974
B21: 4、重整装置处理量 | C21: 吨 | D21: 16500 | E21: =_xlfn.IFERROR(永炼取值!E21,"") -> 18360 | F21: =_xlfn.IFERROR(E21/永炼取值!D21*100,"") -> 111.27273 | G21: 190000 | H21: =_xlfn.IFERROR(永炼取值!H21,"") -> 208122 | I21: =_xlfn.IFERROR(H21/永炼取值!G21*100,"") -> 109.53789 | J21: 18222 | K21: 168339 | L21: =_xlfn.IFERROR(H21-K21,"") -> 39783
B22: 5、DCC石脑油加氢处理量 | C22: 吨 | D22: =_xlfn.IFERROR(IF(永炼取值!D22=0,"",永炼取值!D22),"") | E22: =_xlfn.IFERROR(永炼取值!E22,"") -> 0 | F22: =_xlfn.IFERROR(E22/永炼取值!D22*100,"") | G22: =_xlfn.IFERROR(IF(永炼取值!G22=0,"",永炼取值!G22),"") | H22: =_xlfn.IFERROR(永炼取值!H22,"") -> 0 | I22: =_xlfn.IFERROR(H22/永炼取值!G22*100,"") | J22: 0 | K22: 0 | L22: =_xlfn.IFERROR(H22-K22,"") -> 0
B23: 6、DCC裂解轻油加氢处理量 | C23: 吨 | D23: =_xlfn.IFERROR(IF(永炼取值!D23=0,"",永炼取值!D23),"") | E23: =_xlfn.IFERROR(永炼取值!E23,"") -> 0 | F23: =_xlfn.IFERROR(E23/永炼取值!D23*100,"") | G23: =_xlfn.IFERROR(IF(永炼取值!G23=0,"",永炼取值!G23),"") | H23: =_xlfn.IFERROR(永炼取值!H23,"") -> 0 | I23: =_xlfn.IFERROR(H23/永炼取值!G23*100,"") | J23: 0 | K23: 0 | L23: =_xlfn.IFERROR(H23-K23,"") -> 0
B24: 7、汽油加氢精制处理量 | C24: 吨 | D24: 47000 | E24: =_xlfn.IFERROR(永炼取值!E24,"") -> 50846 | F24: =_xlfn.IFERROR(E24/永炼取值!D24*100,"") -> 108.18298 | G24: 550000 | H24: =_xlfn.IFERROR(永炼取值!H24,"") -> 610823 | I24: =_xlfn.IFERROR(H24/永炼取值!G24*100,"") -> 111.05873 | J24: 55968 | K24: 478921 | L24: =_xlfn.IFERROR(H24-K24,"") -> 131902
B25: 8、柴油加氢精制处理量 | C25: 吨 | D25: 90000 | E25: =_xlfn.IFERROR(永炼取值!E25,"") -> 101000 | F25: =_xlfn.IFERROR(E25/永炼取值!D25*100,"") -> 112.22222 | G25: 1330000 | H25: =_xlfn.IFERROR(永炼取值!H25,"") -> 1302390 | I25: =_xlfn.IFERROR(H25/永炼取值!G25*100,"") -> 97.92406 | J25: 123978 | K25: 1079507 | L25: =_xlfn.IFERROR(H25-K25,"") -> 222883
B26: 9、气分装置加工量 | C26: 吨 | D26: =_xlfn.IFERROR(IF(永炼取值!D26=0,"",永炼取值!D26),"") | E26: =_xlfn.IFERROR(永炼取值!E26,"") -> 0 | F26: =_xlfn.IFERROR(E26/永炼取值!D26*100,"") | G26: =_xlfn.IFERROR(IF(永炼取值!G26=0,"",永炼取值!G26),"") | H26: =_xlfn.IFERROR(永炼取值!H26,"") -> 0 | I26: =_xlfn.IFERROR(H26/永炼取值!G26*100,"") | J26: 0 | K26: 0 | L26: =_xlfn.IFERROR(H26-K26,"") -> 0
B27: 10、航煤装置处理量 | C27: 吨 | D27: =_xlfn.IFERROR(IF(永炼取值!D27=0,"",永炼取值!D27),"") | E27: =_xlfn.IFERROR(永炼取值!E27,"") -> 13271 | F27: =_xlfn.IFERROR(E27/永炼取值!D27*100,"") | G27: 105263 | H27: =_xlfn.IFERROR(永炼取值!H27,"") -> 166965 | I27: =_xlfn.IFERROR(H27/永炼取值!G27*100,"") -> 158.61699 | J27: 12597 | K27: 127693 | L27: =_xlfn.IFERROR(H27-K27,"") -> 39272
B28: 11、烷基化装置处理量 | C28: 吨 | D28: =_xlfn.IFERROR(IF(永炼取值!D28=0,"",永炼取值!D28),"") | E28: =_xlfn.IFERROR(永炼取值!E28,"") -> 0 | F28: =_xlfn.IFERROR(E28/永炼取值!D28*100,"") | G28: =_xlfn.IFERROR(IF(永炼取值!G28=0,"",永炼取值!G28),"") | H28: =_xlfn.IFERROR(永炼取值!H28,"") -> 0 | I28: =_xlfn.IFERROR(H28/永炼取值!G28*100,"") | J28: 0 | K28: 0 | L28: =_xlfn.IFERROR(H28-K28,"") -> 0
B29: 12、混合脱氢装置处理量 | C29: 吨 | D29: =_xlfn.IFERROR(IF(永炼取值!D29=0,"",永炼取值!D29),"") | E29: =_xlfn.IFERROR(永炼取值!E29,"") -> 0 | F29: =_xlfn.IFERROR(E29/永炼取值!D29*100,"") | G29: =_xlfn.IFERROR(IF(永炼取值!G29=0,"",永炼取值!G29),"") | H29: =_xlfn.IFERROR(永炼取值!H29,"") -> 0 | I29: =_xlfn.IFERROR(H29/永炼取值!G29*100,"") | J29: 0 | K29: 0 | L29: =_xlfn.IFERROR(H29-K29,"") -> 0
B30: 二、油气产品产销量 | M30: 汽油
B31: 1、汽油产量 | C31: 吨 | D31: 76000 | E31: =_xlfn.IFERROR(永炼取值!E31,"") -> 76027 | F31: =_xlfn.IFERROR(E31/永炼取值!D31*100,"") -> 100.03553 | G31: 660810 | H31: =_xlfn.IFERROR(永炼取值!H31,"") -> 889792 | I31: =_xlfn.IFERROR(H31/永炼取值!G31*100,"") -> 134.65172 | J31: 79776 | K31: 695518 | L31: =_xlfn.IFERROR(H31-K31,"") -> 194274 | M31: =E31 -> 76027 | N31: =H31 -> 889792
B32: ⑴ 92#VI | C32: 吨 | D32: =_xlfn.IFERROR(IF(永炼取值!D32=0,"",永炼取值!D32),"") | E32: =_xlfn.IFERROR(永炼取值!E32,"") -> 76027 | F32: =_xlfn.IFERROR(E32/永炼取值!D32*100,"") | G32: 660810 | H32: =_xlfn.IFERROR(永炼取值!H32,"") -> 889792 | I32: =_xlfn.IFERROR(H32/永炼取值!G32*100,"") -> 134.65172 | J32: 79776 | K32: 695518 | L32: =_xlfn.IFERROR(H32-K32,"") -> 194274
B33: ⑵ 95#VI | C33: 吨 | D33: =_xlfn.IFERROR(IF(永炼取值!D33=0,"",永炼取值!D33),"") | E33: =_xlfn.IFERROR(永炼取值!E33,"") -> 0 | F33: =_xlfn.IFERROR(E33/永炼取值!D33*100,"") | G33: =_xlfn.IFERROR(IF(永炼取值!G33=0,"",永炼取值!G33),"") | H33: =_xlfn.IFERROR(永炼取值!H33,"") -> 0 | I33: =_xlfn.IFERROR(H33/永炼取值!G33*100,"") | J33: 0 | K33: 0 | L33: =_xlfn.IFERROR(H33-K33,"") -> 0
B34: ⑶ 98#Ⅵ | C34: 吨 | D34: =_xlfn.IFERROR(IF(永炼取值!D34=0,"",永炼取值!D34),"") | E34: =_xlfn.IFERROR(永炼取值!E34,"") -> 0 | F34: =_xlfn.IFERROR(E34/永炼取值!D34*100,"") | G34: =_xlfn.IFERROR(IF(永炼取值!G34=0,"",永炼取值!G34),"") | H34: =_xlfn.IFERROR(永炼取值!H34,"") -> 0 | I34: =_xlfn.IFERROR(H34/永炼取值!G34*100,"") | J34: 0 | K34: 0 | L34: =_xlfn.IFERROR(H34-K34,"") -> 0 | M34: 柴油
B35: 2、柴油产量 | C35: 吨 | D35: 81000 | E35: =_xlfn.IFERROR(永炼取值!E35,"") -> 94831 | F35: =_xlfn.IFERROR(E35/永炼取值!D35*100,"") -> 117.07531 | G35: 1270429 | H35: =_xlfn.IFERROR(永炼取值!H35,"") -> 1242223 | I35: =_xlfn.IFERROR(H35/永炼取值!G35*100,"") -> 97.779805 | J35: 112486 | K35: 999335 | L35: =_xlfn.IFERROR(H35-K35,"") -> 242888 | M35: =E35 -> 94831 | N35: =H35 -> 1242223
B36: ⑴ 军用柴油 | C36: 吨 | D36: =_xlfn.IFERROR(IF(永炼取值!D36=0,"",永炼取值!D36),"") | E36: =_xlfn.IFERROR(永炼取值!E36,"") -> 0 | F36: =_xlfn.IFERROR(E36/永炼取值!D36*100,"") | G36: =_xlfn.IFERROR(IF(永炼取值!G36=0,"",永炼取值!G36),"") | H36: =_xlfn.IFERROR(永炼取值!H36,"") -> 0 | I36: =_xlfn.IFERROR(H36/永炼取值!G36*100,"") | J36: 0 | K36: 0 | L36: =_xlfn.IFERROR(H36-K36,"") -> 0
B37: ⑵ 0#VI | C37: 吨 | D37: =_xlfn.IFERROR(IF(永炼取值!D37=0,"",永炼取值!D37),"") | E37: =_xlfn.IFERROR(永炼取值!E37,"") -> 69912 | F37: =_xlfn.IFERROR(E37/永炼取值!D37*100,"") | G37: =_xlfn.IFERROR(IF(永炼取值!G37=0,"",永炼取值!G37),"") | H37: =_xlfn.IFERROR(永炼取值!H37,"") -> 1179895 | I37: =_xlfn.IFERROR(H37/永炼取值!G37*100,"") | J37: 92630 | K37: 946077 | L37: =_xlfn.IFERROR(H37-K37,"") -> 233818
B38: ⑶ -10#VI | C38: 吨 | D38: =_xlfn.IFERROR(IF(永炼取值!D38=0,"",永炼取值!D38),"") | E38: =_xlfn.IFERROR(永炼取值!E38,"") -> 0 | F38: =_xlfn.IFERROR(E38/永炼取值!D38*100,"") | G38: =_xlfn.IFERROR(IF(永炼取值!G38=0,"",永炼取值!G38),"") | H38: =_xlfn.IFERROR(永炼取值!H38,"") -> 0 | I38: =_xlfn.IFERROR(H38/永炼取值!G38*100,"") | J38: 0 | K38: 0 | L38: =_xlfn.IFERROR(H38-K38,"") -> 0
B39: ⑷ -20#VI | C39: 吨 | D39: 20000 | E39: =_xlfn.IFERROR(永炼取值!E39,"") -> 24919 | F39: =_xlfn.IFERROR(E39/永炼取值!D39*100,"") -> 124.595 | G39: =_xlfn.IFERROR(IF(永炼取值!G39=0,"",永炼取值!G39),"") | H39: =_xlfn.IFERROR(永炼取值!H39,"") -> 62328 | I39: =_xlfn.IFERROR(H39/永炼取值!G39*100,"") | J39: 19856 | K39: 53258 | L39: =_xlfn.IFERROR(H39-K39,"") -> 9070
B40: ⑸ -35#VI | C40: 吨 | D40: =_xlfn.IFERROR(IF(永炼取值!D40=0,"",永炼取值!D40),"") | E40: =_xlfn.IFERROR(永炼取值!E40,"") -> 0 | F40: =_xlfn.IFERROR(E40/永炼取值!D40*100,"") | G40: =_xlfn.IFERROR(IF(永炼取值!G40=0,"",永炼取值!G40),"") | H40: =_xlfn.IFERROR(永炼取值!H40,"") -> 0 | I40: =_xlfn.IFERROR(H40/永炼取值!G40*100,"") | J40: 0 | K40: 0 | L40: =_xlfn.IFERROR(H40-K40,"") -> 0
B41: 3、3#喷气燃料销量（航煤） | C41: 吨 | D41: =_xlfn.IFERROR(IF(永炼取值!D41=0,"",永炼取值!D41),"") | E41: =_xlfn.IFERROR(永炼取值!E41,"") -> 3449 | F41: =_xlfn.IFERROR(E41/永炼取值!D41*100,"") | G41: 100000 | H41: =_xlfn.IFERROR(永炼取值!H41,"") -> 92927.94 | I41: =_xlfn.IFERROR(H41/永炼取值!G41*100,"") -> 92.92794 | J41: 7049 | K41: 80926.26 | L41: =_xlfn.IFERROR(H41-K41,"") -> 12001.68
B42: 4.石脑油销售量 | C42: 吨 | D42: 5500 | E42: =_xlfn.IFERROR(永炼取值!E42,"") -> 9136 | F42: =_xlfn.IFERROR(E42/永炼取值!D42*100,"") -> 166.10909 | G42: =_xlfn.IFERROR(IF(永炼取值!G42=0,"",永炼取值!G42),"") | H42: =_xlfn.IFERROR(永炼取值!H42,"") -> 81679.14 | I42: =_xlfn.IFERROR(H42/永炼取值!G42*100,"") | J42: 6972 | K42: 65902 | L42: =_xlfn.IFERROR(H42-K42,"") -> 15777.14
B43: ⑴ 石脑油Ⅰ | C43: 吨 | D43: =_xlfn.IFERROR(IF(永炼取值!D43=0,"",永炼取值!D43),"") | E43: =_xlfn.IFERROR(永炼取值!E43,"") -> 2428 | F43: =_xlfn.IFERROR(E43/永炼取值!D43*100,"") | G43: 17918 | H43: =_xlfn.IFERROR(永炼取值!H43,"") -> 12811.74 | I43: =_xlfn.IFERROR(H43/永炼取值!#REF!*100,"") | J43: 0 | K43: 0 | L43: =_xlfn.IFERROR(H43-K43,"") -> 12811.74
B44: ⑵ 石脑油Ⅱ | C44: 吨 | D44: 5500 | E44: =_xlfn.IFERROR(永炼取值!E44,"") -> 6708 | F44: =_xlfn.IFERROR(E44/永炼取值!D44*100,"") -> 121.96364 | G44: 70300 | H44: =_xlfn.IFERROR(永炼取值!H44,"") -> 68867.4 | I44: =_xlfn.IFERROR(H44/永炼取值!#REF!*100,"") | J44: 6972 | K44: 65902 | L44: =_xlfn.IFERROR(H44-K44,"") -> 2965.4
B45: ⑶ 石脑油Ⅲ | C45: 吨 | D45: =_xlfn.IFERROR(IF(永炼取值!D45=0,"",永炼取值!D45),"") | E45: =_xlfn.IFERROR(永炼取值!E45,"") -> 0 | F45: =_xlfn.IFERROR(E45/永炼取值!D45*100,"") | G45: =_xlfn.IFERROR(IF(永炼取值!G45=0,"",永炼取值!G45),"") | H45: =_xlfn.IFERROR(永炼取值!H45,"") -> 0 | I45: =_xlfn.IFERROR(H45/永炼取值!#REF!*100,"") | J45: 0 | K45: 0 | L45: =_xlfn.IFERROR(H45-K45,"") -> 0
B46: 5、液化气销量 | C46: 吨 | D46: =_xlfn.IFERROR(IF(永炼取值!D46=0,"",永炼取值!D46),"") | E46: =_xlfn.IFERROR(永炼取值!E46,"") -> 0 | F46: =_xlfn.IFERROR(E46/永炼取值!D46*100,"") | G46: 2750 | H46: =_xlfn.IFERROR(永炼取值!H46,"") -> 0 | I46: =_xlfn.IFERROR(H46/#REF!*100,"") | J46: 0 | K46: 0 | L46: =_xlfn.IFERROR(H46-K46,"") -> 0
B47: ⑴ 催化液化气 | C47: 吨 | D47: =_xlfn.IFERROR(IF(永炼取值!D47=0,"",永炼取值!D47),"") | E47: =_xlfn.IFERROR(永炼取值!E47,"") -> 0 | F47: =_xlfn.IFERROR(E47/永炼取值!D47*100,"") | G47: =_xlfn.IFERROR(IF(永炼取值!G47=0,"",永炼取值!G47),"") | H47: =_xlfn.IFERROR(永炼取值!H47,"") -> 0 | I47: =_xlfn.IFERROR(H47/永炼取值!G47*100,"") | J47: 0 | K47: 0 | L47: =_xlfn.IFERROR(H47-K47,"") -> 0
B48: ⑵ 醚后碳四 | C48: 吨 | D48: =_xlfn.IFERROR(IF(永炼取值!D48=0,"",永炼取值!D48),"") | E48: =_xlfn.IFERROR(永炼取值!E48,"") -> 0 | F48: =_xlfn.IFERROR(E48/永炼取值!D48*100,"") | G48: =_xlfn.IFERROR(IF(永炼取值!G48=0,"",永炼取值!G48),"") | H48: =_xlfn.IFERROR(永炼取值!H48,"") -> 0 | I48: =_xlfn.IFERROR(H48/永炼取值!G48*100,"") | J48: 0 | K48: 0 | L48: =_xlfn.IFERROR(H48-K48,"") -> 0
B49: ⑶ 民用液化气 | C49: 吨 | D49: =_xlfn.IFERROR(IF(永炼取值!D49=0,"",永炼取值!D49),"") | E49: =_xlfn.IFERROR(永炼取值!E49,"") -> 0 | F49: =_xlfn.IFERROR(E49/永炼取值!D49*100,"") | G49: =_xlfn.IFERROR(IF(永炼取值!G49=0,"",永炼取值!G49),"") | H49: =_xlfn.IFERROR(永炼取值!H49,"") -> 0 | I49: =_xlfn.IFERROR(H49/永炼取值!G46*100,"") -> 0 | J49: 0 | K49: 0 | L49: =_xlfn.IFERROR(H49-K49,"") -> 0
B50: ⑷ 正丁烷 | C50: 吨 | D50: =_xlfn.IFERROR(IF(永炼取值!D50=0,"",永炼取值!D50),"") | E50: =_xlfn.IFERROR(永炼取值!E50,"") -> 0 | F50: =_xlfn.IFERROR(E50/永炼取值!D50*100,"") | G50: =_xlfn.IFERROR(IF(永炼取值!G50=0,"",永炼取值!G50),"") | H50: =_xlfn.IFERROR(永炼取值!H50,"") -> 0 | I50: =_xlfn.IFERROR(H50/永炼取值!G50*100,"") | J50: 0 | K50: 0 | L50: =_xlfn.IFERROR(H50-K50,"") -> 0
B51: 6、1#渣油销量（供榆能化） | C51: 吨 | D51: 30000 | E51: =_xlfn.IFERROR(永炼取值!E51,"") -> 35524 | F51: =_xlfn.IFERROR(E51/永炼取值!D51*100,"") -> 118.41333 | G51: =_xlfn.IFERROR(IF(永炼取值!G51=0,"",永炼取值!G51),"") | H51: =_xlfn.IFERROR(永炼取值!H51,"") -> 475773 | I51: =_xlfn.IFERROR(H51/永炼取值!G51*100,"") | J51: 59234 | K51: 585397 | L51: =_xlfn.IFERROR(H51-K51,"") -> -109624
B52: 7、2#渣油销量 | C52: 吨 | D52: 2300 | E52: =_xlfn.IFERROR(永炼取值!E52,"") -> 1282 | F52: =_xlfn.IFERROR(E52/永炼取值!D52*100,"") -> 55.73913 | G52: 15680 | H52: =_xlfn.IFERROR(永炼取值!H52,"") -> 6464 | I52: =_xlfn.IFERROR(H52/永炼取值!G52*100,"") -> 41.22449 | J52: 2032 | K52: 13396 | L52: =_xlfn.IFERROR(H52-K52,"") -> -6932
B53: 8、聚丙烯产量 | C53: 吨 | D53: =_xlfn.IFERROR(IF(永炼取值!D53=0,"",永炼取值!D53),"") | E53: =_xlfn.IFERROR(永炼取值!E53,"") -> 0 | F53: =_xlfn.IFERROR(E53/永炼取值!D53*100,"") | G53: =_xlfn.IFERROR(IF(永炼取值!G53=0,"",永炼取值!G53),"") | H53: =_xlfn.IFERROR(永炼取值!H53,"") -> 0 | I53: =_xlfn.IFERROR(H53/永炼取值!G53*100,"") | J53: 0 | K53: 0 | L53: =_xlfn.IFERROR(H53-K53,"") -> 0
B54: 9、苯乙烯产量 | C54: 吨 | D54: =_xlfn.IFERROR(IF(永炼取值!D54=0,"",永炼取值!D54),"") | E54: =_xlfn.IFERROR(永炼取值!E54,"") -> 0 | F54: =_xlfn.IFERROR(E54/永炼取值!D54*100,"") | G54: =_xlfn.IFERROR(IF(永炼取值!G54=0,"",永炼取值!G54),"") | H54: =_xlfn.IFERROR(永炼取值!H54,"") -> 0 | I54: =_xlfn.IFERROR(H54/永炼取值!G54*100,"") | J54: 0 | K54: 0 | L54: =_xlfn.IFERROR(H54-K54,"") -> 0
B55: 10、苯销量 | C55: 吨 | D55: =_xlfn.IFERROR(IF(永炼取值!D55=0,"",永炼取值!D55),"") | E55: =_xlfn.IFERROR(永炼取值!E55,"") -> 0 | F55: =_xlfn.IFERROR(E55/永炼取值!D55*100,"") | G55: =_xlfn.IFERROR(IF(永炼取值!G55=0,"",永炼取值!G55),"") | H55: =_xlfn.IFERROR(永炼取值!H55,"") -> 0 | I55: =_xlfn.IFERROR(H55/永炼取值!G55*100,"") | J55: 0 | K55: 0 | L55: =_xlfn.IFERROR(H55-K55,"") -> 0
B56: 11、二甲苯销量 | C56: 吨 | D56: =_xlfn.IFERROR(IF(永炼取值!D56=0,"",永炼取值!D56),"") | E56: =_xlfn.IFERROR(永炼取值!E56,"") -> 0 | F56: =_xlfn.IFERROR(E56/永炼取值!D56*100,"") | G56: =_xlfn.IFERROR(IF(永炼取值!G56=0,"",永炼取值!G56),"") | H56: =_xlfn.IFERROR(永炼取值!H56,"") -> 0 | I56: =_xlfn.IFERROR(H56/永炼取值!G56*100,"") | J56: 0 | K56: 0 | L56: =_xlfn.IFERROR(H56-K56,"") -> 0
B57: 12、醋酸仲丁酯销量 | C57: 吨 | D57: =_xlfn.IFERROR(IF(永炼取值!D57=0,"",永炼取值!D57),"") | E57: =_xlfn.IFERROR(永炼取值!E57,"") -> 0 | F57: =_xlfn.IFERROR(E57/永炼取值!D57*100,"") | G57: =_xlfn.IFERROR(IF(永炼取值!G57=0,"",永炼取值!G57),"") | H57: =_xlfn.IFERROR(永炼取值!H57,"") -> 0 | I57: =_xlfn.IFERROR(H57/永炼取值!G57*100,"") | J57: 0 | K57: 0 | L57: =_xlfn.IFERROR(H57-K57,"") -> 0
B58: 13、精制硫磺销量 | C58: 吨 | D58: =_xlfn.IFERROR(IF(永炼取值!D58=0,"",永炼取值!D58),"") | E58: =_xlfn.IFERROR(永炼取值!E58,"") -> 0 | F58: =_xlfn.IFERROR(E58/永炼取值!D58*100,"") | G58: =_xlfn.IFERROR(IF(永炼取值!G58=0,"",永炼取值!G58),"") | H58: =_xlfn.IFERROR(永炼取值!H58,"") -> 0 | I58: =_xlfn.IFERROR(H58/永炼取值!G58*100,"") | J58: 0 | K58: 0 | L58: =_xlfn.IFERROR(H58-K58,"") -> 0
B59: 14、粗硫磺销量 | C59: 吨 | D59: =_xlfn.IFERROR(IF(永炼取值!D59=0,"",永炼取值!D59),"") | E59: =_xlfn.IFERROR(永炼取值!E59,"") -> 236.26 | F59: =_xlfn.IFERROR(E59/永炼取值!D59*100,"") | G59: =_xlfn.IFERROR(IF(永炼取值!G59=0,"",永炼取值!G59),"") | H59: =_xlfn.IFERROR(永炼取值!H59,"") -> 3295.16 | I59: =_xlfn.IFERROR(H59/永炼取值!G59*100,"") | J59: 275 | K59: 2150 | L59: =_xlfn.IFERROR(H59-K59,"") -> 1145.16
B60: 15、丙烯销量 | C60: 吨 | D60: =_xlfn.IFERROR(IF(永炼取值!D60=0,"",永炼取值!D60),"") | E60: =_xlfn.IFERROR(永炼取值!E60,"") -> 0 | F60: =_xlfn.IFERROR(E60/永炼取值!D60*100,"") | G60: =_xlfn.IFERROR(IF(永炼取值!G60=0,"",永炼取值!G60),"") | H60: =_xlfn.IFERROR(永炼取值!H60,"") -> 0 | I60: =_xlfn.IFERROR(H60/永炼取值!G60*100,"") | J60: 0 | K60: 0 | L60: =_xlfn.IFERROR(H60-K60,"") -> 0
B61: 16、硫酸铵销量 | C61: 吨 | D61: =_xlfn.IFERROR(IF(永炼取值!D61=0,"",永炼取值!D61),"") | E61: =_xlfn.IFERROR(永炼取值!E61,"") -> 0 | F61: =_xlfn.IFERROR(E61/永炼取值!D61*100,"") | G61: =_xlfn.IFERROR(IF(永炼取值!G61=0,"",永炼取值!G61),"") | H61: =_xlfn.IFERROR(永炼取值!H61,"") -> 0 | I61: =_xlfn.IFERROR(H61/永炼取值!G61*100,"") | J61: 0 | K61: 0 | L61: =_xlfn.IFERROR(H61-K61,"") -> 0
B62: 17、异辛烷组分产量 | C62: 吨 | D62: =_xlfn.IFERROR(IF(永炼取值!D62=0,"",永炼取值!D62),"") | E62: =_xlfn.IFERROR(永炼取值!E62,"") -> 0 | F62: =_xlfn.IFERROR(E62/永炼取值!D62*100,"") | G62: =_xlfn.IFERROR(IF(永炼取值!G62=0,"",永炼取值!G62),"") | H62: =_xlfn.IFERROR(永炼取值!H62,"") -> 0 | I62: =_xlfn.IFERROR(H62/永炼取值!G62*100,"") | J62: 0 | K62: 0 | L62: =_xlfn.IFERROR(H62-K62,"") -> 0
B63: 18、异辛烷组分销量 | C63: 吨 | D63: =_xlfn.IFERROR(IF(永炼取值!D63=0,"",永炼取值!D63),"") | E63: =_xlfn.IFERROR(永炼取值!E63,"") -> 0 | F63: =_xlfn.IFERROR(E63/永炼取值!D63*100,"") | G63: =_xlfn.IFERROR(IF(永炼取值!G63=0,"",永炼取值!G63),"") | H63: =_xlfn.IFERROR(永炼取值!H63,"") -> 0 | I63: =_xlfn.IFERROR(H63/永炼取值!G63*100,"") | J63: 0 | K63: 0 | L63: =_xlfn.IFERROR(H63-K63,"") -> 0
B64: 19、MTBE产量 | C64: 吨 | D64: =_xlfn.IFERROR(IF(永炼取值!D64=0,"",永炼取值!D64),"") | E64: =_xlfn.IFERROR(永炼取值!E64,"") -> 0 | F64: =_xlfn.IFERROR(E64/永炼取值!D64*100,"") | G64: =_xlfn.IFERROR(IF(永炼取值!G64=0,"",永炼取值!G64),"") | H64: =_xlfn.IFERROR(永炼取值!H64,"") -> 0 | I64: =_xlfn.IFERROR(H64/永炼取值!G64*100,"") | J64: 0 | K64: 0 | L64: =_xlfn.IFERROR(H64-K64,"") -> 0
... B66: 21、液氨销量 | C66: 吨 | D66: =_xlfn.IFERROR(IF(永炼取值!D66=0,"",永炼取值!D66),"") | E66: =_xlfn.IFERROR(永炼取值!E66,"") -> 0 | F66: =_xlfn.IFERROR(E66/永炼取值!D66*100,"") | G66: =_xlfn.IFERROR(IF(永炼取值!G66=0,"",永炼取值!G66),"") | H66: =_xlfn.IFERROR(永炼取值!H66,"") -> 0 | I66: =_xlfn.IFERROR(H66/永炼取值!G66*100,"") | J66: 0 | K66: 0 | L66: =_xlfn.IFERROR(H66-K66,"") -> 0
B67: 22、3#喷气燃料产量 | C67: 吨 | D67: =_xlfn.IFERROR(IF(永炼取值!D67=0,"",永炼取值!D67),"") | F67: =_xlfn.IFERROR(E67/永炼取值!D67*100,"") | G67: =_xlfn.IFERROR(IF(永炼取值!G67=0,"",永炼取值!G67),"") | H67: 0 | I67: =_xlfn.IFERROR(H67/永炼取值!G67*100,"") | J67: -5335 | K67: -16271 | L67: =_xlfn.IFERROR(H67-K67,"") -> 16271
B68: 三、综合指标
B69: 1、成品油产量(汽油+柴油+航煤) | C69: 吨 | D69: 157000 | E69: =_xlfn.IFERROR(永炼取值!E69,"") -> 174307 | F69: =_xlfn.IFERROR(E69/永炼取值!D69*100,"") -> 111.02357 | G69: 2031239 | H69: =_xlfn.IFERROR(永炼取值!H69,"") -> 2224942.9 | I69: =_xlfn.IFERROR(H69/永炼取值!G69*100,"") -> 109.53625 | J69: 199311 | K69: 1775779.3 | L69: =_xlfn.IFERROR(H69-K69,"") -> 449163.68
B70: 2、综合商品量 | C70: 吨 | D70: 224000 | E70: =_xlfn.IFERROR(永炼取值!E70,"") -> 259963.26 | F70: =_xlfn.IFERROR(E70/永炼取值!D70*100,"") -> 116.05503 | G70: 3511047 | H70: =_xlfn.IFERROR(永炼取值!H70,"") -> 3444219.6 | I70: =_xlfn.IFERROR(H70/永炼取值!G70*100,"") -> 98.096652 | J70: 320677 | K70: 2924408 | L70: =_xlfn.IFERROR(H70-K70,"") -> 519811.56
B71: 3、综合商品率 | C71: % | D71: 94 | E71: =_xlfn.IFERROR(永炼取值!E71,"") -> 94.555033 | F71: =_xlfn.IFERROR(E71-永炼取值!D71,"") -> 0.55503335 | G71: 94.89 | H71: =_xlfn.IFERROR(永炼取值!H71,"") -> 94.814551 | I71: =_xlfn.IFERROR(H71-永炼取值!G71,"") -> -0.075449161 | J71: 95.123309 | K71: 95.108528 | L71: =_xlfn.IFERROR(H71-K71,"") -> -0.29397714
B72: 4、综合自用率 | C72: % | D72: 5 | E72: =_xlfn.IFERROR(永炼取值!E72,"") -> 4.7096725 | F72: =_xlfn.IFERROR(E72-永炼取值!D72,"") -> -0.29032747 | G72: 3.91 | H72: =_xlfn.IFERROR(永炼取值!H72,"") -> 4.4504288 | I72: =_xlfn.IFERROR(H72-永炼取值!G72,"") -> 0.54042883 | J72: 4.1453616 | K72: 4.1597531 | L72: =_xlfn.IFERROR(H72-K72,"") -> 0.29067569
B73: 5、综合加工损失率 | C73: % | D73: 1 | E73: =_xlfn.IFERROR(永炼取值!E73,"") -> 0.7349151 | F73: =_xlfn.IFERROR(E73-永炼取值!D73,"") -> -0.2650849 | G73: 1.2 | H73: =_xlfn.IFERROR(永炼取值!H73,"") -> 0.73497371 | I73: =_xlfn.IFERROR(H73-永炼取值!G73,"") -> -0.46502629 | J73: 0.73103992 | K73: 0.73129979 | L73: =_xlfn.IFERROR(H73-K73,"") -> 0.0036739155
B74: 6、炼油综合能耗 | C74: kg标油/t | D74: 63 | E74: =_xlfn.IFERROR(永炼取值!E74,"") -> 55.652307 | F74: =_xlfn.IFERROR(E74-永炼取值!D74,"") -> -7.3476934 | G74: 55 | H74: =_xlfn.IFERROR(永炼取值!H74,"") -> 47.489237 | I74: =_xlfn.IFERROR(H74-永炼取值!G74,"") -> -7.510763 | J74: 46.853907 | K74: 53.01977 | L74: =_xlfn.IFERROR(H74-K74,"") -> -5.5305333
B75: 7、丙烯单耗 | C75: t/t | D75: =_xlfn.IFERROR(IF(永炼取值!D75=0,"",永炼取值!D75),"") | E75: =_xlfn.IFERROR(永炼取值!E75,"") -> 0 | F75: =_xlfn.IFERROR(E75-永炼取值!D75,"") -> 0 | G75: =_xlfn.IFERROR(IF(永炼取值!G75=0,"",永炼取值!G75),"") | H75: =_xlfn.IFERROR(永炼取值!H75,"") -> 0 | I75: =_xlfn.IFERROR(H75-永炼取值!G75,"") -> 0 | J75: 0 | K75: 0 | L75: =_xlfn.IFERROR(H75-K75,"") -> 0
B76: 8、石油产品出厂合格率 | C76: % | D76: 100 | E76: =_xlfn.IFERROR(永炼取值!E76,"") -> 100 | F76: =_xlfn.IFERROR(E76-永炼取值!D76,"") -> 0 | G76: 100 | H76: =_xlfn.IFERROR(永炼取值!H76,"") -> 100 | I76: =_xlfn.IFERROR(H76-永炼取值!G76,"") -> 0 | J76: 100 | K76: 100 | L76: =_xlfn.IFERROR(H76-K76,"") -> 0
B77: 四、装置收率
B78: 1、常压装置轻质油收率 | C78: % | D78: 47.79 | E78: =_xlfn.IFERROR(永炼取值!E78,"") -> 49.661374 | F78: =_xlfn.IFERROR(E78-永炼取值!D78,"") -> 1.8713736 | G78: 47.79 | H78: =_xlfn.IFERROR(永炼取值!H78,"") -> 48.604082 | I78: =_xlfn.IFERROR(H78-永炼取值!G78,"") -> 0.81408162 | J78: 48.130626 | K78: 48.198524 | L78: =_xlfn.IFERROR(H78-K78,"") -> 0.40555758
B79: 2、催化装置汽柴液总收率 | C79: % | D79: 86.76 | E79: =_xlfn.IFERROR(永炼取值!E79,"") -> 87.190214 | F79: =_xlfn.IFERROR(E79-永炼取值!D79,"") -> 0.43021409 | G79: 86.56 | H79: =_xlfn.IFERROR(永炼取值!H79,"") -> 87.170754 | I79: =_xlfn.IFERROR(H79-永炼取值!G79,"") -> 0.6107541 | J79: 86.971663 | K79: 86.960016 | L79: =_xlfn.IFERROR(H79-K79,"") -> 0.21073857
B80: 其中：催化装置轻质油收率 | C80: % | D80: 70.36 | E80: =_xlfn.IFERROR(永炼取值!E80,"") -> 70.555518 | F80: =_xlfn.IFERROR(E80-永炼取值!D80,"") -> 0.19551807 | G80: 68.76 | H80: =_xlfn.IFERROR(永炼取值!H80,"") -> 70.190455 | I80: =_xlfn.IFERROR(H80-永炼取值!G80,"") -> 1.4304546 | J80: 69.489965 | K80: 68.758923 | L80: =_xlfn.IFERROR(H80-K80,"") -> 1.4315311
B81: 催化装置液化气收率 | C81: % | D81: 16.4 | E81: =_xlfn.IFERROR(永炼取值!E81,"") -> 16.634696 | F81: =_xlfn.IFERROR(E81-永炼取值!D81,"") -> 0.23469602 | G81: 17.8 | H81: =_xlfn.IFERROR(永炼取值!H81,"") -> 16.980299 | I81: =_xlfn.IFERROR(H81-永炼取值!G81,"") -> -0.8197005 | J81: 17.481698 | K81: 18.201092 | L81: =_xlfn.IFERROR(H81-K81,"") -> -1.2207926
B82: 3、重整装置总收率 | C82: % | D82: 92.9 | E82: =_xlfn.IFERROR(永炼取值!E82,"") -> 93.409586 | F82: =_xlfn.IFERROR(E82-永炼取值!D82,"") -> 0.50958606 | G82: 92.9 | H82: =_xlfn.IFERROR(永炼取值!H82,"") -> 93.403869 | I82: =_xlfn.IFERROR(H82-永炼取值!G82,"") -> 0.50386888 | J82: 93.337724 | K82: 93.332502 | L82: =_xlfn.IFERROR(H82-K82,"") -> 0.071367206
B83: 4、气体分馏装置丙烯收率 | C83: % | D83: =_xlfn.IFERROR(IF(永炼取值!D83=0,"",永炼取值!D83),"") | E83: =_xlfn.IFERROR(永炼取值!E83,"") -> . | F83: =_xlfn.IFERROR(E83-永炼取值!D83,"") | G83: =_xlfn.IFERROR(IF(永炼取值!G83=0,"",永炼取值!G83),"") | H83: =_xlfn.IFERROR(永炼取值!H83,"") -> . | I83: =_xlfn.IFERROR(H83-永炼取值!G83,"") | J83: . | K83: . | L83: =_xlfn.IFERROR(H83-K83,"")
B84: 5、MTBE装置MTBE收率 | C84: % | D84: =_xlfn.IFERROR(IF(永炼取值!D84=0,"",永炼取值!D84),"") | E84: =_xlfn.IFERROR(永炼取值!E84,"") -> 0 | F84: =_xlfn.IFERROR(E84-永炼取值!D84,"") -> 0 | G84: =_xlfn.IFERROR(IF(永炼取值!G84=0,"",永炼取值!G84),"") | H84: =_xlfn.IFERROR(永炼取值!H84,"") -> 0 | I84: =_xlfn.IFERROR(H84-永炼取值!G84,"") -> 0 | J84: 0 | K84: 0 | L84: =_xlfn.IFERROR(H84-K84,"") -> 0
B85: 6、醋酸仲丁酯收率 | C85: % | D85: =_xlfn.IFERROR(IF(永炼取值!D85=0,"",永炼取值!D85),"") | E85: =_xlfn.IFERROR(永炼取值!E85,"") -> 0 | F85: =_xlfn.IFERROR(E85-永炼取值!D85,"") -> 0 | G85: =_xlfn.IFERROR(IF(永炼取值!G85=0,"",永炼取值!G85),"") | H85: =_xlfn.IFERROR(永炼取值!H85,"") -> 0 | I85: =_xlfn.IFERROR(H85-永炼取值!G85,"") -> 0 | J85: 0 | K85: 0 | L85: =_xlfn.IFERROR(H85-K85,"") -> 0
B86: 7、聚丙烯装置收率 | C86: % | D86: =_xlfn.IFERROR(IF(永炼取值!D86=0,"",永炼取值!D86),"") | E86: =_xlfn.IFERROR(永炼取值!E86,"") -> 0 | F86: =_xlfn.IFERROR(E86-永炼取值!D86,"") -> 0 | G86: =_xlfn.IFERROR(IF(永炼取值!G86=0,"",永炼取值!G86),"") | H86: =_xlfn.IFERROR(永炼取值!H86,"") -> 0 | J86: 0 | K86: 0 | L86: =_xlfn.IFERROR(H86-K86,"") -> 0
B87: 8、汽油加氢精制总收率 | C87: % | D87: 98.5 | E87: =_xlfn.IFERROR(永炼取值!E87,"") -> 98.936003 | F87: =_xlfn.IFERROR(E87-永炼取值!D87,"") -> 0.43600283 | G87: 98.5 | H87: =_xlfn.IFERROR(永炼取值!H87,"") -> 98.905084 | I87: =_xlfn.IFERROR(H87-永炼取值!G87,"") -> 0.4050838 | J87: 98.908305 | K87: 98.887917 | L87: =_xlfn.IFERROR(H87-K87,"") -> 0.017167
B88: 9、柴油加氢精制总收率 | C88: % | D88: 98.7 | E88: =_xlfn.IFERROR(永炼取值!E88,"") -> 99.222772 | F88: =_xlfn.IFERROR(E88-永炼取值!D88,"") -> 0.52277228 | G88: 98.7 | H88: =_xlfn.IFERROR(永炼取值!H88,"") -> 99.116317 | I88: =_xlfn.IFERROR(H88-永炼取值!G88,"") -> 0.41631693 | J88: 99.036119 | K88: 99.006028 | L88: =_xlfn.IFERROR(H88-K88,"") -> 0.11028917
B89: 10、苯乙烯收率 | C89: %
B90: 备注
B94: 主管领导： | C94: 郝新宇 | D94: 部门负责人： | F94: 郝新宇 | G94: 审核人： | H94: 陈雄伟 | J94: 编制： | K94: 肖璇
C96: 郝新宇 | F96: 郝新宇 | H96: 陈雄伟 | K96: 肖璇

Sheet 永炼取值
B1: 炼化公司生产月报表（永炼）
B2: 填报单位：炼化公司 | C2: =#REF! | J2: 陕油统 炼化B-401
B3: 指标名称 | C3: 单位 | D3: 本月生产 | G3: 本年生产 | J3: 去年同期 | L3: 同比 增长
D4: 月计划 | E4: 月完成 | F4: 完成率% | G4: 年计划 | H4: 年完成 | I4: 完成率% | J4: 本月 | K4: 本年
B5: 一、装置加工量
B6: 1、原料油（气）加工量 | C6: 吨
B7: 其中：原油 | C7: 吨 | D7: 240000 | E7: =E96 -> 252343 | F7: =E7/#REF!*100 | G7: 3700000 | H7: =H96 -> 3486701 | I7: =H7/#REF!*100 | J7: =J96 -> 330378 | K7: =K96 -> 2974894 | L7: =H7-K7 -> 511807
B8: 甲醇 | C8: 吨
B9: MTBE | C9: 吨 | E9: =E100 -> 359 | G9: 20000 | H9: =H100 -> 22384 | J9: =J100 -> 392 | K9: =K100 -> 3991 | L9: =H9-K9 -> 18393
B10: 1#渣油 | C10: 吨
B11: 裂解石脑油 | C11: 吨
B12: 上古液化气 | C12: 吨 | E12: =E102 -> 0 | H12: =H102 -> 0 | J12: =J102 -> 0 | K12: =K102 -> 0
B13: 醋酸 | C13: 吨
B14: 异辛烷组分 | C14: 吨 | E14: =E104 -> 0 | H14: =H104 -> 0 | J14: =J104 -> 0 | K14: =K104 -> 0
B15: 异丁烷 | C15: 吨
B16: 2、常压装置加工量 | C16: 吨 | E16: =E98 -> 252343 | H16: =SUM(H98:H99) -> 3486701 | J16: =SUM(J98:J99) -> 330378 | K16: =SUM(K98:K99) -> 2974894
B17: 原油加工量 | C17: 吨 | D17: 240000 | E17: =E16 -> 252343 | F17: =E17/#REF!*100 | G17: 3700000 | H17: =H16 -> 3486701 | I17: =H17/#REF!*100 | J17: =J16 -> 330378 | K17: =K16 -> 2974894 | L17: =H17-K17 -> 511807
B18: 其中：进口原油加工量 | C18: 吨 | H18: =H207 -> 0 | J18: =J207 -> 0 | K18: =K207 -> 0
B19: 3、催化装置加工量 | C19: 吨 | E19: =E106 -> 103741 | H19: =SUM(H106:H107) -> 1239613 | J19: =SUM(J106:J107) -> 115149 | K19: =SUM(K106:K107) -> 953245 | L19: =H19-K19 -> 286368
B20: 其中：1#渣油加工量 | C20: 吨 | D20: 96000 | E20: =E109 -> 96093 | F20: =E20/#REF!*100 | G20: 1120000 | H20: =H109 -> 1140974 | I20: =H20/#REF!*100 | J20: =J109 -> 109008 | K20: =K109 -> 899933 | L20: =H20-K20 -> 241041
B21: 4、重整装置处理量 | C21: 吨 | D21: 16500 | E21: =E111 -> 18360 | F21: =E21/#REF!*100 | G21: 190000 | H21: =H111 -> 208122 | I21: =H21/#REF!*100 | J21: =J111 -> 18222 | K21: =K111 -> 168339 | L21: =H21-K21 -> 39783
B22: 5、DCC石脑油加氢处理量 | C22: 吨
B23: 6、DCC裂解轻油加氢处理量 | C23: 吨
B24: 7、汽油加氢精制处理量 | C24: 吨 | D24: 47000 | E24: =E113 -> 50846 | F24: =E24/#REF!*100 | G24: 550000 | H24: =_xlfn.IFERROR(H113,"") -> 610823 | I24: =H24/#REF!*100 | J24: =J113 -> 55968 | K24: =K113 -> 478921 | L24: =H24-K24 -> 131902
B25: 8、柴油加氢精制处理量 | C25: 吨 | D25: 90000 | E25: =E115 -> 101000 | F25: =E25/#REF!*100 | G25: 1330000 | H25: =SUM(H115:H116) -> 1302390 | I25: =H25/#REF!*100 | J25: =SUM(J115:J116) -> 123978 | K25: =SUM(K115:K116) -> 1079507 | L25: =H25-K25 -> 222883
B26: 9、气分装置加工量 | C26: 吨
B27: 10、航煤装置处理量 | C27: 吨 | E27: =E117 -> 13271 | G27: 105263 | H27: =H117 -> 166965 | I27: =H27/#REF!*100 | J27: =J117 -> 12597 | K27: =K117 -> 127693
B28: 11、烷基化装置处理量 | C28: 吨
B29: 12、混合脱氢装置处理量 | C29: 吨
B30: 二、油气产品产销量
B31: 1、汽油产量 | C31: 吨 | D31: 76000 | E31: =E32+E33+E34 -> 76027 | F31: =E31/#REF!*100 | G31: 660810 | H31: =H32+H33+H34 -> 889792 | I31: =H31/#REF!*100 | J31: =J32+J33+J34 -> 79776 | K31: =K32+K33+K34 -> 695518 | L31: =H31-K31 -> 194274
B32: ⑴ 92#VI | C32: 吨 | E32: =E119 -> 76027 | F32: =E32/#REF!*100 | G32: 660810 | H32: =H119 -> 889792 | I32: =H32/#REF!*100 | J32: =J119 -> 79776 | K32: =K119 -> 695518 | L32: =H32-K32 -> 194274
B33: ⑵ 95#VI | C33: 吨
B34: ⑶ 98#Ⅵ | C34: 吨
B35: 2、柴油产量 | C35: 吨 | D35: 81000 | E35: =E36+E37+E38+E39+E40 -> 94831 | F35: =E35/#REF!*100 | G35: 1270429 | H35: =H36+H37+H38+H39+H40 -> 1242223 | I35: =H35/#REF!*100 | J35: =J36+J37+J38+J39+J40 -> 112486 | K35: =K36+K37+K38+K39+K40 -> 999335 | L35: =H35-K35 -> 242888
B36: ⑴ 军用柴油 | C36: 吨
B37: ⑵ 0#VI | C37: 吨 | E37: =E121 -> 69912 | H37: =SUM(H121:H122) -> 1179895 | I37: =H37/#REF!*100 | J37: =J121 -> 92630 | K37: =K121 -> 946077 | L37: =H37-K37 -> 233818
B38: ⑶ -10#VI | C38: 吨
B39: ⑷ -20#VI | C39: 吨 | D39: 20000 | E39: =E124 -> 24919 | H39: =SUM(H124:H125) -> 62328 | I39: =H39/#REF!*100 | J39: =SUM(J124:J125) -> 19856 | K39: =SUM(K124:K125) -> 53258 | L39: =H39-K39 -> 9070
B40: ⑸ -35#VI | C40: 吨
B41: 3、3#喷气燃料销量（航煤） | C41: 吨 | E41: =E127 -> 3449 | F41: =E41/#REF!*100 | G41: 100000 | H41: =H127 -> 92927.94 | I41: =H41/#REF!*100 | J41: =J127 -> 7049 | K41: =K127 -> 80926.26 | L41: =H41-K41 -> 12001.68
B42: 4.石脑油销售量 | C42: 吨 | D42: =_xlfn.IFERROR(D43+D44+D45,"") -> 5500 | E42: =E43+E44+E45 -> 9136 | F42: =E42/#REF!*100 | H42: =H43+H44+H45 -> 81679.14 | I42: =H42/#REF!*100 | J42: =J43+J44+J45 -> 6972 | K42: =K43+K44+K45 -> 65902 | L42: =H42-K42 -> 15777.14
B43: ⑴ 石脑油Ⅰ | C43: 吨 | D43: 0 | E43: =E205 -> 2428 | G43: 17918 | H43: =H205 -> 12811.74 | J43: =J205 -> 0 | K43: =K205 -> 0 | L43: =H43-K43 -> 12811.74
B44: ⑵ 石脑油Ⅱ | C44: 吨 | D44: 5500 | E44: =E129 -> 6708 | F44: =E44/#REF!*100 | G44: 70300 | H44: =H129 -> 68867.4 | I44: =H44/#REF!*100 | J44: =J129 -> 6972 | K44: =K129 -> 65902 | L44: =H44-K44 -> 2965.4
B45: ⑶ 石脑油Ⅲ | C45: 吨
B46: 5、液化气销量 | C46: 吨 | D46: =_xlfn.IFERROR(D47+D48+D49+D50,"") -> 0 | E46: =SUM(E47:E50) -> 0 | G46: 2750 | H46: =SUM(H47:H50) -> 0 | I46: =H46/#REF!*100 | J46: =J47+J48+J49+J50 -> 0 | K46: =K47+K48+K49+K50 -> 0 | L46: =H46-K46 -> 0
B47: ⑴ 催化液化气 | C47: 吨 | E47: =E131 -> 0 | H47: =H131 -> 0 | J47: =J131 -> 0 | K47: =K131 -> 0 | L47: =H47-K47 -> 0
B48: ⑵ 醚后碳四 | C48: 吨
B49: ⑶ 民用液化气 | C49: 吨
B50: ⑷ 正丁烷 | C50: 吨
B51: 6、1#渣油销量（供榆能化） | C51: 吨 | D51: 30000 | E51: =E133 -> 35524 | H51: =H133 -> 475773 | I51: =H51/#REF!*100 | J51: =J133 -> 59234 | K51: =K133 -> 585397 | L51: =H51-K51 -> -109624
B52: 7、2#渣油销量 | C52: 吨 | D52: 2300 | E52: =E135 -> 1282 | F52: =E52/#REF!*100 | G52: 15680 | H52: =H135 -> 6464 | I52: =H52/#REF!*100 | J52: =J135 -> 2032 | K52: =K135 -> 13396 | L52: =H52-K52 -> -6932
B53: 8、聚丙烯产量 | C53: 吨
B54: 9、苯乙烯产量 | C54: 吨
B55: 10、苯销量 | C55: 吨
B56: 11、二甲苯销量 | C56: 吨
B57: 12、醋酸仲丁酯销量 | C57: 吨
B58: 13、精制硫磺销量 | C58: 吨
B59: 14、粗硫磺销量 | C59: 吨 | E59: =E137 -> 236.26 | H59: =H137 -> 3295.16 | J59: =J137 -> 275 | K59: =K137 -> 2150 | L59: =H59-K59 -> 1145.16
B60: 15、丙烯销量 | C60: 吨
B61: 16、硫酸铵销量 | C61: 吨
B62: 17、异辛烷组分产量 | C62: 吨
B63: 18、异辛烷组分销量 | C63: 吨
B64: 19、MTBE产量 | C64: 吨
B65: 20、MTBE销量 | C65: 吨
B66: 21、液氨销量 | C66: 吨
B67: 22、3#喷气燃料产量 | C67: 吨 | J67: =J196-J197 -> -5335 | K67: =K196-K197 -> -16271
B68: 三、综合指标
B69: 1、成品油产量(汽油+柴油+航煤) | C69: 吨 | D69: =_xlfn.IFERROR(D31+D35+D41,"") -> 157000 | E69: =E31+E35+E41 -> 174307 | F69: =E69/#REF!*100 | G69: =_xlfn.IFERROR(G31+G35+G41,"") -> 2031239 | H69: =H31+H35+H41 -> 2224942.9 | I69: =H69/#REF!*100 | J69: =J31+J35+J41 -> 199311 | K69: =K31+K35+K41 -> 1775779.3 | L69: =H69-K69 -> 449163.68
B70: 2、综合商品量 | C70: 吨 | D70: 224000 | E70: =_xlfn.IFERROR(E194,"") -> 259963.26 | F70: =E70/#REF!*100 | G70: 3511047 | H70: =_xlfn.IFERROR(H194,"") -> 3444219.6 | I70: =H70/#REF!*100 | J70: =_xlfn.IFERROR(J194,"") -> 320677 | K70: =_xlfn.IFERROR(K194,"") -> 2924408 | L70: =H70-K70 -> 519811.56
B71: 3、综合商品率 | C71: % | D71: 94 | E71: =E180/E181*100 -> 94.555033 | F71: =E71-#REF! | G71: 94.89 | H71: =H180/H181*100 -> 94.814551 | I71: =H71-#REF! | J71: =J180/J181*100 -> 95.123309 | K71: =K180/K181*100 -> 95.108528 | L71: =H71-K71 -> -0.29397714
B72: 4、综合自用率 | C72: % | D72: 5 | E72: =E184/E185*100 -> 4.7096725 | F72: =E72-#REF! | G72: 3.91 | H72: =H184/H185*100 -> 4.4504288 | I72: =H72-#REF! | J72: =J184/J185*100 -> 4.1453616 | K72: =K184/K185*100 -> 4.1597531 | L72: =H72-K72 -> 0.29067569
B73: 5、综合加工损失率 | C73: % | D73: 1 | E73: =E187/E188*100 -> 0.7349151 | F73: =E73-#REF! | G73: 1.2 | H73: =H187/H188*100 -> 0.73497371 | I73: =H73-#REF! | J73: =J187/J188*100 -> 0.73103992 | K73: =K187/K188*100 -> 0.73129979 | L73: =H73-K73 -> 0.0036739155
B74: 6、炼油综合能耗 | C74: kg标油/t | D74: 63 | E74: =(E154*1000)/E155 -> 55.652307 | F74: =E74-#REF! | G74: 55 | H74: =H154*1000/H155 -> 47.489237 | I74: =H74-#REF! | J74: =(J154*1000)/J155 -> 46.853907 | K74: =(K154*1000)/K155 -> 53.01977 | L74: =H74-K74/100 -> 46.959039
B75: 7、丙烯单耗 | C75: t/t | D75: 0
B76: 8、石油产品出厂合格率 | C76: % | D76: 100 | E76: =_xlfn.IFERROR(E199/E200*100,"") -> 100 | F76: =E76-#REF! | G76: 100 | H76: =_xlfn.IFERROR(H199/H200*100,"") -> 100 | I76: =H76-#REF! | J76: =_xlfn.IFERROR(J199/J200*100,"") -> 100 | K76: =_xlfn.IFERROR(K199/K200*100,"") -> 100 | L76: =H76-K76 -> 0
B77: 四、装置收率
B78: 1、常压装置轻质油收率 | C78: % | D78: 47.79 | E78: =E157/E158*100 -> 49.661374 | F78: =E78-#REF! | G78: 47.79 | H78: =H157/H158*100 -> 48.604082 | I78: =H78-#REF! | J78: =J157/J158*100 -> 48.130626 | K78: =K157/K158*100 -> 48.198524 | L78: =H78-K78 -> 0.40555758
B79: 2、催化装置汽柴液总收率 | C79: % | D79: =_xlfn.IFERROR(D80+D81,"") -> 86.76 | E79: =E160/E161*100 -> 87.190214 | F79: =E79-#REF! | G79: 86.56 | H79: =H160/H161*100 -> 87.170754 | I79: =H79-#REF! | J79: =J160/J161*100 -> 86.971663 | K79: =K160/K161*100 -> 86.960016 | L79: =H79-K79 -> 0.21073857
B80: 其中：催化装置轻质油收率 | C80: % | D80: 70.36 | E80: =E163/E164*100 -> 70.555518 | F80: =E80-#REF! | G80: 68.76 | H80: =H163/H164*100 -> 70.190455 | I80: =H80-#REF! | J80: =J163/J164*100 -> 69.489965 | K80: =K163/K164*100 -> 68.758923 | L80: =H80-K80 -> 1.4315311
B81: 催化装置液化气收率 | C81: % | D81: 16.4 | E81: =E166/E167*100 -> 16.634696 | F81: =E81-#REF! | G81: 17.8 | H81: =H166/H167*100 -> 16.980299 | I81: =H81-#REF! | J81: =J166/J167*100 -> 17.481698 | K81: =K166/K167*100 -> 18.201092 | L81: =H81-K81 -> -1.2207926
B82: 3、重整装置总收率 | C82: % | D82: 92.9 | E82: =E169/E170*100 -> 93.409586 | F82: =E82-#REF! | G82: 92.9 | H82: =H169/H170*100 -> 93.403869 | I82: =H82-#REF! | J82: =J169/J170*100 -> 93.337724 | K82: =K169/K170*100 -> 93.332502 | L82: =H82-K82 -> 0.071367206
B83: 4、气体分馏装置丙烯收率 | C83: % | E83: . | H83: . | J83: . | K83: .
B84: 5、MTBE装置MTBE收率 | C84: %
B85: 6、醋酸仲丁酯收率 | C85: %
B86: 7、聚丙烯装置收率 | C86: %
B87: 8、汽油加氢精制总收率 | C87: % | D87: 98.5 | E87: =E172/E173*100 -> 98.936003 | F87: =E87-#REF! | G87: 98.5 | H87: =H172/H173*100 -> 98.905084 | I87: =H87-#REF! | J87: =J172/J173*100 -> 98.908305 | K87: =K172/K173*100 -> 98.887917 | L87: =H87-K87 -> 0.017167
B88: 9、柴油加氢精制总收率 | C88: % | D88: 98.7 | E88: =E175/E176*100 -> 99.222772 | F88: =E88-#REF! | G88: 98.7 | H88: =H175/H176*100 -> 99.116317 | I88: =H88-#REF! | J88: =J175/J176*100 -> 99.036119 | K88: =K175/K176*100 -> 99.006028 | L88: =H88-K88 -> 0.11028917
B93: 主管领导：段子明 | C93: 部门负责人：王震 | G93: 审核人：陈雄伟 | K93: 编制：程清明
E96: 252343 | H96: 3486701 | J96: 330378 | K96: 2974894
E98: 252343 | H98: 3486701 | J98: 330378 | K98: 2974894
E100: 359 | H100: 22384 | J100: 392 | K100: 3991
E106: 103741 | H106: 1239613 | J106: 115149 | K106: 953245
E109: 96093 | H109: 1140974 | J109: 109008 | K109: 899933
E111: 18360 | H111: 208122 | J111: 18222 | K111: 168339
E113: 50846 | H113: 610823 | J113: 55968 | K113: 478921
E115: 101000 | H115: 1302390 | J115: 123978 | K115: 1079507
E117: 13271 | H117: 166965 | J117: 12597 | K117: 127693
E119: 76027 | H119: 889792 | J119: 79776 | K119: 695518
E121: 69912 | H121: 1179895 | J121: 92630 | K121: 946077
...

Sheet 榆炼月报表
B1: 炼化公司生产月报表（榆炼）
B2: 填报单位：炼化公司 | C2: 2025-11 | J2: 陕油统 炼化B-401
B3: 指标名称 | C3: 单位 | D3: 本月生产 | G3: 本年生产 | J3: 去年同期 | L3: 同比 增长
D4: 月计划 | E4: 月完成 | F4: 完成率% | G4: 年计划 | H4: 年完成 | I4: 完成率% | J4: 本月 | K4: 本年
B5: 一、装置加工量
B6: 1、原料油（气）加工量 | C6: 吨 | D6: =_xlfn.IFERROR(IF(榆炼取值!D6=0,"",榆炼取值!D6),"") | E6: =_xlfn.IFERROR(SUM(E7:E15),"") -> 556890 | G6: =_xlfn.IFERROR(IF(榆炼取值!G6=0,"",榆炼取值!G6),"") | H6: =_xlfn.IFERROR(SUM(H7:H15),"") -> 4627070 | J6: 438402 | K6: 5230269 | L6: =_xlfn.IFERROR(H6-K6,"") -> -603199
B7: 其中：原油 | C7: 吨 | D7: 515000 | E7: =_xlfn.IFERROR(榆炼取值!E7,"") -> 550368 | F7: =_xlfn.IFERROR(E7/榆炼取值!D7*100,"") -> 106.86757 | G7: 5100000 | H7: =_xlfn.IFERROR(榆炼取值!H7,"") -> 4553852 | I7: =_xlfn.IFERROR(H7/榆炼取值!G7*100,"") -> 89.291216 | J7: 433198 | K7: 5100900 | L7: =_xlfn.IFERROR(H7-K7,"") -> -547048
B8: 甲醇 | C8: 吨 | D8: =_xlfn.IFERROR(IF(榆炼取值!D8=0,"",榆炼取值!D8),"") | E8: =_xlfn.IFERROR(榆炼取值!E8,"") -> 0 | F8: =_xlfn.IFERROR(E8/榆炼取值!D8*100,"") | G8: =_xlfn.IFERROR(IF(榆炼取值!G8=0,"",榆炼取值!G8),"") | H8: =_xlfn.IFERROR(榆炼取值!H8,"") -> 0 | I8: =_xlfn.IFERROR(H8/榆炼取值!G8*100,"") | J8: 0 | K8: 0 | L8: =_xlfn.IFERROR(H8-K8,"") -> 0
B9: MTBE | C9: 吨 | D9: =_xlfn.IFERROR(IF(榆炼取值!D9=0,"",榆炼取值!D9),"") | E9: =_xlfn.IFERROR(榆炼取值!E9,"") -> 6041 | F9: =_xlfn.IFERROR(E9/榆炼取值!D9*100,"") | G9: 40000 | H9: =_xlfn.IFERROR(榆炼取值!H9,"") -> 72737 | I9: =_xlfn.IFERROR(H9/榆炼取值!G9*100,"") -> 181.8425 | J9: 5204 | K9: 63651 | L9: =_xlfn.IFERROR(H9-K9,"") -> 9086
B10: 1#渣油 | C10: 吨 | D10: =_xlfn.IFERROR(IF(榆炼取值!D10=0,"",榆炼取值!D10),"") | E10: =_xlfn.IFERROR(榆炼取值!E10,"") -> 0 | F10: =_xlfn.IFERROR(E10/榆炼取值!D10*100,"") | G10: =_xlfn.IFERROR(IF(榆炼取值!G10=0,"",榆炼取值!G10),"") | H10: =_xlfn.IFERROR(榆炼取值!H10,"") -> 0 | I10: =_xlfn.IFERROR(H10/榆炼取值!G10*100,"") | J10: 0 | K10: 0 | L10: =_xlfn.IFERROR(H10-K10,"") -> 0
B11: 裂解石脑油 | C11: 吨 | D11: =_xlfn.IFERROR(IF(榆炼取值!D11=0,"",榆炼取值!D11),"") | E11: =_xlfn.IFERROR(榆炼取值!E11,"") -> 481 | F11: =_xlfn.IFERROR(E11/榆炼取值!D11*100,"") | G11: =_xlfn.IFERROR(IF(榆炼取值!G11=0,"",榆炼取值!G11),"") | H11: =_xlfn.IFERROR(榆炼取值!H11,"") -> 481 | I11: =_xlfn.IFERROR(H11/榆炼取值!G11*100,"") | J11: 0 | K11: 65718 | L11: =_xlfn.IFERROR(H11-K11,"") -> -65237
B12: 上古液化气 | C12: 吨 | D12: =_xlfn.IFERROR(IF(榆炼取值!D12=0,"",榆炼取值!D12),"") | E12: =_xlfn.IFERROR(榆炼取值!E12,"") -> 0 | F12: =_xlfn.IFERROR(E12/榆炼取值!D12*100,"") | G12: =_xlfn.IFERROR(IF(榆炼取值!G12=0,"",榆炼取值!G12),"") | H12: =_xlfn.IFERROR(榆炼取值!H12,"") -> 0 | I12: =_xlfn.IFERROR(H12/榆炼取值!G12*100,"") | J12: 0 | K12: 0 | L12: =_xlfn.IFERROR(H12-K12,"") -> 0
B13: 醋酸 | C13: 吨 | D13: =_xlfn.IFERROR(IF(榆炼取值!D13=0,"",榆炼取值!D13),"") | E13: =_xlfn.IFERROR(榆炼取值!E13,"") -> 0 | F13: =_xlfn.IFERROR(E13/榆炼取值!D13*100,"") | G13: =_xlfn.IFERROR(IF(榆炼取值!G13=0,"",榆炼取值!G13),"") | H13: =_xlfn.IFERROR(榆炼取值!H13,"") -> 0 | I13: =_xlfn.IFERROR(H13/榆炼取值!G13*100,"") | J13: 0 | K13: 0 | L13: =_xlfn.IFERROR(H13-K13,"") -> 0
B14: 异辛烷组分 | C14: 吨 | D14: =_xlfn.IFERROR(IF(榆炼取值!D14=0,"",榆炼取值!D14),"") | E14: =_xlfn.IFERROR(榆炼取值!E14,"") -> 0 | F14: =_xlfn.IFERROR(E14/榆炼取值!D14*100,"") | G14: =_xlfn.IFERROR(IF(榆炼取值!G14=0,"",榆炼取值!G14),"") | H14: =_xlfn.IFERROR(榆炼取值!H14,"") -> 0 | I14: =_xlfn.IFERROR(H14/榆炼取值!G14*100,"") | J14: 0 | K14: 0 | L14: =_xlfn.IFERROR(H14-K14,"") -> 0
B15: 异丁烷 | C15: 吨 | D15: =_xlfn.IFERROR(IF(榆炼取值!D15=0,"",榆炼取值!D15),"") | E15: =_xlfn.IFERROR(榆炼取值!E15,"") -> 0 | F15: =_xlfn.IFERROR(E15/榆炼取值!D15*100,"") | G15: =_xlfn.IFERROR(IF(榆炼取值!G15=0,"",榆炼取值!G15),"") | H15: =_xlfn.IFERROR(榆炼取值!H15,"") -> 0 | I15: =_xlfn.IFERROR(H15/榆炼取值!G15*100,"") | J15: 0 | K15: 0 | L15: =_xlfn.IFERROR(H15-K15,"") -> 0
B16: 2、常压装置加工量 | C16: 吨 | D16: =_xlfn.IFERROR(IF(榆炼取值!D16=0,"",榆炼取值!D16),"") | E16: =_xlfn.IFERROR(榆炼取值!E16,"") -> 550368 | F16: =_xlfn.IFERROR(E16/榆炼取值!D16*100,"") | G16: =_xlfn.IFERROR(IF(榆炼取值!G16=0,"",榆炼取值!G16),"") | H16: =_xlfn.IFERROR(榆炼取值!H16,"") -> 4553852 | I16: =_xlfn.IFERROR(H16/榆炼取值!G16*100,"") | J16: 433198 | K16: 5100900 | L16: =_xlfn.IFERROR(H16-K16,"") -> -547048 | M16: 原油
B17: 原油加工量 | C17: 吨 | D17: 515000 | E17: =_xlfn.IFERROR(榆炼取值!E17,"") -> 550368 | F17: =_xlfn.IFERROR(E17/榆炼取值!D17*100,"") -> 106.86757 | G17: 5100000 | H17: =_xlfn.IFERROR(榆炼取值!H17,"") -> 4553852 | I17: =_xlfn.IFERROR(H17/榆炼取值!G17*100,"") -> 89.291216 | J17: 433198 | K17: 5100900 | L17: =_xlfn.IFERROR(H17-K17,"") -> -547048 | M17: =E17 -> 550368 | N17: =H17 -> 4553852
B18: 其中：进口原油加工量 | C18: 吨 | D18: =_xlfn.IFERROR(IF(榆炼取值!D18=0,"",榆炼取值!D18),"") | E18: 0 | F18: =_xlfn.IFERROR(E18/榆炼取值!D18*100,"") | G18: =_xlfn.IFERROR(IF(榆炼取值!G18=0,"",榆炼取值!G18),"") | H18: 0 | I18: =_xlfn.IFERROR(H18/榆炼取值!G18*100,"") | J18: 0 | K18: 0 | L18: =_xlfn.IFERROR(H18-K18,"") -> 0
B19: 3、催化装置加工量 | C19: 吨 | D19: =_xlfn.IFERROR(IF(榆炼取值!D19=0,"",榆炼取值!D19),"") | E19: =_xlfn.IFERROR(榆炼取值!E19,"") -> 174870 | F19: =_xlfn.IFERROR(E19/榆炼取值!D19*100,"") | G19: =_xlfn.IFERROR(IF(榆炼取值!G19=0,"",榆炼取值!G19),"") | H19: =_xlfn.IFERROR(榆炼取值!H19,"") -> 1591516 | I19: =_xlfn.IFERROR(H19/榆炼取值!G19*100,"") | J19: 153134 | K19: 1667450 | L19: =_xlfn.IFERROR(H19-K19,"") -> -75934
B20: 其中：1#渣油加工量 | C20: 吨 | D20: 141000 | E20: =_xlfn.IFERROR(榆炼取值!E20,"") -> 171606 | F20: =_xlfn.IFERROR(E20/榆炼取值!D20*100,"") -> 121.70638 | G20: 1780000 | H20: =_xlfn.IFERROR(榆炼取值!H20,"") -> 1575046 | I20: =_xlfn.IFERROR(H20/榆炼取值!G20*100,"") -> 88.48573 | J20: 149057 | K20: 1626265 | L20: =_xlfn.IFERROR(H20-K20,"") -> -51219 | M20: =E20 -> 171606 | N20: =H20 -> 1575046
B21: 4、重整装置处理量 | C21: 吨 | D21: 84000 | E21: =_xlfn.IFERROR(榆炼取值!E21,"") -> 110093 | F21: =_xlfn.IFERROR(E21/榆炼取值!D21*100,"") -> 131.0631 | G21: 950000 | H21: =_xlfn.IFERROR(榆炼取值!H21,"") -> 907947 | I21: =_xlfn.IFERROR(H21/榆炼取值!G21*100,"") -> 95.573368 | J21: 93966 | K21: 1019022 | L21: =_xlfn.IFERROR(H21-K21,"") -> -111075
B22: 5、DCC石脑油加氢处理量 | C22: 吨 | D22: =_xlfn.IFERROR(IF(榆炼取值!D22=0,"",榆炼取值!D22),"") | E22: =_xlfn.IFERROR(榆炼取值!E22,"") -> 0 | F22: =_xlfn.IFERROR(E22/榆炼取值!D22*100,"") | G22: =_xlfn.IFERROR(IF(榆炼取值!G22=0,"",榆炼取值!G22),"") | H22: =_xlfn.IFERROR(榆炼取值!H22,"") -> 0 | I22: =_xlfn.IFERROR(H22/榆炼取值!G22*100,"") | J22: 0 | K22: 80968 | L22: =_xlfn.IFERROR(H22-K22,"") -> -80968
B23: 6、DCC裂解轻油加氢处理量 | C23: 吨 | D23: =_xlfn.IFERROR(IF(榆炼取值!D23=0,"",榆炼取值!D23),"") | E23: =_xlfn.IFERROR(榆炼取值!E23,"") -> 0 | F23: =_xlfn.IFERROR(E23/榆炼取值!D23*100,"") | G23: =_xlfn.IFERROR(IF(榆炼取值!G23=0,"",榆炼取值!G23),"") | H23: =_xlfn.IFERROR(榆炼取值!H23,"") -> 0 | I23: =_xlfn.IFERROR(H23/榆炼取值!G23*100,"") | J23: 0 | K23: 0 | L23: =_xlfn.IFERROR(H23-K23,"") -> 0
B24: 7、汽油加氢精制处理量 | C24: 吨 | D24: 67000 | E24: =_xlfn.IFERROR(榆炼取值!E24,"") -> 99150 | F24: =_xlfn.IFERROR(E24/榆炼取值!D24*100,"") -> 147.98507 | G24: 880000 | H24: =_xlfn.IFERROR(榆炼取值!H24,"") -> 769527 | I24: =_xlfn.IFERROR(H24/榆炼取值!G24*100,"") -> 87.44625 | J24: 75564 | K24: 823073 | L24: =_xlfn.IFERROR(H24-K24,"") -> -53546
B25: 8、柴油加氢精制处理量 | C25: 吨 | D25: 177000 | E25: =_xlfn.IFERROR(榆炼取值!E25,"") -> 202494 | F25: =_xlfn.IFERROR(E25/榆炼取值!D25*100,"") -> 114.40339 | G25: 1800000 | H25: =_xlfn.IFERROR(榆炼取值!H25,"") -> 1736966 | I25: =_xlfn.IFERROR(H25/榆炼取值!G25*100,"") -> 96.498111 | J25: 172264 | K25: 1933004 | L25: =_xlfn.IFERROR(H25-K25,"") -> -196038
B26: 9、气分装置加工量 | C26: 吨 | D26: =_xlfn.IFERROR(IF(榆炼取值!D26=0,"",榆炼取值!D26),"") | E26: =_xlfn.IFERROR(榆炼取值!E26,"") -> 0 | F26: =_xlfn.IFERROR(E26/榆炼取值!D26*100,"") | G26: =_xlfn.IFERROR(IF(榆炼取值!G26=0,"",榆炼取值!G26),"") | H26: =_xlfn.IFERROR(榆炼取值!H26,"") -> 0 | I26: =_xlfn.IFERROR(H26/榆炼取值!G26*100,"") | J26: 0 | K26: 0 | L26: =_xlfn.IFERROR(H26-K26,"") -> 0
B27: 10、航煤装置处理量 | C27: 吨 | D27: =_xlfn.IFERROR(IF(榆炼取值!D27=0,"",榆炼取值!D27),"") | E27: =_xlfn.IFERROR(榆炼取值!E27,"") -> 28452 | F27: =_xlfn.IFERROR(E27/榆炼取值!D27*100,"") | G27: 263158 | H27: =_xlfn.IFERROR(榆炼取值!H27,"") -> 252643 | I27: =_xlfn.IFERROR(H27/榆炼取值!G27*100,"") -> 96.004302 | J27: =_xlfn.IFERROR(榆炼取值!J27,"") -> 24702 | K27: =_xlfn.IFERROR(榆炼取值!K27,"") -> 289635 | L27: =_xlfn.IFERROR(H27-K27,"") -> -36992
B28: 11、烷基化装置处理量 | C28: 吨 | D28: =_xlfn.IFERROR(IF(榆炼取值!D28=0,"",榆炼取值!D28),"") | E28: =_xlfn.IFERROR(榆炼取值!E28,"") -> 0 | F28: =_xlfn.IFERROR(E28/榆炼取值!D28*100,"") | G28: =_xlfn.IFERROR(IF(榆炼取值!G28=0,"",榆炼取值!G28),"") | H28: =_xlfn.IFERROR(榆炼取值!H28,"") -> 0 | I28: =_xlfn.IFERROR(H28/榆炼取值!G28*100,"") | J28: 0 | K28: 0 | L28: =_xlfn.IFERROR(H28-K28,"") -> 0
B29: 12、混合脱氢装置处理量 | C29: 吨 | D29: =_xlfn.IFERROR(IF(榆炼取值!D29=0,"",榆炼取值!D29),"") | E29: =_xlfn.IFERROR(榆炼取值!E29,"") -> 0 | F29: =_xlfn.IFERROR(E29/榆炼取值!D29*100,"") | G29: =_xlfn.IFERROR(IF(榆炼取值!G29=0,"",榆炼取值!G29),"") | H29: =_xlfn.IFERROR(榆炼取值!H29,"") -> 0 | I29: =_xlfn.IFERROR(H29/榆炼取值!G29*100,"") | J29: 0 | K29: 0 | L29: =_xlfn.IFERROR(H29-K29,"") -> 0
B30: 二、油气产品产销量
B31: 1、汽油产量 | C31: 吨 | D31: 170000 | E31: =_xlfn.IFERROR(榆炼取值!E31,"") -> 180869 | F31: =_xlfn.IFERROR(E31/榆炼取值!D31*100,"") -> 106.39353 | G31: 1500000 | H31: =_xlfn.IFERROR(榆炼取值!H31,"") -> 1520716 | I31: =_xlfn.IFERROR(H31/榆炼取值!G31*100,"") -> 101.38107 | J31: 142767 | K31: 1623821 | L31: =_xlfn.IFERROR(H31-K31,"") -> -103105 | M31: =E31 -> 180869 | N31: =H31 -> 1520716
B32: ⑴ 92#VI | C32: 吨 | D32: =_xlfn.IFERROR(IF(榆炼取值!D32=0,"",榆炼取值!D32),"") | E32: =_xlfn.IFERROR(榆炼取值!E32,"") -> 168869 | F32: =_xlfn.IFERROR(E32/榆炼取值!D32*100,"") | G32: 1305400 | H32: =_xlfn.IFERROR(榆炼取值!H32,"") -> 1350244 | I32: =_xlfn.IFERROR(H32/榆炼取值!G32*100,"") -> 103.43527 | J32: 122717 | K32: 1422443 | L32: =_xlfn.IFERROR(H32-K32,"") -> -72199
B33: ⑵ 95#VI | C33: 吨 | D33: =_xlfn.IFERROR(IF(榆炼取值!D33=0,"",榆炼取值!D33),"") | E33: =_xlfn.IFERROR(榆炼取值!E33,"") -> 12000 | F33: =_xlfn.IFERROR(E33/榆炼取值!D33*100,"") | G33: 194600 | H33: =_xlfn.IFERROR(榆炼取值!H33,"") -> 170472 | I33: =_xlfn.IFERROR(H33/榆炼取值!G33*100,"") -> 87.601233 | J33: 20050 | K33: 201378 | L33: =_xlfn.IFERROR(H33-K33,"") -> -30906
B34: ⑶ 98#Ⅵ | D34: =_xlfn.IFERROR(IF(榆炼取值!D34=0,"",榆炼取值!D34),"") | E34: =_xlfn.IFERROR(榆炼取值!E34,"") -> 0 | F34: =_xlfn.IFERROR(E34/榆炼取值!D34*100,"") | G34: =_xlfn.IFERROR(IF(榆炼取值!G34=0,"",榆炼取值!G34),"") | H34: =_xlfn.IFERROR(榆炼取值!H34,"") -> 0 | I34: =_xlfn.IFERROR(H34/榆炼取值!G34*100,"") | J34: 0 | K34: 0 | L34: =_xlfn.IFERROR(H34-K34,"") -> 0
B35: 2、柴油产量 | C35: 吨 | D35: 160000 | E35: =_xlfn.IFERROR(榆炼取值!E35,"") -> 169541 | F35: =_xlfn.IFERROR(E35/榆炼取值!D35*100,"") -> 105.96313 | G35: 1641452 | H35: =_xlfn.IFERROR(榆炼取值!H35,"") -> 1539988 | I35: =_xlfn.IFERROR(H35/榆炼取值!G35*100,"") -> 93.818643 | J35: 152928 | K35: 1736786 | L35: =_xlfn.IFERROR(H35-K35,"") -> -196798 | M35: =E35 -> 169541 | N35: =H35 -> 1539988
B36: ⑴ 军用柴油 | C36: 吨 | D36: =_xlfn.IFERROR(IF(榆炼取值!D36=0,"",榆炼取值!D36),"") | E36: =_xlfn.IFERROR(榆炼取值!E36,"") -> 0 | F36: =_xlfn.IFERROR(E36/榆炼取值!D36*100,"") | G36: =_xlfn.IFERROR(IF(榆炼取值!G36=0,"",榆炼取值!G36),"") | H36: =_xlfn.IFERROR(榆炼取值!H36,"") -> 0 | I36: =_xlfn.IFERROR(H36/榆炼取值!G36*100,"") | J36: 0 | K36: 0 | L36: =_xlfn.IFERROR(H36-K36,"") -> 0
B37: ⑵ 0#VI | C37: 吨 | D37: =_xlfn.IFERROR(IF(榆炼取值!D37=0,"",榆炼取值!D37),"") | E37: =_xlfn.IFERROR(榆炼取值!E37,"") -> 125230 | F37: =_xlfn.IFERROR(E37/榆炼取值!D37*100,"") | G37: =_xlfn.IFERROR(IF(榆炼取值!G37=0,"",榆炼取值!G37),"") | H37: =_xlfn.IFERROR(榆炼取值!H37,"") -> 1454677 | I37: =_xlfn.IFERROR(H37/榆炼取值!G37*100,"") | J37: 111439 | K37: 1677765 | L37: =_xlfn.IFERROR(H37-K37,"") -> -223088
B38: ⑶ -10#VI | C38: 吨 | D38: 30000 | E38: =_xlfn.IFERROR(榆炼取值!E38,"") -> 35700 | F38: =_xlfn.IFERROR(E38/榆炼取值!D38*100,"") -> 119 | G38: =_xlfn.IFERROR(IF(榆炼取值!G38=0,"",榆炼取值!G38),"") | H38: =_xlfn.IFERROR(榆炼取值!H38,"") -> 76700 | I38: =_xlfn.IFERROR(H38/榆炼取值!G38*100,"") | J38: 41489 | K38: 59021 | L38: =_xlfn.IFERROR(H38-K38,"") -> 17679
B39: ⑷ -20#VI | C39: 吨 | D39: =_xlfn.IFERROR(IF(榆炼取值!D39=0,"",榆炼取值!D39),"") | E39: =_xlfn.IFERROR(榆炼取值!E39,"") -> 8611 | F39: =_xlfn.IFERROR(E39/榆炼取值!D39*100,"") | G39: =_xlfn.IFERROR(IF(榆炼取值!G39=0,"",榆炼取值!G39),"") | H39: =_xlfn.IFERROR(榆炼取值!H39,"") -> 8611 | I39: =_xlfn.IFERROR(H39/榆炼取值!G39*100,"") | J39: 0 | K39: 0 | L39: =_xlfn.IFERROR(H39-K39,"") -> 8611
B40: ⑸ -35#VI | C40: 吨 | D40: =_xlfn.IFERROR(IF(榆炼取值!D40=0,"",榆炼取值!D40),"") | E40: =_xlfn.IFERROR(榆炼取值!E40,"") -> 0 | F40: =_xlfn.IFERROR(E40/榆炼取值!D40*100,"") | G40: =_xlfn.IFERROR(IF(榆炼取值!G40=0,"",榆炼取值!G40),"") | H40: =_xlfn.IFERROR(榆炼取值!H40,"") -> 0 | I40: =_xlfn.IFERROR(H40/榆炼取值!G40*100,"") | J40: 0 | K40: 0 | L40: =_xlfn.IFERROR(H40-K40,"") -> 0
B41: 3、3#喷气燃料销量（航煤） | C41: 吨 | D41: 18000 | E41: =_xlfn.IFERROR(榆炼取值!E41,"") -> 19594 | F41: =_xlfn.IFERROR(E41/榆炼取值!D41*100,"") -> 108.85556 | G41: =_xlfn.IFERROR(IF(榆炼取值!G41=0,"",榆炼取值!G41),"") | H41: =_xlfn.IFERROR(榆炼取值!H41,"") -> 229011 | I41: =_xlfn.IFERROR(H41/榆炼取值!G41*100,"") | J41: 24095 | K41: 262867 | L41: =_xlfn.IFERROR(H41-K41,"") -> -33856
B42: 4.石脑油销售量 | C42: 吨 | D42: =_xlfn.IFERROR(IF(榆炼取值!D42=0,"",榆炼取值!D42),"") | E42: =_xlfn.IFERROR(榆炼取值!E42,"") -> 0 | F42: =_xlfn.IFERROR(E42/榆炼取值!D42*100,"") | G42: =_xlfn.IFERROR(IF(榆炼取值!G42=0,"",榆炼取值!G42),"") | H42: =_xlfn.IFERROR(榆炼取值!H42,"") -> 0 | I42: =_xlfn.IFERROR(H42/榆炼取值!G42*100,"") | J42: 0 | K42: 0 | L42: =_xlfn.IFERROR(H42-K42,"") -> 0
B43: ⑴ 石脑油Ⅰ | C43: 吨 | D43: =_xlfn.IFERROR(IF(榆炼取值!D43=0,"",榆炼取值!D43),"") | E43: =_xlfn.IFERROR(榆炼取值!E43,"") -> 0 | F43: =_xlfn.IFERROR(E43/榆炼取值!D43*100,"") | G43: 62185 | H43: =_xlfn.IFERROR(榆炼取值!H43,"") -> 0 | I43: =_xlfn.IFERROR(H43/榆炼取值!#REF!*100,"") | J43: 0 | K43: 0 | L43: =_xlfn.IFERROR(H43-K43,"") -> 0
B44: ⑵ 石脑油Ⅱ | C44: 吨 | D44: =_xlfn.IFERROR(IF(榆炼取值!D44=0,"",榆炼取值!D44),"") | E44: =_xlfn.IFERROR(榆炼取值!E44,"") -> 0 | F44: =_xlfn.IFERROR(E44/榆炼取值!D44*100,"") | G44: =_xlfn.IFERROR(IF(榆炼取值!G44=0,"",榆炼取值!G44),"") | H44: =_xlfn.IFERROR(榆炼取值!H44,"") -> 0 | I44: =_xlfn.IFERROR(H44/榆炼取值!#REF!*100,"") | J44: 0 | K44: 0 | L44: =_xlfn.IFERROR(H44-K44,"") -> 0
B45: ⑶ 石脑油Ⅲ | C45: 吨 | D45: =_xlfn.IFERROR(IF(榆炼取值!D45=0,"",榆炼取值!D45),"") | E45: =_xlfn.IFERROR(榆炼取值!E45,"") -> 0 | F45: =_xlfn.IFERROR(E45/榆炼取值!D45*100,"") | G45: =_xlfn.IFERROR(IF(榆炼取值!G45=0,"",榆炼取值!G45),"") | H45: =_xlfn.IFERROR(榆炼取值!H45,"") -> 0 | I45: =_xlfn.IFERROR(H45/榆炼取值!#REF!*100,"") | J45: 0 | K45: 0 | L45: =_xlfn.IFERROR(H45-K45,"") -> 0
B46: 5、液化气销量 | C46: 吨 | D46: =_xlfn.IFERROR(IF(榆炼取值!D46=0,"",榆炼取值!D46),"") | E46: =_xlfn.IFERROR(榆炼取值!E46,"") -> 2540 | F46: =_xlfn.IFERROR(E46/榆炼取值!D46*100,"") | G46: =_xlfn.IFERROR(IF(榆炼取值!G46=0,"",榆炼取值!G46),"") | H46: =_xlfn.IFERROR(榆炼取值!H46,"") -> 78654 | I46: =_xlfn.IFERROR(H46/榆炼取值!G46*100,"") | J46: 9658 | K46: 57860 | L46: =_xlfn.IFERROR(H46-K46,"") -> 20794
B47: ⑴ 催化液化气 | C47: 吨 | D47: =_xlfn.IFERROR(IF(榆炼取值!D47=0,"",榆炼取值!D47),"") | E47: =_xlfn.IFERROR(榆炼取值!E47,"") -> 1467 | F47: =_xlfn.IFERROR(E47/榆炼取值!D47*100,"") | G47: =_xlfn.IFERROR(IF(榆炼取值!G47=0,"",榆炼取值!G47),"") | H47: =_xlfn.IFERROR(榆炼取值!H47,"") -> 40209 | I47: =_xlfn.IFERROR(H47/榆炼取值!G47*100,"") | J47: 6111 | K47: 41139 | L47: =_xlfn.IFERROR(H47-K47,"") -> -930
B48: ⑵ 醚后碳四 | C48: 吨 | D48: =_xlfn.IFERROR(IF(榆炼取值!D48=0,"",榆炼取值!D48),"") | E48: =_xlfn.IFERROR(榆炼取值!E48,"") -> 0 | F48: =_xlfn.IFERROR(E48/榆炼取值!D48*100,"") | G48: =_xlfn.IFERROR(IF(榆炼取值!G48=0,"",榆炼取值!G48),"") | H48: =_xlfn.IFERROR(榆炼取值!H48,"") -> 0 | I48: =_xlfn.IFERROR(H48/榆炼取值!G48*100,"") | J48: 0 | K48: 0 | L48: =_xlfn.IFERROR(H48-K48,"") -> 0
B49: ⑶ 民用液化气 | C49: 吨 | D49: =_xlfn.IFERROR(IF(榆炼取值!D49=0,"",榆炼取值!D49),"") | E49: =_xlfn.IFERROR(榆炼取值!E49,"") -> 1073 | F49: =_xlfn.IFERROR(E49/榆炼取值!D49*100,"") | G49: 32996 | H49: =_xlfn.IFERROR(榆炼取值!H49,"") -> 38445 | I49: =_xlfn.IFERROR(H49/榆炼取值!G49*100,"") -> 116.51412 | J49: 3547 | K49: 16721 | L49: =_xlfn.IFERROR(H49-K49,"") -> 21724
B50: ⑷ 正丁烷 | C50: 吨 | D50: =_xlfn.IFERROR(IF(榆炼取值!D50=0,"",榆炼取值!D50),"") | E50: =_xlfn.IFERROR(榆炼取值!E50,"") -> 0 | F50: =_xlfn.IFERROR(E50/榆炼取值!D50*100,"") | G50: =_xlfn.IFERROR(IF(榆炼取值!G50=0,"",榆炼取值!G50),"") | H50: =_xlfn.IFERROR(榆炼取值!H50,"") -> 0 | I50: =_xlfn.IFERROR(H50/榆炼取值!G50*100,"") | J50: 0 | K50: 0 | L50: =_xlfn.IFERROR(H50-K50,"") -> 0
B51: 6、1#渣油销量（供榆能化） | C51: 吨 | D51: 110000 | E51: =_xlfn.IFERROR(榆炼取值!E51,"") -> 93177 | F51: =_xlfn.IFERROR(E51/榆炼取值!D51*100,"") -> 84.706364 | G51: 500000 | H51: =_xlfn.IFERROR(榆炼取值!H51,"") -> 680848 | I51: =_xlfn.IFERROR(H51/榆炼取值!G51*100,"") -> 136.1696 | J51: 60056 | K51: 824602 | L51: =_xlfn.IFERROR(H51-K51,"") -> -143754
B52: 7、2#渣油销量 | C52: 吨 | D52: 3200 | E52: =_xlfn.IFERROR(榆炼取值!E52,"") -> 4742 | F52: =_xlfn.IFERROR(E52/榆炼取值!D52*100,"") -> 148.1875 | G52: 58740 | H52: =_xlfn.IFERROR(榆炼取值!H52,"") -> 56479.34 | I52: =_xlfn.IFERROR(H52/榆炼取值!G52*100,"") -> 96.151413 | J52: 4723.6 | K52: 57831.44 | L52: =_xlfn.IFERROR(H52-K52,"") -> -1352.1
B53: 8、聚丙烯产量 | C53: 吨 | D53: =_xlfn.IFERROR(IF(榆炼取值!D53=0,"",榆炼取值!D53),"") | E53: =_xlfn.IFERROR(榆炼取值!E53,"") -> 0 | F53: =_xlfn.IFERROR(E53/榆炼取值!D53*100,"") | G53: =_xlfn.IFERROR(IF(榆炼取值!G53=0,"",榆炼取值!G53),"") | H53: =_xlfn.IFERROR(榆炼取值!H53,"") -> 0 | I53: =_xlfn.IFERROR(H53/榆炼取值!G53*100,"") | J53: 0 | K53: 0 | L53: =_xlfn.IFERROR(H53-K53,"") -> 0
B54: 9、苯乙烯产量 | C54: 吨 | D54: =_xlfn.IFERROR(IF(榆炼取值!D54=0,"",榆炼取值!D54),"") | E54: =_xlfn.IFERROR(榆炼取值!E54,"") -> 0 | F54: =_xlfn.IFERROR(E54/榆炼取值!D54*100,"") | G54: =_xlfn.IFERROR(IF(榆炼取值!G54=0,"",榆炼取值!G54),"") | H54: =_xlfn.IFERROR(榆炼取值!H54,"") -> 0 | I54: =_xlfn.IFERROR(H54/榆炼取值!G54*100,"") | J54: 0 | K54: 0 | L54: =_xlfn.IFERROR(H54-K54,"") -> 0
B55: 10、苯销量 | C55: 吨 | D55: 4000 | E55: =_xlfn.IFERROR(榆炼取值!E55,"") -> 3671 | F55: =_xlfn.IFERROR(E55/榆炼取值!D55*100,"") -> 91.775 | G55: 29726 | H55: =_xlfn.IFERROR(榆炼取值!H55,"") -> 37648 | I55: =_xlfn.IFERROR(H55/榆炼取值!G55*100,"") -> 126.65007 | J55: 4036 | K55: 49569 | L55: =_xlfn.IFERROR(H55-K55,"") -> -11921
B56: 11、二甲苯销量 | C56: 吨 | D56: =_xlfn.IFERROR(IF(榆炼取值!D56=0,"",榆炼取值!D56),"") | E56: =_xlfn.IFERROR(榆炼取值!E56,"") -> 6938.88 | F56: =_xlfn.IFERROR(E56/榆炼取值!D56*100,"") | G56: 66500 | H56: =_xlfn.IFERROR(榆炼取值!H56,"") -> 6938.88 | I56: =_xlfn.IFERROR(H56/榆炼取值!G56*100,"") -> 10.434406 | J56: 5079.1 | K56: 49370.66 | L56: =_xlfn.IFERROR(H56-K56,"") -> -42431.78
B57: 12、醋酸仲丁酯销量 | C57: 吨 | D57: =_xlfn.IFERROR(IF(榆炼取值!D57=0,"",榆炼取值!D57),"") | E57: =_xlfn.IFERROR(榆炼取值!E57,"") -> 0 | F57: =_xlfn.IFERROR(E57/榆炼取值!D57*100,"") | G57: =_xlfn.IFERROR(IF(榆炼取值!G57=0,"",榆炼取值!G57),"") | H57: =_xlfn.IFERROR(榆炼取值!H57,"") -> 0 | I57: =_xlfn.IFERROR(H57/榆炼取值!G57*100,"") | J57: 0 | K57: 0 | L57: =_xlfn.IFERROR(H57-K57,"") -> 0
B58: 13、精制硫磺销量 | C58: 吨 | D58: =_xlfn.IFERROR(IF(榆炼取值!D58=0,"",榆炼取值!D58),"") | E58: =_xlfn.IFERROR(榆炼取值!E58,"") -> 666.74 | F58: =_xlfn.IFERROR(E58/榆炼取值!D58*100,"") | G58: 2000 | H58: =_xlfn.IFERROR(榆炼取值!H58,"") -> 5098.36 | I58: =_xlfn.IFERROR(H58/榆炼取值!G58*100,"") -> 254.918 | J58: 521.56 | K58: 6177.67 | L58: =_xlfn.IFERROR(H58-K58,"") -> -1079.31
B59: 14、粗硫磺销量 | C59: 吨 | D59: =_xlfn.IFERROR(IF(榆炼取值!D59=0,"",榆炼取值!D59),"") | E59: =_xlfn.IFERROR(榆炼取值!E59,"") -> 0 | F59: =_xlfn.IFERROR(E59/榆炼取值!D59*100,"") | G59: =_xlfn.IFERROR(IF(榆炼取值!G59=0,"",榆炼取值!G59),"") | H59: =_xlfn.IFERROR(榆炼取值!H59,"") -> 0 | I59: =_xlfn.IFERROR(H59/榆炼取值!G59*100,"") | J59: 0 | K59: 0 | L59: =_xlfn.IFERROR(H59-K59,"") -> 0
B60: 15、丙烯销量 | C60: 吨 | D60: =_xlfn.IFERROR(IF(榆炼取值!D60=0,"",榆炼取值!D60),"") | E60: =_xlfn.IFERROR(榆炼取值!E60,"") -> 0 | F60: =_xlfn.IFERROR(E60/榆炼取值!D60*100,"") | G60: =_xlfn.IFERROR(IF(榆炼取值!G60=0,"",榆炼取值!G60),"") | H60: =_xlfn.IFERROR(榆炼取值!H60,"") -> 0 | I60: =_xlfn.IFERROR(H60/榆炼取值!G60*100,"") | J60: 0 | K60: 0 | L60: =_xlfn.IFERROR(H60-K60,"") -> 0
B61: 16、硫酸铵销量 | C61: 吨 | D61: =_xlfn.IFERROR(IF(榆炼取值!D61=0,"",榆炼取值!D61),"") | E61: =_xlfn.IFERROR(榆炼取值!E61,"") -> 0 | F61: =_xlfn.IFERROR(E61/榆炼取值!D61*100,"") | G61: =_xlfn.IFERROR(IF(榆炼取值!G61=0,"",榆炼取值!G61),"") | H61: =_xlfn.IFERROR(榆炼取值!H61,"") -> 0 | I61: =_xlfn.IFERROR(H61/榆炼取值!G61*100,"") | J61: 0 | K61: 0 | L61: =_xlfn.IFERROR(H61-K61,"") -> 0
B62: 17、异辛烷组分产量 | C62: 吨 | D62: =_xlfn.IFERROR(IF(榆炼取值!D62=0,"",榆炼取值!D62),"") | E62: =_xlfn.IFERROR(榆炼取值!E62,"") -> 0 | F62: =_xlfn.IFERROR(E62/榆炼取值!D62*100,"") | G62: =_xlfn.IFERROR(IF(榆炼取值!G62=0,"",榆炼取值!G62),"") | H62: =_xlfn.IFERROR(榆炼取值!H62,"") -> 0 | I62: =_xlfn.IFERROR(H62/榆炼取值!G62*100,"") | J62: 0 | K62: 0 | L62: =_xlfn.IFERROR(H62-K62,"") -> 0
B63: 18、异辛烷组分销量 | C63: 吨 | D63: =_xlfn.IFERROR(IF(榆炼取值!D63=0,"",榆炼取值!D63),"") | E63: =_xlfn.IFERROR(榆炼取值!E63,"") -> 0 | F63: =_xlfn.IFERROR(E63/榆炼取值!D63*100,"") | G63: =_xlfn.IFERROR(IF(榆炼取值!G63=0,"",榆炼取值!G63),"") | H63: =_xlfn.IFERROR(榆炼取值!H63,"") -> 0 | I63: =_xlfn.IFERROR(H63/榆炼取值!G63*100,"") | J63: 0 | K63: 0 | L63: =_xlfn.IFERROR(H63-K63,"") -> 0
B64: 19、MTBE产量 | C64: 吨 | D64: =_xlfn.IFERROR(IF(榆炼取值!D64=0,"",榆炼取值!D64),"") | E64: =_xlfn.IFERROR(榆炼取值!E64,"") -> 0 | F64: =_xlfn.IFERROR(E64/榆炼取值!D64*100,"") | G64: =_xlfn.IFERROR(IF(榆炼取值!G64=0,"",榆炼取值!G64),"") | H64: =_xlfn.IFERROR(榆炼取值!H64,"") -> 0 | I64: =_xlfn.IFERROR(H64/榆炼取值!G64*100,"") | J64: 0 | K64: 0 | L64: =_xlfn.IFERROR(H64-K64,"") -> 0
B65: 20、MTBE销量 | C65: 吨 | D65: =_xlfn.IFERROR(IF(榆炼取值!D65=0,"",榆炼取值!D65),"") | E65: =_xlfn.IFERROR(榆炼取值!E65,"") -> 0 | F65: =_xlfn.IFERROR(E65/榆炼取值!D65*100,"") | G65: =_xlfn.IFERROR(IF(榆炼取值!G65=0,"",榆炼取值!G65),"") | H65: =_xlfn.IFERROR(榆炼取值!H65,"") -> 0 | I65: =_xlfn.IFERROR(H65/榆炼取值!G65*100,"") | J65: 0 | K65: 0 | L65: =_xlfn.IFERROR(H65-K65,"") -> 0
B66: 21、液氨销量 | C66: 吨 | D66: =_xlfn.IFERROR(IF(榆炼取值!D66=0,"",榆炼取值!D66),"") | E66: =_xlfn.IFERROR(榆炼取值!E66,"") -> 0 | F66: =_xlfn.IFERROR(E66/榆炼取值!D66*100,"") | G66: =_xlfn.IFERROR(IF(榆炼取值!G66=0,"",榆炼取值!G66),"") | H66: =_xlfn.IFERROR(榆炼取值!H66,"") -> 2830 | I66: =_xlfn.IFERROR(H66/榆炼取值!G66*100,"") | J66: 0 | K66: 3152 | L66: =_xlfn.IFERROR(H66-K66,"") -> -322
B67: 22、3#喷气燃料产量 | C67: 吨 | D67: =_xlfn.IFERROR(IF(榆炼取值!D67=0,"",榆炼取值!D67),"") | F67: =_xlfn.IFERROR(E67/榆炼取值!D67*100,"") | G67: =_xlfn.IFERROR(IF(榆炼取值!G67=0,"",榆炼取值!G67),"") | I67: =_xlfn.IFERROR(H67/榆炼取值!G67*100,"") | J67: 23787 | K67: 259063 | L67: =_xlfn.IFERROR(H67-K67,"") -> -259063
B68: 三、综合指标
B69: 1、成品油产量(汽油+柴油+航煤) | C69: 吨 | D69: 348000 | E69: =_xlfn.IFERROR(榆炼取值!E69,"") -> 370004 | F69: =_xlfn.IFERROR(E69/榆炼取值!D69*100,"") -> 106.32299 | G69: 3141452 | H69: =_xlfn.IFERROR(榆炼取值!H69,"") -> 3289715 | I69: =_xlfn.IFERROR(H69/榆炼取值!G69*100,"") -> 104.71957 | J69: 319790 | K69: 3623474 | L69: =_xlfn.IFERROR(H69-K69,"") -> -333759
B70: 2、综合商品量 | C70: 吨 | D70: 449000 | E70: =_xlfn.IFERROR(榆炼取值!E70,"") -> 531379.86 | F70: =_xlfn.IFERROR(E70/榆炼取值!D70*100,"") -> 118.34741 | G70: 4721773 | H70: =_xlfn.IFERROR(榆炼取值!H70,"") -> 4457298.6 | I70: =_xlfn.IFERROR(H70/榆炼取值!G70*100,"") -> 94.398833 | J70: 433130.56 | K70: 5042491.1 | L70: =_xlfn.IFERROR(H70-K70,"") -> -585192.51
B71: 3、综合商品率 | C71: % | D71: 93.5 | E71: =_xlfn.IFERROR(榆炼取值!E71,"") -> 93.897539 | F71: =_xlfn.IFERROR(E71-榆炼取值!D71,"") -> 0.3975391 | G71: 92.4 | H71: =_xlfn.IFERROR(榆炼取值!H71,"") -> 93.529894 | I71: =_xlfn.IFERROR(H71-榆炼取值!G71,"") -> 1.1298939 | J71: 93.673095 | K71: 94.124236 | L71: =_xlfn.IFERROR(H71-K71,"") -> -0.59434251
B72: 4、综合自用率 | C72: % | D72: 5.35 | E72: =_xlfn.IFERROR(榆炼取值!E72,"") -> 4.5853858 | F72: =_xlfn.IFERROR(E72-榆炼取值!D72,"") -> -0.76461415 | G72: 6.4 | H72: =_xlfn.IFERROR(榆炼取值!H72,"") -> 5.3445032 | I72: =_xlfn.IFERROR(H72-榆炼取值!G72,"") -> -1.0554968 | J72: 5.3717284 | K72: 4.9387604 | L72: =_xlfn.IFERROR(H72-K72,"") -> 0.40574273
B73: 5、综合加工损失率 | C73: % | D73: 1.15 | E73: =_xlfn.IFERROR(榆炼取值!E73,"") -> 1.5241037 | F73: =_xlfn.IFERROR(E73-榆炼取值!D73,"") -> 0.37410367 | G73: 1.2 | H73: =_xlfn.IFERROR(榆炼取值!H73,"") -> 1.1341718 | I73: =_xlfn.IFERROR(H73-榆炼取值!G73,"") -> -0.065828166 | J73: 0.96429765 | K73: 0.95627152 | L73: =_xlfn.IFERROR(H73-K73,"") -> 0.17790032
B74: 6、炼油综合能耗 | C74: kg标油/t | D74: 66 | E74: =_xlfn.IFERROR(榆炼取值!E74,"") -> 48.842266 | F74: =_xlfn.IFERROR(E74-榆炼取值!D74,"") -> -17.157734 | G74: 68 | H74: =_xlfn.IFERROR(榆炼取值!H74,"") -> 61.087624 | I74: =_xlfn.IFERROR(H74-榆炼取值!G74,"") -> -6.9123757 | J74: 59.78848 | K74: 58.296555 | L74: =_xlfn.IFERROR(H74-K74,"") -> 2.7910695
B75: 7、丙烯单耗 | C75: t/t | D75: =_xlfn.IFERROR(IF(榆炼取值!D75=0,"",榆炼取值!D75),"") | E75: =_xlfn.IFERROR(榆炼取值!E75,"") -> 0 | F75: =_xlfn.IFERROR(E75-榆炼取值!D75,"") -> 0 | G75: =_xlfn.IFERROR(IF(榆炼取值!G75=0,"",榆炼取值!G75),"") | H75: =_xlfn.IFERROR(榆炼取值!H75,"") -> 0 | I75: =_xlfn.IFERROR(H75-榆炼取值!G75,"") -> 0 | J75: 0 | K75: 0 | L75: =_xlfn.IFERROR(H75-K75,"") -> 0
B76: 8、石油产品出厂合格率 | C76: % | D76: 100 | E76: =_xlfn.IFERROR(榆炼取值!E76,"") -> 100 | F76: =_xlfn.IFERROR(E76-榆炼取值!D76,"") -> 0 | G76: 100 | H76: =_xlfn.IFERROR(榆炼取值!H76,"") -> 100 | I76: =_xlfn.IFERROR(H76-榆炼取值!G76,"") -> 0 | J76: 100 | K76: 100 | L76: =_xlfn.IFERROR(H76-K76,"") -> 0
B77: 四、装置收率
B78: 1、常压装置轻质油收率 | C78: % | D78: 50.7 | E78: =_xlfn.IFERROR(榆炼取值!E78,"") -> 52.119673 | F78: =_xlfn.IFERROR(E78-榆炼取值!D78,"") -> 1.4196727 | G78: 51 | H78: =_xlfn.IFERROR(榆炼取值!H78,"") -> 51.72992 | I78: =_xlfn.IFERROR(H78-榆炼取值!G78,"") -> 0.72992008 | J78: 53.504171 | K78: 51.57086 | L78: =_xlfn.IFERROR(H78-K78,"") -> 0.15906003
B79: 2、催化装置汽柴液总收率 | C79: % | D79: 84.65 | E79: =_xlfn.IFERROR(榆炼取值!E79,"") -> 85.353119 | F79: =_xlfn.IFERROR(E79-榆炼取值!D79,"") -> 0.70311946 | G79: 84.65 | H79: =_xlfn.IFERROR(榆炼取值!H79,"") -> 84.630063 | I79: =_xlfn.IFERROR(H79-榆炼取值!G79,"") -> -0.019936589 | J79: 85.007249 | K79: 85.072356 | L79: =_xlfn.IFERROR(H79-K79,"") -> -0.44229258
B80: 其中：催化装置轻质油收率 | C80: % | D80: 70.65 | E80: =_xlfn.IFERROR(榆炼取值!E80,"") -> 73.616973 | F80: =_xlfn.IFERROR(E80-榆炼取值!D80,"") -> 2.9669726 | G80: 71.15 | H80: =_xlfn.IFERROR(榆炼取值!H80,"") -> 71.392119 | I80: =_xlfn.IFERROR(H80-榆炼取值!G80,"") -> 0.24211921 | J80: 71.770476 | K80: 71.278059 | L80: =_xlfn.IFERROR(H80-K80,"") -> 0.1140599
B81: 催化装置液化气收率 | C81: % | D81: 14 | E81: =_xlfn.IFERROR(榆炼取值!E81,"") -> 11.736147 | F81: =_xlfn.IFERROR(E81-榆炼取值!D81,"") -> -2.2638531 | G81: 13.5 | H81: =_xlfn.IFERROR(榆炼取值!H81,"") -> 13.237944 | I81: =_xlfn.IFERROR(H81-榆炼取值!G81,"") -> -0.2620558 | J81: 13.236773 | K81: 13.794297 | L81: =_xlfn.IFERROR(H81-K81,"") -> -0.55635248
B82: 3、重整装置总收率 | C82: % | D82: 92.9 | E82: =_xlfn.IFERROR(榆炼取值!E82,"") -> 93.428283 | F82: =_xlfn.IFERROR(E82-榆炼取值!D82,"") -> 0.52828336 | G82: 92.9 | H82: =_xlfn.IFERROR(榆炼取值!H82,"") -> 93.221411 | I82: =_xlfn.IFERROR(H82-榆炼取值!G82,"") -> 0.3214105 | J82: 93.317796 | K82: 93.290724 | L82: =_xlfn.IFERROR(H82-K82,"") -> -0.06931335
B83: 4、气体分馏装置丙烯收率 | C83: % | D83: =_xlfn.IFERROR(IF(榆炼取值!D83=0,"",榆炼取值!D83),"") | E83: =_xlfn.IFERROR(榆炼取值!E83,"") -> 0 | F83: =_xlfn.IFERROR(E83-榆炼取值!D83,"") -> 0 | G83: =_xlfn.IFERROR(IF(榆炼取值!G83=0,"",榆炼取值!G83),"") | H83: =_xlfn.IFERROR(榆炼取值!H83,"") -> 0 | I83: =_xlfn.IFERROR(H83-榆炼取值!G83,"") -> 0 | J83: 0 | K83: 0 | L83: =_xlfn.IFERROR(H83-K83,"") -> 0
B84: 5、MTBE装置MTBE收率 | C84: % | D84: =_xlfn.IFERROR(IF(榆炼取值!D84=0,"",榆炼取值!D84),"") | E84: =_xlfn.IFERROR(榆炼取值!E84,"") -> 0 | F84: =_xlfn.IFERROR(E84-榆炼取值!D84,"") -> 0 | G84: =_xlfn.IFERROR(IF(榆炼取值!G84=0,"",榆炼取值!G84),"") | H84: =_xlfn.IFERROR(榆炼取值!H84,"") -> 0 | I84: =_xlfn.IFERROR(H84-榆炼取值!G84,"") -> 0 | J84: 0 | K84: 0 | L84: =_xlfn.IFERROR(H84-K84,"") -> 0
B85: 6、醋酸仲丁酯收率 | C85: % | D85: =_xlfn.IFERROR(IF(榆炼取值!D85=0,"",榆炼取值!D85),"") | E85: =_xlfn.IFERROR(榆炼取值!E85,"") -> 0 | F85: =_xlfn.IFERROR(E85-榆炼取值!D85,"") -> 0 | G85: =_xlfn.IFERROR(IF(榆炼取值!G85=0,"",榆炼取值!G85),"") | H85: =_xlfn.IFERROR(榆炼取值!H85,"") -> 0 | I85: =_xlfn.IFERROR(H85-榆炼取值!G85,"") -> 0 | J85: 0 | K85: 0 | L85: =_xlfn.IFERROR(H85-K85,"") -> 0
B86: 7、聚丙烯装置收率 | C86: % | D86: =_xlfn.IFERROR(IF(榆炼取值!D86=0,"",榆炼取值!D86),"") | E86: =_xlfn.IFERROR(榆炼取值!E86,"") -> 0 | F86: =_xlfn.IFERROR(E86-榆炼取值!D86,"") -> 0 | G86: =_xlfn.IFERROR(IF(榆炼取值!G86=0,"",榆炼取值!G86),"") | H86: =_xlfn.IFERROR(榆炼取值!H86,"") -> 0 | J86: 0 | K86: 0 | L86: =_xlfn.IFERROR(H86-K86,"") -> 0
B87: 8、汽油加氢精制总收率 | C87: % | D87: 99 | E87: =_xlfn.IFERROR(榆炼取值!E87,"") -> 99.431165 | F87: =_xlfn.IFERROR(E87-榆炼取值!D87,"") -> 0.4311649 | G87: 99 | H87: =_xlfn.IFERROR(榆炼取值!H87,"") -> 99.209384 | I87: =_xlfn.IFERROR(H87-榆炼取值!G87,"") -> 0.20938447 | J87: 99.322429 | K87: 99.262155 | L87: =_xlfn.IFERROR(H87-K87,"") -> -0.052770896
B88: 9、柴油加氢精制总收率 | C88: % | D88: 98.9 | E88: =_xlfn.IFERROR(榆炼取值!E88,"") -> 99.397019 | F88: =_xlfn.IFERROR(E88-榆炼取值!D88,"") -> 0.49701917 | G88: 98.9 | H88: =_xlfn.IFERROR(榆炼取值!H88,"") -> 99.223071 | I88: =_xlfn.IFERROR(H88-榆炼取值!G88,"") -> 0.32307057 | J88: 99.322551 | K88: 99.239784 | L88: =_xlfn.IFERROR(H88-K88,"") -> -0.016713722
B89: 10、苯乙烯收率 | C89: %
B90: 备注
B94: 主管领导： | C94: 郝新宇 | D94: 部门负责人： | F94: 郝新宇 | G94: 审核人： | H94: 陈雄伟 | J94: 编制： | K94: 肖璇
C96: 郝新宇 | F96: 郝新宇 | H96: 陈雄伟 | K96: 肖璇

Sheet 榆炼取值
B1: 炼化公司生产月报表（榆炼）
B2: 填报单位：炼化公司 | C2: =#REF! | J2: 陕油统 炼化B-401
B3: 指标名称 | C3: 单位 | D3: 本月生产 | G3: 本年生产 | J3: 去年同期 | L3: 同比 增长
D4: 月计划 | E4: 月完成 | F4: 完成率% | G4: 年计划 | H4: 年完成 | I4: 完成率% | J4: 本月 | K4: 本年
B5: 一、装置加工量
B6: 1、原料油（气）加工量 | C6: 吨
B7: 其中：原油 | C7: 吨 | D7: 515000 | E7: =E95 -> 550368 | F7: =E7/#REF!*100 | G7: 5100000 | H7: =H95 -> 4553852 | I7: =H7/#REF!*100 | J7: =J95 -> 433198 | K7: =K95 -> 5100900 | L7: =H7-K7 -> -547048
B8: 甲醇 | C8: 吨
B9: MTBE | C9: 吨 | E9: =E97 -> 6041 | G9: 40000 | H9: =H97 -> 72737 | J9: =J97 -> 5204 | K9: =K97 -> 63651 | L9: =H9-K9 -> 9086
B10: 1#渣油 | C10: 吨
B11: 裂解石脑油 | C11: 吨 | D11: 0 | E11: =E99 -> 481 | F11: =E11/#REF!*100 | H11: =H99 -> 481 | I11: =H11/#REF!*100 | J11: =J99 -> 0 | K11: =K99 -> 65718 | L11: =H11-K11 -> -65237
B12: 上古液化气 | C12: 吨 | E12: =E101 -> 0 | H12: =H101 -> 0 | J12: =J101 -> 0 | K12: =K101 -> 0
B13: 醋酸 | C13: 吨
B14: 异辛烷组分 | C14: 吨
B15: 异丁烷 | C15: 吨
B16: 2、常压装置加工量 | C16: 吨 | E16: =E103 -> 550368 | H16: =H103 -> 4553852 | J16: =J103 -> 433198 | K16: =K103 -> 5100900
B17: 原油加工量 | C17: 吨 | D17: 515000 | E17: =E104 -> 550368 | F17: =E17/#REF!*100 | G17: 5100000 | H17: =H104 -> 4553852 | I17: =H17/#REF!*100 | J17: =J16 -> 433198 | K17: =K104 -> 5100900 | L17: =H17-K17 -> -547048
B18: 其中：进口原油加工量 | C18: 吨 | H18: =H200 -> 0 | J18: =J200 -> 0 | K18: =K200 -> 0
B19: 3、催化装置加工量 | C19: 吨 | E19: =E106 -> 174870 | H19: =H106 -> 1591516 | J19: =J106 -> 153134 | K19: =K106 -> 1667450 | L19: =H19-K19 -> -75934
B20: 其中：1#渣油加工量 | C20: 吨 | D20: 141000 | E20: =E108 -> 171606 | F20: =E20/#REF!*100 | G20: 1780000 | H20: =H108 -> 1575046 | I20: =H20/#REF!*100 | J20: =J108 -> 149057 | K20: =K108 -> 1626265 | L20: =H20-K20 -> -51219
B21: 4、重整装置处理量 | C21: 吨 | D21: 84000 | E21: =E110 -> 110093 | F21: =E21/#REF!*100 | G21: 950000 | H21: =H110 -> 907947 | I21: =H21/#REF!*100 | J21: =J110 -> 93966 | K21: =K110 -> 1019022 | L21: =H21-K21 -> -111075
B22: 5、DCC石脑油加氢处理量 | C22: 吨 | D22: 0 | E22: =E112 -> 0 | F22: =E22/#REF!*100 | H22: =H112 -> 0 | I22: =H22/#REF!*100 | J22: =J112 -> 0 | K22: =K112 -> 80968 | L22: =H22-K22 -> -80968
B23: 6、DCC裂解轻油加氢处理量 | C23: 吨 | D23: 0
B24: 7、汽油加氢精制处理量 | C24: 吨 | D24: 67000 | E24: =E113 -> 99150 | F24: =E24/#REF!*100 | G24: 880000 | H24: =H113 -> 769527 | I24: =H24/#REF!*100 | J24: =J113 -> 75564 | K24: =K113 -> 823073 | L24: =H24-K24 -> -53546
B25: 8、柴油加氢精制处理量 | C25: 吨 | D25: 177000 | E25: =E114 -> 202494 | F25: =E25/#REF!*100 | G25: 1800000 | H25: =H114 -> 1736966 | I25: =H25/#REF!*100 | J25: =J114 -> 172264 | K25: =K114 -> 1933004 | L25: =H25-K25 -> -196038
B26: 9、气分装置加工量 | C26: 吨
B27: 10、航煤装置处理量 | C27: 吨 | E27: =E116 -> 28452 | G27: 263158 | H27: =H116 -> 252643 | J27: =J116 -> 24702 | K27: =K116 -> 289635 | L27: =H27-K27 -> -36992
B28: 11、烷基化装置处理量 | C28: 吨
B29: 12、混合脱氢装置处理量 | C29: 吨
B30: 二、油气产品产销量
B31: 1、汽油产量 | C31: 吨 | D31: 170000 | E31: =SUM(E32:E34) -> 180869 | F31: =E31/#REF!*100 | G31: 1500000 | H31: =SUM(H32:H34) -> 1520716 | I31: =H31/#REF!*100 | J31: =J32+J33+J34 -> 142767 | K31: =SUM(K32:K34) -> 1623821 | L31: =H31-K31 -> -103105
B32: ⑴ 92#VI | C32: 吨 | E32: =E118 -> 168869 | F32: =E32/#REF!*100 | G32: 1305400 | H32: =H118 -> 1350244 | I32: =H32/#REF!*100 | J32: =J118 -> 122717 | K32: =K118 -> 1422443 | L32: =H32-K32 -> -72199
B33: ⑵ 95#VI | C33: 吨 | E33: =E120 -> 12000 | F33: =E33/#REF!*100 | G33: 194600 | H33: =H120 -> 170472 | I33: =H33/#REF!*100 | J33: =J120 -> 20050 | K33: =K120 -> 201378 | L33: =H33-K33 -> -30906
B34: ⑶ 98#Ⅵ
B35: 2、柴油产量 | C35: 吨 | D35: 160000 | E35: =SUM(E36:E40) -> 169541 | F35: =E35/#REF!*100 | G35: 1641452 | H35: =SUM(H36:H40) -> 1539988 | I35: =H35/#REF!*100 | J35: =J36+J37+J38+J39+J40 -> 152928 | K35: =SUM(K36:K40) -> 1736786 | L35: =H35-K35 -> -196798
B36: ⑴ 军用柴油 | C36: 吨
B37: ⑵ 0#VI | C37: 吨 | E37: =E122 -> 125230 | H37: =H122 -> 1454677 | J37: =J122 -> 111439 | K37: =K122 -> 1677765 | L37: =H37-K37 -> -223088
B38: ⑶ -10#VI | C38: 吨 | D38: 30000 | E38: =E124 -> 35700 | H38: =H124 -> 76700 | J38: =J124 -> 41489 | K38: =K124 -> 59021 | L38: =H38-K38 -> 17679
B39: ⑷ -20#VI | C39: 吨 | E39: =E126 -> 8611 | H39: =H126 -> 8611 | J39: =J126 -> 0 | K39: =K126 -> 0
B40: ⑸ -35#VI | C40: 吨
B41: 3、3#喷气燃料销量（航煤） | C41: 吨 | D41: 18000 | E41: =E128+E129 -> 19594 | F41: =E41/#REF!*100 | H41: =H128+H129 -> 229011 | J41: =J128+J129 -> 24095 | K41: =K128+K129 -> 262867 | L41: =H41-K41 -> -33856
B42: 4.石脑油销售量 | C42: 吨 | D42: =D43+D44+D45 -> 0
B43: ⑴ 石脑油Ⅰ | C43: 吨 | D43: 0 | E43: =E201 -> 0 | G43: 62185 | H43: =H201 -> 0
B44: ⑵ 石脑油Ⅱ | C44: 吨 | D44: 0
B45: ⑶ 石脑油Ⅲ | C45: 吨
B46: 5、液化气销量 | C46: 吨 | D46: =D47+D48+D49+D50 -> 0 | E46: =SUM(E47:E50) -> 2540 | H46: =SUM(H47:H50) -> 78654 | J46: =SUM(J47:J50) -> 9658 | K46: =SUM(K47:K50) -> 57860 | L46: =H46-K46 -> 20794
B47: ⑴ 催化液化气 | C47: 吨 | E47: =E194 -> 1467 | H47: =H194 -> 40209 | J47: =J194 -> 6111 | K47: =K194 -> 41139 | L47: =H47-K47 -> -930
B48: ⑵ 醚后碳四 | C48: 吨
B49: ⑶ 民用液化气 | C49: 吨 | E49: =E196 -> 1073 | G49: 32996 | H49: =H196 -> 38445 | J49: =J196 -> 3547 | K49: =K196 -> 16721 | L49: =H49-K49 -> 21724
B50: ⑷ 正丁烷 | C50: 吨
B51: 6、1#渣油销量（供榆能化） | C51: 吨 | D51: 110000 | E51: =E131 -> 93177 | F51: =E51/#REF!*100 | G51: 500000 | H51: =H131 -> 680848 | I51: =H51/#REF!*100 | J51: =J131 -> 60056 | K51: =K131 -> 824602 | L51: =H51-K51 -> -143754
B52: 7、2#渣油销量 | C52: 吨 | D52: 3200 | E52: =E133+E134 -> 4742 | F52: =E52/#REF!*100 | G52: 58740 | H52: =H133+H134 -> 56479.34 | I52: =H52/#REF!*100 | J52: =J133+J134 -> 4723.6 | K52: =K133+K134 -> 57831.44 | L52: =H52-K52 -> -1352.1
B53: 8、聚丙烯产量 | C53: 吨
B54: 9、苯乙烯产量 | C54: 吨
B55: 10、苯销量 | C55: 吨 | D55: 4000 | E55: =E136 -> 3671 | F55: =E55/#REF!*100 | G55: 29726 | H55: =H136 -> 37648 | I55: =H55/#REF!*100 | J55: =J136 -> 4036 | K55: =K136 -> 49569 | L55: =H55-K55 -> -11921
B56: 11、二甲苯销量 | C56: 吨 | E56: =E138 -> 6938.88 | F56: =E56/#REF!*100 | G56: 66500 | H56: =H138 -> 6938.88 | I56: =H56/#REF!*100 | J56: =J138 -> 5079.1 | K56: =K138 -> 49370.66 | L56: =H56-K56 -> -42431.78
B57: 12、醋酸仲丁酯销量 | C57: 吨
B58: 13、精制硫磺销量 | C58: 吨 | E58: =E140 -> 666.74 | G58: 2000 | H58: =H140 -> 5098.36 | J58: =J140 -> 521.56 | K58: =K140 -> 6177.67 | L58: =H58-K58 -> -1079.31
B59: 14、粗硫磺销量 | C59: 吨
B60: 15、丙烯销量 | C60: 吨
B61: 16、硫酸铵销量 | C61: 吨
B62: 17、异辛烷组分产量 | C62: 吨
B63: 18、异辛烷组分销量 | C63: 吨
B64: 19、MTBE产量 | C64: 吨
B65: 20、MTBE销量 | C65: 吨
B66: 21、液氨销量 | C66: 吨 | E66: =E142+E143 -> 0 | H66: =H142+H143 -> 2830 | J66: =J142 -> 0 | K66: =K142 -> 3152
B67: 22、3#喷气燃料产量 | C67: 吨 | E67: =E191-E192 -> 27244 | H67: =H191-H192 -> 236859 | J67: =J191-J192 -> 23787 | K67: =K191-K192 -> 259063
B68: 三、综合指标
B69: 1、成品油产量(汽油+柴油+航煤) | C69: 吨 | D69: =D31+D35+D41 -> 348000 | E69: =SUM(E31,E35,E41) -> 370004 | F69: =E69/#REF!*100 | G69: =G31+G35+G41 -> 3141452 | H69: =SUM(H31,H35,H41) -> 3289715 | I69: =H69/#REF!*100 | J69: =J31+J35+J41 -> 319790 | K69: =SUM(K31,K35,K41) -> 3623474 | L69: =H69-K69 -> -333759
B70: 2、综合商品量 | C70: 吨 | D70: 449000 | E70: =E177 -> 531379.86 | F70: =E70/#REF!*100 | G70: 4721773 | H70: =H177 -> 4457298.6 | I70: =H70/#REF!*100 | J70: =J177 -> 433130.56 | K70: =K177 -> 5042491.1 | L70: =H70-K70 -> -585192.51
B71: 3、综合商品率 | C71: % | D71: 93.5 | E71: =_xlfn.IFERROR(E179/E180*100,"") -> 93.897539 | F71: =E71-#REF! | G71: 92.4 | H71: =_xlfn.IFERROR(H179/H180*100,"") -> 93.529894 | I71: =H71-#REF! | J71: =_xlfn.IFERROR(J179/J180*100,"") -> 93.673095 | K71: =_xlfn.IFERROR(K179/K180*100,"") -> 94.124236 | L71: =H71-K71 -> -0.59434251
B72: 4、综合自用率 | C72: % | D72: 5.35 | E72: =_xlfn.IFERROR(E182/E183*100,"") -> 4.5853858 | F72: =E72-#REF! | G72: 6.4 | H72: =_xlfn.IFERROR(H182/H183*100,"") -> 5.3445032 | I72: =H72-#REF! | J72: =_xlfn.IFERROR(J182/J183*100,"") -> 5.3717284 | K72: =_xlfn.IFERROR(K182/K183*100,"") -> 4.9387604 | L72: =H72-K72 -> 0.40574273 | M72: 25、综合商品量
B73: 5、综合加工损失率 | C73: % | D73: 1.15 | E73: =_xlfn.IFERROR(E185/E186*100,"") -> 1.5241037 | F73: =E73-#REF! | G73: 1.2 | H73: =_xlfn.IFERROR(H185/H186*100,"") -> 1.1341718 | I73: =H73-#REF! | J73: =_xlfn.IFERROR(J185/J186*100,"") -> 0.96429765 | K73: =_xlfn.IFERROR(K185/K186*100,"") -> 0.95627152 | L73: =H73-K73 -> 0.17790032
B74: 6、炼油综合能耗 | C74: kg标油/t | D74: 66 | E74: =_xlfn.IFERROR(E156/E157*1000,"") -> 48.842266 | F74: =E74-#REF! | G74: 68 | H74: =_xlfn.IFERROR(H156/H157*1000,"") -> 61.087624 | I74: =H74-#REF! | J74: =_xlfn.IFERROR(J156/J157*1000,"") -> 59.78848 | K74: =_xlfn.IFERROR(K156/K157*1000,"") -> 58.296555 | L74: =H74-K74 -> 2.7910695
B75: 7、丙烯单耗 | C75: t/t | D75: 0
B76: 8、石油产品出厂合格率 | C76: % | D76: 100 | E76: =_xlfn.IFERROR(E198/E199*100,"") -> 100 | F76: =E76-#REF! | G76: 100 | H76: =_xlfn.IFERROR(H198/H199*100,"") -> 100 | I76: =H76-#REF! | J76: =_xlfn.IFERROR(J198/J199*100,"") -> 100 | K76: =_xlfn.IFERROR(K198/K199*100,"") -> 100 | L76: =H76-K76 -> 0
B77: 四、装置收率
B78: 1、常压装置轻质油收率 | C78: % | D78: 50.7 | E78: =E159/E160*100 -> 52.119673 | F78: =E78-#REF! | G78: 51 | H78: =H159/H160*100 -> 51.72992 | I78: =H78-#REF! | J78: =J159/J160*100 -> 53.504171 | K78: =K159/K160*100 -> 51.57086 | L78: =H78-K78 -> 0.15906003
B79: 2、催化装置汽柴液总收率 | C79: % | D79: =D80+D81 -> 84.65 | E79: =SUM(E80,E81) -> 85.353119 | F79: =E80-#REF! | G79: 84.65 | H79: =SUM(H80,H81) -> 84.630063 | I79: =H79-#REF! | J79: =SUM(J80,J81) -> 85.007249 | K79: =SUM(K80,K81) -> 85.072356 | L79: =H79-K79 -> -0.44229258
B80: 其中：催化装置轻质油收率 | C80: % | D80: 70.65 | E80: =_xlfn.IFERROR(E162/E163*100,"") -> 73.616973 | F80: =E81-#REF! | G80: 71.15 | H80: =_xlfn.IFERROR(H162/H163*100,"") -> 71.392119 | I80: =H80-#REF! | J80: =_xlfn.IFERROR(J162/J163*100,"") -> 71.770476 | K80: =_xlfn.IFERROR(K162/K163*100,"") -> 71.278059 | L80: =H80-K80 -> 0.1140599
B81: 催化装置液化气收率 | C81: % | D81: 14 | E81: =_xlfn.IFERROR(E165/E166*100,"") -> 11.736147 | F81: =#REF!-#REF! | G81: 13.5 | H81: =_xlfn.IFERROR(H165/H166*100,"") -> 13.237944 | I81: =H81-#REF! | J81: =_xlfn.IFERROR(J165/J166*100,"") -> 13.236773 | K81: =_xlfn.IFERROR(K165/K166*100,"") -> 13.794297 | L81: =H81-K81 -> -0.55635248
B82: 3、重整装置总收率 | C82: % | D82: 92.9 | E82: =_xlfn.IFERROR(E168/E169*100,"") -> 93.428283 | F82: =E82-#REF! | G82: 92.9 | H82: =_xlfn.IFERROR(H168/H169*100,"") -> 93.221411 | I82: =H82-#REF! | J82: =_xlfn.IFERROR(J168/J169*100,"") -> 93.317796 | K82: =_xlfn.IFERROR(K168/K169*100,"") -> 93.290724 | L82: =H82-K82 -> -0.06931335
B83: 4、气体分馏装置丙烯收率 | C83: %
B84: 5、MTBE装置MTBE收率 | C84: %
B85: 6、醋酸仲丁酯收率 | C85: %
B86: 7、聚丙烯装置收率 | C86: %
B87: 8、汽油加氢精制总收率 | C87: % | D87: 99 | E87: =_xlfn.IFERROR(E171/E172*100,"") -> 99.431165 | F87: =E87-#REF! | G87: 99 | H87: =_xlfn.IFERROR(H171/H172*100,"") -> 99.209384 | I87: =H87-#REF! | J87: =_xlfn.IFERROR(J171/J172*100,"") -> 99.322429 | K87: =_xlfn.IFERROR(K171/K172*100,"") -> 99.262155 | L87: =H87-K87 -> -0.052770896
B88: 9、柴油加氢精制总收率 | C88: % | D88: 98.9 | E88: =_xlfn.IFERROR(E174/E175*100,"") -> 99.397019 | F88: =E88-#REF! | G88: 98.9 | H88: =_xlfn.IFERROR(H174/H175*100,"") -> 99.223071 | I88: =H88-#REF! | J88: =_xlfn.IFERROR(J174/J175*100,"") -> 99.322551 | K88: =_xlfn.IFERROR(K174/K175*100,"") -> 99.239784 | L88: =H88-K88 -> -0.016713722
B89: 备注：
B93: 主管领导：段子明 | C93: 部门负责人：王震 | G93: 审核人：陈雄伟 | K93: 编制：程清明
E95: 550368 | H95: 4553852 | J95: 433198 | K95: 5100900
E97: 6041 | H97: 72737 | J97: 5204 | K97: 63651
E99: 481 | H99: 481 | J99: 0 | K99: 65718
E101: 0 | H101: 0 | J101: 0 | K101: 0
E103: 550368 | H103: 4553852 | J103: 433198 | K103: 5100900
E104: 550368 | H104: 4553852 | J104: 433198 | K104: 5100900
E106: 174870 | H106: 1591516 | J106: 153134 | K106: 1667450
E108: 171606 | H108: 1575046 | J108: 149057 | K108: 1626265
E110: 110093 | H110: 907947 | J110: 93966 | K110: 1019022
E112: 0 | H112: 0 | J112: 0 | K112: 80968
...

Sheet 石化厂月报表
B1: 炼化公司生产月报表（石化厂）
B2: 填报单位：炼化公司 | D2: 2025-11 | J2: 陕油统 炼化B-401
B3: 指标名称 | C3: 单位 | D3: 本月生产 | G3: 本年生产 | J3: 去年同期 | L3: 同比 增长
D4: 月计划 | E4: 月完成 | F4: 完成率% | G4: 年计划 | H4: 年完成 | I4: 完成率% | J4: 本月 | K4: 本年
B5: 一、装置加工量
B6: 1、原料油（气）加工量 | C6: 吨 | D6: =_xlfn.IFERROR(IF(石化取值!D6=0,"",石化取值!D6),"") | E6: =_xlfn.IFERROR(SUM(E7:E15),"") -> 17142.02 | G6: =_xlfn.IFERROR(IF(石化取值!G6=0,"",石化取值!G6),"") | H6: =_xlfn.IFERROR(SUM(H7:H15),"") -> 144598.64 | J6: 9202.36 | K6: 152556.32 | L6: =_xlfn.IFERROR(H6-K6,"") -> -7957.68
B7: 其中：原油 | C7: 吨 | D7: =_xlfn.IFERROR(IF(石化取值!D7=0,"",石化取值!D7),"") | G7: =_xlfn.IFERROR(IF(石化取值!G7=0,"",石化取值!G7),"") | L7: =_xlfn.IFERROR(H7-K7,"") -> 0
B8: 甲醇 | C8: 吨 | D8: 9000 | E8: =_xlfn.IFERROR(石化取值!E8,"") -> 10396.72 | F8: =_xlfn.IFERROR(E8/石化取值!D8*100,"") -> 115.51911 | G8: 114272 | H8: =_xlfn.IFERROR(石化取值!H8,"") -> 80486.04 | I8: =_xlfn.IFERROR(H8/石化取值!G8*100,"") -> 70.433737 | J8: 7264.46 | K8: 91923.3 | L8: =_xlfn.IFERROR(H8-K8,"") -> -11437.26
B9: MTBE | C9: 吨 | D9: =_xlfn.IFERROR(IF(石化取值!D9=0,"",石化取值!D9),"") | E9: =_xlfn.IFERROR(石化取值!E9,"") -> 0 | F9: =_xlfn.IFERROR(E9/石化取值!D9*100,"") | G9: =_xlfn.IFERROR(IF(石化取值!G9=0,"",石化取值!G9),"") | H9: =_xlfn.IFERROR(石化取值!H9,"") -> 0 | I9: =_xlfn.IFERROR(H9/石化取值!G9*100,"") | J9: 0 | K9: 0 | L9: =_xlfn.IFERROR(H9-K9,"") -> 0
B10: 1#渣油 | C10: 吨 | D10: =_xlfn.IFERROR(IF(石化取值!D10=0,"",石化取值!D10),"") | E10: =_xlfn.IFERROR(石化取值!E10,"") -> 0 | F10: =_xlfn.IFERROR(E10/石化取值!D10*100,"") | G10: =_xlfn.IFERROR(IF(石化取值!G10=0,"",石化取值!G10),"") | H10: =_xlfn.IFERROR(石化取值!H10,"") -> 0 | I10: =_xlfn.IFERROR(H10/石化取值!G10*100,"") | J10: 0 | K10: 0 | L10: =_xlfn.IFERROR(H10-K10,"") -> 0
B11: 裂解石脑油 | C11: 吨 | D11: =_xlfn.IFERROR(IF(石化取值!D11=0,"",石化取值!D11),"") | E11: =_xlfn.IFERROR(石化取值!E11,"") -> 0 | F11: =_xlfn.IFERROR(E11/石化取值!D11*100,"") | G11: =_xlfn.IFERROR(IF(石化取值!G11=0,"",石化取值!G11),"") | H11: =_xlfn.IFERROR(石化取值!H11,"") -> 0 | I11: =_xlfn.IFERROR(H11/石化取值!G11*100,"") | J11: 0 | K11: 0 | L11: =_xlfn.IFERROR(H11-K11,"") -> 0
B12: 上古液化气 | C12: 吨 | D12: =_xlfn.IFERROR(IF(石化取值!D12=0,"",石化取值!D12),"") | F12: =_xlfn.IFERROR(E12/石化取值!D12*100,"") | G12: =_xlfn.IFERROR(IF(石化取值!G12=0,"",石化取值!G12),"") | I12: =_xlfn.IFERROR(H12/石化取值!G12*100,"") | J12: 0 | K12: 0 | L12: =_xlfn.IFERROR(H12-K12,"") -> 0
B13: 醋酸 | C13: 吨 | D13: =_xlfn.IFERROR(IF(石化取值!D13=0,"",石化取值!D13),"") | E13: =_xlfn.IFERROR(石化取值!E13,"") -> 0 | F13: =_xlfn.IFERROR(E13/石化取值!D13*100,"") | G13: =_xlfn.IFERROR(IF(石化取值!G13=0,"",石化取值!G13),"") | H13: =_xlfn.IFERROR(石化取值!H13,"") -> 0 | I13: =_xlfn.IFERROR(H13/石化取值!G13*100,"") | J13: 0 | K13: 0 | L13: =_xlfn.IFERROR(H13-K13,"") -> 0
B14: 异辛烷组分 | C14: 吨 | D14: =_xlfn.IFERROR(IF(石化取值!D14=0,"",石化取值!D14),"") | E14: =_xlfn.IFERROR(石化取值!E14,"") -> 0 | F14: =_xlfn.IFERROR(E14/石化取值!D14*100,"") | G14: =_xlfn.IFERROR(IF(石化取值!G14=0,"",石化取值!G14),"") | H14: =_xlfn.IFERROR(石化取值!H14,"") -> 0 | I14: =_xlfn.IFERROR(H14/石化取值!G14*100,"") | J14: 0 | K14: 0 | L14: =_xlfn.IFERROR(H14-K14,"") -> 0
B15: 异丁烷 | C15: 吨 | D15: =_xlfn.IFERROR(IF(石化取值!D15=0,"",石化取值!D15),"") | E15: =_xlfn.IFERROR(石化取值!E15,"") -> 6745.3 | F15: =_xlfn.IFERROR(E15/石化取值!D15*100,"") | G15: 50000 | H15: =_xlfn.IFERROR(石化取值!H15,"") -> 64112.6 | I15: =_xlfn.IFERROR(H15/石化取值!G15*100,"") -> 128.2252 | J15: 1937.9 | K15: 60633.02 | L15: =_xlfn.IFERROR(H15-K15,"") -> 3479.58
B16: 2、常压装置加工量 | C16: 吨 | D16: =_xlfn.IFERROR(IF(石化取值!D16=0,"",石化取值!D16),"") | E16: =_xlfn.IFERROR(石化取值!E16,"") -> 0 | F16: =_xlfn.IFERROR(E16/石化取值!D16*100,"") | G16: =_xlfn.IFERROR(IF(石化取值!G16=0,"",石化取值!G16),"") | H16: =_xlfn.IFERROR(石化取值!H16,"") -> 0 | I16: =_xlfn.IFERROR(H16/石化取值!G16*100,"") | J16: 0 | K16: 0 | L16: =_xlfn.IFERROR(H16-K16,"") -> 0
B17: 原油加工量 | C17: 吨 | D17: =_xlfn.IFERROR(IF(石化取值!D17=0,"",石化取值!D17),"") | E17: =_xlfn.IFERROR(石化取值!E17,"") -> 0 | F17: =_xlfn.IFERROR(E17/石化取值!D17*100,"") | G17: =_xlfn.IFERROR(IF(石化取值!G17=0,"",石化取值!G17),"") | H17: =_xlfn.IFERROR(石化取值!H17,"") -> 0 | I17: =_xlfn.IFERROR(H17/石化取值!G17*100,"") | J17: 0 | K17: 0 | L17: =_xlfn.IFERROR(H17-K17,"") -> 0
B18: 其中：进口原油加工量 | C18: 吨 | D18: =_xlfn.IFERROR(IF(石化取值!D18=0,"",石化取值!D18),"") | E18: 0 | F18: =_xlfn.IFERROR(E18/石化取值!D18*100,"") | G18: =_xlfn.IFERROR(IF(石化取值!G18=0,"",石化取值!G18),"") | H18: 0 | I18: =_xlfn.IFERROR(H18/石化取值!G18*100,"") | J18: 0 | K18: 0 | L18: =_xlfn.IFERROR(H18-K18,"") -> 0
B19: 3、催化装置加工量 | C19: 吨 | D19: =_xlfn.IFERROR(IF(石化取值!D19=0,"",石化取值!D19),"") | E19: =_xlfn.IFERROR(石化取值!E19,"") -> 0 | F19: =_xlfn.IFERROR(E19/石化取值!D19*100,"") | G19: =_xlfn.IFERROR(IF(石化取值!G19=0,"",石化取值!G19),"") | H19: =_xlfn.IFERROR(石化取值!H19,"") -> 0 | I19: =_xlfn.IFERROR(H19/石化取值!G19*100,"") | J19: 0 | K19: 0 | L19: =_xlfn.IFERROR(H19-K19,"") -> 0
B20: 其中：1#渣油加工量 | C20: 吨 | D20: =_xlfn.IFERROR(IF(石化取值!D20=0,"",石化取值!D20),"") | E20: =_xlfn.IFERROR(石化取值!E20,"") -> 0 | F20: =_xlfn.IFERROR(E20/石化取值!D20*100,"") | G20: =_xlfn.IFERROR(IF(石化取值!G20=0,"",石化取值!G20),"") | H20: =_xlfn.IFERROR(石化取值!H20,"") -> 0 | I20: =_xlfn.IFERROR(H20/石化取值!G20*100,"") | J20: 0 | K20: 0 | L20: =_xlfn.IFERROR(H20-K20,"") -> 0
B21: 4、重整装置处理量 | C21: 吨 | D21: 120000 | E21: =_xlfn.IFERROR(石化取值!E21,"") -> 120602 | F21: =_xlfn.IFERROR(E21/石化取值!D21*100,"") -> 100.50167 | G21: 1430000 | H21: =_xlfn.IFERROR(石化取值!H21,"") -> 1364477 | I21: =_xlfn.IFERROR(H21/石化取值!G21*100,"") -> 95.417972 | J21: 116179 | K21: 1243604 | L21: =_xlfn.IFERROR(H21-K21,"") -> 120873
B22: 5、DCC石脑油加氢处理量 | C22: 吨 | D22: =_xlfn.IFERROR(IF(石化取值!D22=0,"",石化取值!D22),"") | E22: =_xlfn.IFERROR(石化取值!E22,"") -> 0 | F22: =_xlfn.IFERROR(E22/石化取值!D22*100,"") | G22: =_xlfn.IFERROR(IF(石化取值!G22=0,"",石化取值!G22),"") | H22: =_xlfn.IFERROR(石化取值!H22,"") -> 0 | I22: =_xlfn.IFERROR(H22/石化取值!G22*100,"") | J22: 0 | K22: 0 | L22: =_xlfn.IFERROR(H22-K22,"") -> 0
B23: 6、DCC裂解轻油加氢处理量 | C23: 吨 | D23: =_xlfn.IFERROR(IF(石化取值!D23=0,"",石化取值!D23),"") | E23: =_xlfn.IFERROR(石化取值!E23,"") -> 0 | F23: =_xlfn.IFERROR(E23/石化取值!D23*100,"") | G23: =_xlfn.IFERROR(IF(石化取值!G23=0,"",石化取值!G23),"") | H23: =_xlfn.IFERROR(石化取值!H23,"") -> 0 | I23: =_xlfn.IFERROR(H23/石化取值!G23*100,"") | J23: 0 | K23: 0 | L23: =_xlfn.IFERROR(H23-K23,"") -> 0
B24: 7、汽油加氢精制处理量 | C24: 吨 | D24: 119000 | E24: =_xlfn.IFERROR(石化取值!E24,"") -> 124858 | F24: =_xlfn.IFERROR(E24/石化取值!D24*100,"") -> 104.92269 | G24: 1460000 | H24: =_xlfn.IFERROR(石化取值!H24,"") -> 1289549 | I24: =_xlfn.IFERROR(H24/石化取值!G24*100,"") -> 88.325274 | J24: 125697 | K24: 1389269 | L24: =_xlfn.IFERROR(H24-K24,"") -> -99720
B25: 8、柴油加氢精制处理量 | C25: 吨 | D25: 209000 | E25: =_xlfn.IFERROR(石化取值!E25,"") -> 223525 | F25: =_xlfn.IFERROR(E25/石化取值!D25*100,"") -> 106.94976 | G25: 2760000 | H25: =_xlfn.IFERROR(石化取值!H25,"") -> 2702048 | I25: =_xlfn.IFERROR(H25/石化取值!G25*100,"") -> 97.90029 | J25: 206515 | K25: 2563471 | L25: =_xlfn.IFERROR(H25-K25,"") -> 138577
B26: 9、气分装置加工量 | C26: 吨 | D26: 55800 | E26: =_xlfn.IFERROR(石化取值!E26,"") -> 53873 | F26: =_xlfn.IFERROR(E26/石化取值!D26*100,"") -> 96.546595 | G26: 600000 | H26: =_xlfn.IFERROR(石化取值!H26,"") -> 603872 | I26: =_xlfn.IFERROR(H26/石化取值!G26*100,"") -> 100.64533 | J26: 55942 | K26: 603693 | L26: =_xlfn.IFERROR(H26-K26,"") -> 179
B27: 10、航煤装置处理量 | C27: 吨 | D27: =_xlfn.IFERROR(IF(石化取值!D27=0,"",石化取值!D27),"") | E27: =_xlfn.IFERROR(石化取值!E27,"") -> 0 | F27: =_xlfn.IFERROR(E27/石化取值!D27*100,"") | G27: =_xlfn.IFERROR(IF(石化取值!G27=0,"",石化取值!G27),"") | H27: =_xlfn.IFERROR(石化取值!H27,"") -> 0 | I27: =_xlfn.IFERROR(H27/石化取值!G27*100,"") | J27: 0 | K27: 0 | L27: =_xlfn.IFERROR(H27-K27,"") -> 0
B28: 11、烷基化装置处理量 | C28: 吨 | D28: =_xlfn.IFERROR(IF(石化取值!D28=0,"",石化取值!D28),"") | E28: =_xlfn.IFERROR(石化取值!E28,"") -> 29971 | F28: =_xlfn.IFERROR(E28/石化取值!D28*100,"") | G28: 306492 | H28: =_xlfn.IFERROR(石化取值!H28,"") -> 317896.8 | I28: =_xlfn.IFERROR(H28/石化取值!G28*100,"") -> 103.72108 | J28: 29161 | K28: 313358 | L28: =_xlfn.IFERROR(H28-K28,"") -> 4538.8
B29: 12、混合脱氢装置处理量 | C29: 吨 | D29: =_xlfn.IFERROR(IF(石化取值!D29=0,"",石化取值!D29),"") | E29: =_xlfn.IFERROR(石化取值!E29,"") -> 56218 | F29: =_xlfn.IFERROR(E29/石化取值!D29*100,"") | G29: 450000 | H29: =_xlfn.IFERROR(石化取值!H29,"") -> 486669 | I29: =_xlfn.IFERROR(H29/石化取值!G29*100,"") -> 108.14867 | J29: 40798 | K29: 517512 | L29: =_xlfn.IFERROR(H29-K29,"") -> -30843
B30: 二、油气产品产销量
B31: 1、汽油产量 | C31: 吨 | D31: =_xlfn.IFERROR(IF(石化取值!D31=0,"",石化取值!D31),"") | F31: =_xlfn.IFERROR(E31/石化取值!D31*100,"") | G31: =_xlfn.IFERROR(IF(石化取值!G31=0,"",石化取值!G31),"") | I31: =_xlfn.IFERROR(H31/石化取值!G31*100,"") | L31: =_xlfn.IFERROR(H31-K31,"") -> 0
B32: ⑴ 92#VI | C32: 吨 | D32: =_xlfn.IFERROR(IF(石化取值!D32=0,"",石化取值!D32),"") | F32: =_xlfn.IFERROR(E32/石化取值!D32*100,"") | G32: =_xlfn.IFERROR(IF(石化取值!G32=0,"",石化取值!G32),"") | I32: =_xlfn.IFERROR(H32/石化取值!G32*100,"") | L32: =_xlfn.IFERROR(H32-K32,"") -> 0
B33: ⑵ 95#VI | C33: 吨 | D33: =_xlfn.IFERROR(IF(石化取值!D33=0,"",石化取值!D33),"") | F33: =_xlfn.IFERROR(E33/石化取值!D33*100,"") | G33: =_xlfn.IFERROR(IF(石化取值!G33=0,"",石化取值!G33),"") | I33: =_xlfn.IFERROR(H33/石化取值!G33*100,"") | L33: =_xlfn.IFERROR(H33-K33,"") -> 0
B34: ⑶ 98#Ⅵ | D34: =_xlfn.IFERROR(IF(石化取值!D34=0,"",石化取值!D34),"") | F34: =_xlfn.IFERROR(E34/石化取值!D34*100,"") | G34: =_xlfn.IFERROR(IF(石化取值!G34=0,"",石化取值!G34),"") | I34: =_xlfn.IFERROR(H34/石化取值!G34*100,"") | L34: =_xlfn.IFERROR(H34-K34,"") -> 0
B35: 2、柴油产量 | C35: 吨 | D35: =_xlfn.IFERROR(IF(石化取值!D35=0,"",石化取值!D35),"") | F35: =_xlfn.IFERROR(E35/石化取值!D35*100,"") | G35: =_xlfn.IFERROR(IF(石化取值!G35=0,"",石化取值!G35),"") | I35: =_xlfn.IFERROR(H35/石化取值!G35*100,"") | L35: =_xlfn.IFERROR(H35-K35,"") -> 0
B36: ⑴ 军用柴油 | C36: 吨 | D36: =_xlfn.IFERROR(IF(石化取值!D36=0,"",石化取值!D36),"") | F36: =_xlfn.IFERROR(E36/石化取值!D36*100,"") | G36: =_xlfn.IFERROR(IF(石化取值!G36=0,"",石化取值!G36),"") | I36: =_xlfn.IFERROR(H36/石化取值!G36*100,"") | L36: =_xlfn.IFERROR(H36-K36,"") -> 0
B37: ⑵ 0#VI | C37: 吨 | D37: =_xlfn.IFERROR(IF(石化取值!D37=0,"",石化取值!D37),"") | F37: =_xlfn.IFERROR(E37/石化取值!D37*100,"") | G37: =_xlfn.IFERROR(IF(石化取值!G37=0,"",石化取值!G37),"") | I37: =_xlfn.IFERROR(H37/石化取值!G37*100,"") | L37: =_xlfn.IFERROR(H37-K37,"") -> 0
B38: ⑶ -10#VI | C38: 吨 | D38: =_xlfn.IFERROR(IF(石化取值!D38=0,"",石化取值!D38),"") | F38: =_xlfn.IFERROR(E38/石化取值!D38*100,"") | G38: =_xlfn.IFERROR(IF(石化取值!G38=0,"",石化取值!G38),"") | I38: =_xlfn.IFERROR(H38/石化取值!G38*100,"") | L38: =_xlfn.IFERROR(H38-K38,"") -> 0
B39: ⑷ -20#VI | C39: 吨 | D39: =_xlfn.IFERROR(IF(石化取值!D39=0,"",石化取值!D39),"") | F39: =_xlfn.IFERROR(E39/石化取值!D39*100,"") | G39: =_xlfn.IFERROR(IF(石化取值!G39=0,"",石化取值!G39),"") | I39: =_xlfn.IFERROR(H39/石化取值!G39*100,"") | L39: =_xlfn.IFERROR(H39-K39,"") -> 0
B40: ⑸ -35#VI | C40: 吨 | D40: =_xlfn.IFERROR(IF(石化取值!D40=0,"",石化取值!D40),"") | F40: =_xlfn.IFERROR(E40/石化取值!D40*100,"") | G40: =_xlfn.IFERROR(IF(石化取值!G40=0,"",石化取值!G40),"") | I40: =_xlfn.IFERROR(H40/石化取值!G40*100,"") | L40: =_xlfn.IFERROR(H40-K40,"") -> 0
B41: 3、3#喷气燃料销量（航煤） | C41: 吨 | D41: =_xlfn.IFERROR(IF(石化取值!D41=0,"",石化取值!D41),"") | E41: =_xlfn.IFERROR(石化取值!E41,"") -> 0 | F41: =_xlfn.IFERROR(E41/石化取值!D41*100,"") | G41: =_xlfn.IFERROR(IF(石化取值!G41=0,"",石化取值!G41),"") | H41: =_xlfn.IFERROR(石化取值!H41,"") -> 0 | I41: =_xlfn.IFERROR(H41/石化取值!G41*100,"") | J41: 0 | K41: 0 | L41: =_xlfn.IFERROR(H41-K41,"") -> 0
B42: 4.石脑油销售量 | C42: 吨 | D42: =_xlfn.IFERROR(IF(石化取值!D42=0,"",石化取值!D42),"") | E42: =_xlfn.IFERROR(石化取值!E42,"") -> 0 | F42: =_xlfn.IFERROR(E42/石化取值!D42*100,"") | G42: =_xlfn.IFERROR(IF(石化取值!G42=0,"",石化取值!G42),"") | H42: =_xlfn.IFERROR(石化取值!H42,"") -> 0 | I42: =_xlfn.IFERROR(H42/石化取值!G42*100,"") | J42: 0 | K42: 0 | L42: =_xlfn.IFERROR(H42-K42,"") -> 0
B43: ⑴ 石脑油Ⅰ | C43: 吨 | D43: =_xlfn.IFERROR(IF(石化取值!D43=0,"",石化取值!D43),"") | E43: =_xlfn.IFERROR(石化取值!E43,"") -> 0 | F43: =_xlfn.IFERROR(E43/石化取值!D43*100,"") | G43: =_xlfn.IFERROR(IF(石化取值!G43=0,"",石化取值!G43),"") | H43: =_xlfn.IFERROR(石化取值!H43,"") -> 0 | I43: =_xlfn.IFERROR(H43/石化取值!G43*100,"") | J43: 0 | K43: 0 | L43: =_xlfn.IFERROR(H43-K43,"") -> 0
B44: ⑵ 石脑油Ⅱ | C44: 吨 | D44: =_xlfn.IFERROR(IF(石化取值!D44=0,"",石化取值!D44),"") | E44: =_xlfn.IFERROR(石化取值!E44,"") -> 0 | F44: =_xlfn.IFERROR(E44/石化取值!D44*100,"") | G44: =_xlfn.IFERROR(IF(石化取值!G44=0,"",石化取值!G44),"") | H44: =_xlfn.IFERROR(石化取值!H44,"") -> 0 | I44: =_xlfn.IFERROR(H44/石化取值!G44*100,"") | J44: 0 | K44: 0 | L44: =_xlfn.IFERROR(H44-K44,"") -> 0
B45: ⑶ 石脑油Ⅲ | C45: 吨 | D45: =_xlfn.IFERROR(IF(石化取值!D45=0,"",石化取值!D45),"") | E45: =_xlfn.IFERROR(石化取值!E45,"") -> 0 | F45: =_xlfn.IFERROR(E45/石化取值!D45*100,"") | G45: =_xlfn.IFERROR(IF(石化取值!G45=0,"",石化取值!G45),"") | H45: =_xlfn.IFERROR(石化取值!H45,"") -> 0 | I45: =_xlfn.IFERROR(H45/石化取值!G45*100,"") | J45: 0 | K45: 0 | L45: =_xlfn.IFERROR(H45-K45,"") -> 0
B46: 5、液化气销量 | C46: 吨 | D46: =_xlfn.IFERROR(IF(石化取值!D46=0,"",石化取值!D46),"") | E46: =_xlfn.IFERROR(石化取值!E46,"") -> 0 | F46: =_xlfn.IFERROR(E46/石化取值!D46*100,"") | G46: =_xlfn.IFERROR(IF(石化取值!G46=0,"",石化取值!G46),"") | H46: =_xlfn.IFERROR(石化取值!H46,"") -> 0 | I46: =_xlfn.IFERROR(H46/石化取值!G46*100,"") | J46: 0 | K46: 0 | L46: =_xlfn.IFERROR(H46-K46,"") -> 0
B47: ⑴ 催化液化气 | C47: 吨 | D47: =_xlfn.IFERROR(IF(石化取值!D47=0,"",石化取值!D47),"") | E47: =_xlfn.IFERROR(石化取值!E47,"") -> 0 | F47: =_xlfn.IFERROR(E47/石化取值!D47*100,"") | G47: =_xlfn.IFERROR(IF(石化取值!G47=0,"",石化取值!G47),"") | H47: =_xlfn.IFERROR(石化取值!H47,"") -> 0 | I47: =_xlfn.IFERROR(H47/石化取值!G47*100,"") | J47: 0 | K47: 0 | L47: =_xlfn.IFERROR(H47-K47,"") -> 0
B48: ⑵ 醚后碳四 | C48: 吨 | D48: =_xlfn.IFERROR(IF(石化取值!D48=0,"",石化取值!D48),"") | E48: =_xlfn.IFERROR(石化取值!E48,"") -> 0 | F48: =_xlfn.IFERROR(E48/石化取值!D48*100,"") | G48: =_xlfn.IFERROR(IF(石化取值!G48=0,"",石化取值!G48),"") | H48: =_xlfn.IFERROR(石化取值!H48,"") -> 0 | I48: =_xlfn.IFERROR(H48/石化取值!G48*100,"") | J48: 0 | K48: 0 | L48: =_xlfn.IFERROR(H48-K48,"") -> 0
B49: ⑶ 民用液化气 | C49: 吨 | D49: =_xlfn.IFERROR(IF(石化取值!D49=0,"",石化取值!D49),"") | E49: =_xlfn.IFERROR(石化取值!E49,"") -> 0 | F49: =_xlfn.IFERROR(E49/石化取值!D49*100,"") | G49: 86489 | H49: =_xlfn.IFERROR(石化取值!H49,"") -> 0 | I49: =_xlfn.IFERROR(H49/石化取值!G49*100,"") -> 0 | J49: 0 | K49: 0 | L49: =_xlfn.IFERROR(H49-K49,"") -> 0
B50: ⑷ 正丁烷 | C50: 吨 | D50: =_xlfn.IFERROR(IF(石化取值!D50=0,"",石化取值!D50),"") | E50: =_xlfn.IFERROR(石化取值!E50,"") -> 0 | F50: =_xlfn.IFERROR(E50/石化取值!D50*100,"") | G50: =_xlfn.IFERROR(IF(石化取值!G50=0,"",石化取值!G50),"") | H50: =_xlfn.IFERROR(石化取值!H50,"") -> 0 | I50: =_xlfn.IFERROR(H50/石化取值!G50*100,"") | J50: 0 | K50: 0 | L50: =_xlfn.IFERROR(H50-K50,"") -> 0
B51: 6、1#渣油销量（供榆能化） | C51: 吨 | D51: =_xlfn.IFERROR(IF(石化取值!D51=0,"",石化取值!D51),"") | E51: =_xlfn.IFERROR(石化取值!E51,"") -> 0 | F51: =_xlfn.IFERROR(E51/石化取值!D51*100,"") | G51: =_xlfn.IFERROR(IF(石化取值!G51=0,"",石化取值!G51),"") | H51: =_xlfn.IFERROR(石化取值!H51,"") -> 0 | I51: =_xlfn.IFERROR(H51/石化取值!G51*100,"") | J51: 0 | K51: 0 | L51: =_xlfn.IFERROR(H51-K51,"") -> 0
B52: 7、2#渣油销量 | C52: 吨 | D52: =_xlfn.IFERROR(IF(石化取值!D52=0,"",石化取值!D52),"") | E52: =_xlfn.IFERROR(石化取值!E52,"") -> 0 | F52: =_xlfn.IFERROR(E52/石化取值!D52*100,"") | G52: =_xlfn.IFERROR(IF(石化取值!G52=0,"",石化取值!G52),"") | H52: =_xlfn.IFERROR(石化取值!H52,"") -> 0 | I52: =_xlfn.IFERROR(H52/石化取值!G52*100,"") | J52: 0 | K52: 0 | L52: =_xlfn.IFERROR(H52-K52,"") -> 0
B53: 8、聚丙烯产量 | C53: 吨 | D53: 17500 | E53: =_xlfn.IFERROR(石化取值!E53,"") -> 18230 | F53: =_xlfn.IFERROR(E53/石化取值!D53*100,"") -> 104.17143 | G53: 200000 | H53: =_xlfn.IFERROR(石化取值!H53,"") -> 198259 | I53: =_xlfn.IFERROR(H53/石化取值!G53*100,"") -> 99.1295 | J53: 18136 | K53: 203114 | L53: =_xlfn.IFERROR(H53-K53,"") -> -4855
B54: 9、苯乙烯产量 | C54: 吨 | D54: =_xlfn.IFERROR(IF(石化取值!D54=0,"",石化取值!D54),"") | E54: =_xlfn.IFERROR(石化取值!E54,"") -> 0 | F54: =_xlfn.IFERROR(E54/石化取值!D54*100,"") | G54: =_xlfn.IFERROR(IF(石化取值!G54=0,"",石化取值!G54),"") | H54: =_xlfn.IFERROR(石化取值!H54,"") -> 0 | I54: =_xlfn.IFERROR(H54/石化取值!G54*100,"") | L54: =_xlfn.IFERROR(H54-K54,"") -> 0
B55: 10、苯销量 | C55: 吨 | D55: 200 | E55: =_xlfn.IFERROR(石化取值!E55,"") -> 0 | F55: =_xlfn.IFERROR(E55/石化取值!D55*100,"") -> 0 | G55: 11600 | H55: =_xlfn.IFERROR(石化取值!H55,"") -> 0 | I55: =_xlfn.IFERROR(H55/石化取值!G55*100,"") -> 0 | L55: =_xlfn.IFERROR(H55-K55,"") -> 0
B56: 11、二甲苯销量 | C56: 吨 | D56: =_xlfn.IFERROR(IF(石化取值!D56=0,"",石化取值!D56),"") | E56: =_xlfn.IFERROR(石化取值!E56,"") -> 0 | F56: =_xlfn.IFERROR(E56/石化取值!D56*100,"") | G56: =_xlfn.IFERROR(IF(石化取值!G56=0,"",石化取值!G56),"") | H56: =_xlfn.IFERROR(石化取值!H56,"") -> 0 | I56: =_xlfn.IFERROR(H56/石化取值!G56*100,"") | L56: =_xlfn.IFERROR(H56-K56,"") -> 0
B57: 12、醋酸仲丁酯销量 | C57: 吨 | D57: =_xlfn.IFERROR(IF(石化取值!D57=0,"",石化取值!D57),"") | E57: =_xlfn.IFERROR(石化取值!E57,"") -> 0 | F57: =_xlfn.IFERROR(E57/石化取值!D57*100,"") | G57: =_xlfn.IFERROR(IF(石化取值!G57=0,"",石化取值!G57),"") | H57: =_xlfn.IFERROR(石化取值!H57,"") -> 0 | I57: =_xlfn.IFERROR(H57/石化取值!G57*100,"") | L57: =_xlfn.IFERROR(H57-K57,"") -> 0
B58: 13、精制硫磺销量 | C58: 吨 | D58: =_xlfn.IFERROR(IF(石化取值!D58=0,"",石化取值!D58),"") | E58: =_xlfn.IFERROR(石化取值!E58,"") -> 202 | F58: =_xlfn.IFERROR(E58/石化取值!D58*100,"") | G58: 1200 | H58: =_xlfn.IFERROR(石化取值!H58,"") -> 1763 | I58: =_xlfn.IFERROR(H58/石化取值!G58*100,"") -> 146.91667 | J58: 133 | K58: 1550.7 | L58: =_xlfn.IFERROR(H58-K58,"") -> 212.3
B59: 14、粗硫磺销量 | C59: 吨 | D59: =_xlfn.IFERROR(IF(石化取值!D59=0,"",石化取值!D59),"") | E59: =_xlfn.IFERROR(石化取值!E59,"") -> 0 | F59: =_xlfn.IFERROR(E59/石化取值!D59*100,"") | G59: =_xlfn.IFERROR(IF(石化取值!G59=0,"",石化取值!G59),"") | H59: =_xlfn.IFERROR(石化取值!H59,"") -> 0 | I59: =_xlfn.IFERROR(H59/石化取值!G59*100,"") | J59: 0 | K59: 0 | L59: =_xlfn.IFERROR(H59-K59,"") -> 0
B60: 15、丙烯销量 | C60: 吨 | D60: =_xlfn.IFERROR(IF(石化取值!D60=0,"",石化取值!D60),"") | E60: =_xlfn.IFERROR(石化取值!E60,"") -> 0 | F60: =_xlfn.IFERROR(E60/石化取值!D60*100,"") | G60: 25313 | H60: =_xlfn.IFERROR(石化取值!H60,"") -> 0 | I60: =_xlfn.IFERROR(H60/石化取值!G60*100,"") -> 0 | J60: 0 | K60: 0 | L60: =_xlfn.IFERROR(H60-K60,"") -> 0
B61: 16、硫酸铵销量 | C61: 吨 | D61: =_xlfn.IFERROR(IF(石化取值!D61=0,"",石化取值!D61),"") | E61: =_xlfn.IFERROR(石化取值!E61,"") -> 0 | F61: =_xlfn.IFERROR(E61/石化取值!D61*100,"") | G61: =_xlfn.IFERROR(IF(石化取值!G61=0,"",石化取值!G61),"") | H61: =_xlfn.IFERROR(石化取值!H61,"") -> 0 | I61: =_xlfn.IFERROR(H61/石化取值!G61*100,"") | J61: 0 | K61: 0 | L61: =_xlfn.IFERROR(H61-K61,"") -> 0
B62: 17、异辛烷组分产量 | C62: 吨 | D62: 18000.055 | E62: =_xlfn.IFERROR(石化取值!E62,"") -> 18963 | F62: =_xlfn.IFERROR(E62/石化取值!D62*100,"") -> 105.34968 | G62: 210000 | H62: =_xlfn.IFERROR(石化取值!H62,"") -> 210582 | I62: =_xlfn.IFERROR(H62/石化取值!G62*100,"") -> 100.27714 | J62: 18694 | K62: 211394 | L62: =_xlfn.IFERROR(H62-K62,"") -> -812
B63: 18、异辛烷组分销量 | C63: 吨 | D63: =_xlfn.IFERROR(IF(石化取值!D63=0,"",石化取值!D63),"") | E63: =_xlfn.IFERROR(石化取值!E63,"") -> 0 | F63: =_xlfn.IFERROR(E63/石化取值!D63*100,"") | G63: =_xlfn.IFERROR(IF(石化取值!G63=0,"",石化取值!G63),"") | H63: =_xlfn.IFERROR(石化取值!H63,"") -> 0 | I63: =_xlfn.IFERROR(H63/石化取值!G63*100,"") | J63: 0 | K63: 3378.14 | L63: =_xlfn.IFERROR(H63-K63,"") -> -3378.14
B64: 19、MTBE产量 | C64: 吨 | D64: 23600 | E64: =_xlfn.IFERROR(石化取值!E64,"") -> 27446 | F64: =_xlfn.IFERROR(E64/石化取值!D64*100,"") -> 116.29661 | G64: 253000 | H64: =_xlfn.IFERROR(石化取值!H64,"") -> 241696 | I64: =_xlfn.IFERROR(H64/石化取值!G64*100,"") -> 95.532016 | J64: 20018 | K64: 251236 | L64: =_xlfn.IFERROR(H64-K64,"") -> -9540
B65: 20、MTBE销量 | C65: 吨 | D65: =_xlfn.IFERROR(IF(石化取值!D65=0,"",石化取值!D65),"") | E65: =_xlfn.IFERROR(石化取值!E65,"") -> 0 | F65: =_xlfn.IFERROR(E65/石化取值!D65*100,"") | G65: =_xlfn.IFERROR(IF(石化取值!G65=0,"",石化取值!G65),"") | H65: =_xlfn.IFERROR(石化取值!H65,"") -> 0 | I65: =_xlfn.IFERROR(H65/石化取值!G65*100,"") | J65: 0 | K65: 4353.48 | L65: =_xlfn.IFERROR(H65-K65,"") -> -4353.48
B66: 21、液氨销量 | C66: 吨 | D66: =_xlfn.IFERROR(IF(石化取值!D66=0,"",石化取值!D66),"") | E66: =_xlfn.IFERROR(石化取值!E66,"") -> 0 | F66: =_xlfn.IFERROR(E66/石化取值!D66*100,"") | G66: =_xlfn.IFERROR(IF(石化取值!G66=0,"",石化取值!G66),"") | H66: =_xlfn.IFERROR(石化取值!H66,"") -> 0 | I66: =_xlfn.IFERROR(H66/石化取值!G66*100,"") | J66: 0 | K66: 0 | L66: =_xlfn.IFERROR(H66-K66,"") -> 0
B67: 22、3#喷气燃料产量 | C67: 吨 | D67: =_xlfn.IFERROR(IF(石化取值!D67=0,"",石化取值!D67),"") | F67: =_xlfn.IFERROR(E67/石化取值!D67*100,"") | G67: =_xlfn.IFERROR(IF(石化取值!G67=0,"",石化取值!G67),"") | H67: 0 | I67: =_xlfn.IFERROR(H67/石化取值!G67*100,"") | K67: 0 | L67: =_xlfn.IFERROR(H67-K67,"") -> 0
B68: 三、综合指标
B69: 1、成品油产量(汽油+柴油+航煤) | C69: 吨 | D69: =_xlfn.IFERROR(IF(石化取值!D69=0,"",石化取值!D69),"") | E69: =_xlfn.IFERROR(石化取值!E69,"") -> 0 | F69: =_xlfn.IFERROR(E69/石化取值!D69*100,"") | G69: =_xlfn.IFERROR(IF(石化取值!G69=0,"",石化取值!G69),"") | H69: =_xlfn.IFERROR(石化取值!H69,"") -> 0 | I69: =_xlfn.IFERROR(H69/石化取值!G69*100,"") | J69: 0 | K69: 0 | L69: =_xlfn.IFERROR(H69-K69,"") -> 0
B70: 2、综合商品量 | C70: 吨 | D70: 488000 | E70: =_xlfn.IFERROR(石化取值!E70,"") -> 514535 | F70: =_xlfn.IFERROR(E70/石化取值!D70*100,"") -> 105.4375 | G70: 6074000 | H70: =_xlfn.IFERROR(石化取值!H70,"") -> 5931263 | I70: =_xlfn.IFERROR(H70/石化取值!G70*100,"") -> 97.650033 | J70: 485974 | K70: 5726520.7 | L70: =_xlfn.IFERROR(H70-K70,"") -> 204742.3
B71: 3、综合商品率 | C71: % | D71: 97.35 | E71: =_xlfn.IFERROR(石化取值!E71,"") -> 95.008445 | F71: =_xlfn.IFERROR(IF(D71=0,"",E71-D71),"") -> -2.3415549 | G71: 96.75 | H71: =_xlfn.IFERROR(石化取值!H71,"") -> 96.917881 | I71: =_xlfn.IFERROR(IF(G71=0,"",H71-G71),"") -> 0.16788085 | J71: 96.907151 | K71: 97.078257 | L71: =_xlfn.IFERROR(H71-K71,"") -> -0.16037614
B72: 4、综合自用率 | C72: % | D72: 1.6 | E72: =_xlfn.IFERROR(石化取值!E72,"") -> 3.961531 | F72: =_xlfn.IFERROR(IF(D72=0,"",E72-D72),"") -> 2.361531 | G72: 2.05 | H72: =_xlfn.IFERROR(石化取值!H72,"") -> 2.0420753 | I72: =_xlfn.IFERROR(IF(G72=0,"",H72-G72),"") -> -0.0079247014 | J72: 2.0429282 | K72: 1.871554 | L72: =_xlfn.IFERROR(H72-K72,"") -> 0.1705213
B73: 5、综合加工损失率 | C73: % | D73: 1.05 | E73: =_xlfn.IFERROR(石化取值!E73,"") -> 1.0300608 | F73: =_xlfn.IFERROR(IF(D73=0,"",E73-D73),"") -> -0.019939177 | G73: 1.2 | H73: =_xlfn.IFERROR(石化取值!H73,"") -> 1.0400295 | I73: =_xlfn.IFERROR(IF(G73=0,"",H73-G73),"") -> -0.15997046 | J73: 1.049921 | K73: 1.050189 | L73: =_xlfn.IFERROR(H73-K73,"") -> -0.01015948
B74: 6、炼油综合能耗 | C74: kg标油/t | D74: 49 | E74: =_xlfn.IFERROR(石化取值!E74,"") -> 42.207397 | F74: =_xlfn.IFERROR(IF(D74=0,"",E74-D74),"") -> -6.7926025 | G74: 49.5 | H74: =_xlfn.IFERROR(石化取值!H74,"") -> 42.418994 | I74: =_xlfn.IFERROR(IF(G74=0,"",H74-G74),"") -> -7.0810062 | J74: 49.274929 | K74: 44.504145 | L74: =_xlfn.IFERROR(H74-K74,"") -> -2.0851511
B75: 7、丙烯单耗 | C75: t/t | D75: 1.0500893 | E75: =_xlfn.IFERROR(石化取值!E75,"") -> 1.0314866 | F75: =_xlfn.IFERROR(IF(D75=0,"",E75-D75),"") -> -0.018602697 | G75: 1.05 | H75: =_xlfn.IFERROR(石化取值!H75,"") -> 1.0333484 | I75: =_xlfn.IFERROR(IF(G75=0,"",H75-G75),"") -> -0.01665159 | J75: 1.0307675 | K75: 1.031406 | L75: =_xlfn.IFERROR(H75-K75,"") -> 0.0019424014
B76: 8、石油产品出厂合格率 | C76: % | D76: 100 | E76: =_xlfn.IFERROR(石化取值!E76,"") -> 100 | F76: =_xlfn.IFERROR(IF(D76=0,"",E76-D76),"") -> 0 | G76: 100 | H76: =_xlfn.IFERROR(石化取值!H76,"") -> 100 | I76: =_xlfn.IFERROR(IF(G76=0,"",H76-G76),"") -> 0 | J76: 100 | K76: 100 | L76: =_xlfn.IFERROR(H76-K76,"") -> 0
B77: 四、装置收率
B78: 1、常压装置轻质油收率 | C78: % | D78: =_xlfn.IFERROR(IF(石化取值!D78=0,"",石化取值!D78),"") | F78: =_xlfn.IFERROR(IF(D78=0,"",E78-D78),"") | G78: =_xlfn.IFERROR(IF(石化取值!G78=0,"",石化取值!G78),"") | I78: =_xlfn.IFERROR(IF(G78=0,"",H78-G78),"") | L78: =_xlfn.IFERROR(H78-K78,"") -> 0
B79: 2、催化装置汽柴液总收率 | C79: % | D79: =_xlfn.IFERROR(IF(石化取值!D79=0,"",石化取值!D79),"") | F79: =_xlfn.IFERROR(IF(D79=0,"",E79-D79),"") | G79: =_xlfn.IFERROR(IF(石化取值!G79=0,"",石化取值!G79),"") | I79: =_xlfn.IFERROR(IF(G79=0,"",H79-G79),"") | L79: =_xlfn.IFERROR(H79-K79,"") -> 0
B80: 其中：催化装置轻质油收率 | C80: % | D80: =_xlfn.IFERROR(IF(石化取值!D80=0,"",石化取值!D80),"") | F80: =_xlfn.IFERROR(IF(D80=0,"",E80-D80),"") | G80: =_xlfn.IFERROR(IF(石化取值!G80=0,"",石化取值!G80),"") | I80: =_xlfn.IFERROR(IF(G80=0,"",H80-G80),"") | L80: =_xlfn.IFERROR(H80-K80,"") -> 0
B81: 催化装置液化气收率 | C81: % | D81: =_xlfn.IFERROR(IF(石化取值!D81=0,"",石化取值!D81),"") | F81: =_xlfn.IFERROR(IF(D81=0,"",E81-D81),"") | G81: =_xlfn.IFERROR(IF(石化取值!G81=0,"",石化取值!G81),"") | I81: =_xlfn.IFERROR(IF(G81=0,"",H81-G81),"") | L81: =_xlfn.IFERROR(H81-K81,"") -> 0
B82: 3、重整装置总收率 | C82: % | D82: 92.7 | E82: =_xlfn.IFERROR(石化取值!E82,"") -> 93.043233 | F82: =_xlfn.IFERROR(IF(D82=0,"",E82-D82),"") -> 0.34323311 | G82: 92.5 | H82: =_xlfn.IFERROR(石化取值!H82,"") -> 92.847545 | I82: =_xlfn.IFERROR(IF(G82=0,"",H82-G82),"") -> 0.347545 | J82: 93.000456 | K82: 92.917118 | L82: =_xlfn.IFERROR(H82-K82,"") -> -0.069573315
B83: 4、气体分馏装置丙烯收率 | C83: % | D83: 25.5 | E83: =_xlfn.IFERROR(石化取值!E83,"") -> 27.756019 | F83: =_xlfn.IFERROR(IF(D83=0,"",E83-D83),"") -> 2.2560188 | G83: 24.5 | H83: =_xlfn.IFERROR(石化取值!H83,"") -> 26.889686 | I83: =_xlfn.IFERROR(IF(G83=0,"",H83-G83),"") -> 2.3896864 | J83: 28.309678 | K83: 27.141941 | L83: =_xlfn.IFERROR(H83-K83,"") -> -0.25225494
B84: 5、MTBE装置MTBE收率 | C84: % | D84: =_xlfn.IFERROR(IF(石化取值!D84=0,"",石化取值!D84),"") | E84: =_xlfn.IFERROR(石化取值!E84,"") -> 36.299911 | F84: =_xlfn.IFERROR(IF(D84=0,"",E84-D84),"") | G84: 17.5 | H84: =_xlfn.IFERROR(石化取值!H84,"") -> 32.313321 | I84: =_xlfn.IFERROR(IF(G84=0,"",H84-G84),"") -> 14.813321 | J84: 31.133645 | K84: 32.941207 | L84: =_xlfn.IFERROR(H84-K84,"") -> -0.62788679
B85: 6、醋酸仲丁酯收率 | C85: % | D85: =_xlfn.IFERROR(IF(石化取值!D85=0,"",石化取值!D85),"") | E85: =_xlfn.IFERROR(石化取值!E85,"") -> 0 | F85: =_xlfn.IFERROR(IF(D85=0,"",E85-D85),"") | G85: =_xlfn.IFERROR(IF(石化取值!G85=0,"",石化取值!G85),"") | H85: =_xlfn.IFERROR(石化取值!H85,"") -> 0 | I85: =_xlfn.IFERROR(IF(G85=0,"",H85-G85),"") | J85: 0 | K85: 0 | L85: =_xlfn.IFERROR(H85-K85,"") -> 0
B86: 7、聚丙烯装置收率 | C86: % | D86: =_xlfn.IFERROR(IF(石化取值!D86=0,"",石化取值!D86),"") | E86: =_xlfn.IFERROR(石化取值!E86,"") -> 96.947458 | F86: =_xlfn.IFERROR(IF(D86=0,"",E86-D86),"") | G86: =_xlfn.IFERROR(IF(石化取值!G86=0,"",石化取值!G86),"") | H86: =_xlfn.IFERROR(石化取值!H86,"") -> 96.772782 | I86: =_xlfn.IFERROR(IF(G86=0,"",H86-G86),"") | J86: 97.015085 | K86: 96.95503 | L86: =_xlfn.IFERROR(H86-K86,"") -> -0.1822479
B87: 8、汽油加氢精制总收率 | C87: % | D87: 98 | E87: =_xlfn.IFERROR(石化取值!E87,"") -> 98.515113 | F87: =_xlfn.IFERROR(IF(D87=0,"",E87-D87),"") -> 0.51511317 | G87: 98.5 | H87: =_xlfn.IFERROR(石化取值!H87,"") -> 98.499553 | I87: =_xlfn.IFERROR(IF(G87=0,"",H87-G87),"") -> -0.00044705552 | J87: 98.020637 | K87: 98.694421 | L87: =_xlfn.IFERROR(H87-K87,"") -> -0.19486837
B88: 9、柴油加氢精制总收率 | C88: % | D88: 99 | E88: =_xlfn.IFERROR(石化取值!E88,"") -> 99.239369 | F88: =_xlfn.IFERROR(IF(D88=0,"",E88-D88),"") -> 0.2393692 | G88: 99 | H88: =_xlfn.IFERROR(石化取值!H88,"") -> 99.335708 | I88: =_xlfn.IFERROR(IF(G88=0,"",H88-G88),"") -> 0.33570809 | J88: 99.356463 | K88: 99.273489 | L88: =_xlfn.IFERROR(H88-K88,"") -> 0.062219134
B89: 10、苯乙烯收率 | C89: %
B90: 备注
B94: 主管领导： | C94: 郝新宇 | D94: 部门负责人： | F94: 郝新宇 | G94: 审核人： | H94: 陈雄伟 | J94: 编制： | K94: 肖璇
C96: 郝新宇 | F96: 郝新宇 | H96: 陈雄伟 | K96: 肖璇

Sheet 取值说明
A1: 指标名称 | B1: 延炼 | C1: 永炼 | D1: 榆炼 | E1: 石化厂
B2: 取值来源 | C2: 取值来源 | D2: 取值来源 | E2: 取值来源
A3: 一、装置加工量
A4: 1、原料油（气）加工量
A5: 其中：原油 | B5: 延炼_生产计划部_原料成品收拨平衡表_原油_装置加工量 | C5: 永炼_生产计划部_原料产品收拨平衡表_原油加工量 | D5: 榆炼_原料油、成品收拨平衡表_原油_装置加工量 | E5: 延安石油化工厂_生产计划部_原料产品收拨平衡表_原油_装置加工量
A6: 甲醇 | B6: 延炼_生产计划部_原料成品收拨平衡表_甲醇_外购量 | C6: 永炼_生产计划部_原料产品收拨平衡表_甲醇外购量 | D6: 榆炼_原料油、成品收拨平衡表_甲醇外购量 | E6: 延安石油化工厂_生产计划部_原料产品收拨平衡表_甲醇_外购量
A7: MTBE | B7: 延炼_生产计划部_半成品收拨平衡表_MTBE_外购量 | C7: 永炼_生产计划部_半成品收拨平衡表_MTBE外购量 | D7: 榆炼_半成品收拨平衡表_MTBE_外购量 | E7: 延安石油化工厂_生产计划部_半成品收拨平衡表_MTBE外购量
A8: 1#渣油 | B8: 延炼_生产计划部_原料成品收拨平衡表_1#渣油_外购量 | C8: 永炼_生产计划部_原料产品收拨平衡表_1#渣油外购量 | D8: 榆炼_原料油、成品收拨平衡表_1#渣油外购量 | E8: 延安石油化工厂_生产计划部_原料产品收拨平衡表_1#渣油外购量
A9: 裂解石脑油 | B9: 延炼_生产计划部_原料成品收拨平衡表_ DCC裂解石脑油_外购量 | C9: 永炼_生产计划部_原料产品收拨平衡表_DCC裂解石脑油外购量 | D9: 榆炼_原料油、成品收拨平衡表_DCC裂解石脑油_外购量 | E9: 延安石油化工厂_生产计划部_原料产品收拨平衡表_DCC裂解石脑油外购量
A10: 上古液化气 | B10: 延炼_生产计划部_半成品收拨平衡表_催化液化气_外购量 | C10: 永炼_生产计划部_半成品收拨平衡表_催化液化气外购量 | D10: 榆炼_半成品收拨平衡表_催化原料液化气_外购量 | E10: 延安石油化工厂_生产计划部_半成品收拨平衡表_催化液化气外购量
A11: 醋酸 | B11: 延炼_生产计划部_原料成品收拨平衡表_醋酸_外购量 | C11: 永炼_生产计划部_原料产品收拨平衡表_醋酸外购量 | D11: 榆炼_原料产品收拨平衡表_醋酸外购量 | E11: 延安石油化工厂_生产计划部_原料产品收拨平衡表_醋酸外购量
A12: 异辛烷组分 | B12: 延炼_生产计划部_半成品收拨平衡表_烷基化油_外购量 | C12: 永炼_生产计划部_半成品收拨平衡表_烷基化油外购量 | D12: 榆炼_半成品收拨平衡表_烷基化油外购量 | E12: 延安石油化工厂_生产计划部_半成品收拨平衡表_烷基化油外购量
A13: 异丁烷 | B13: 延炼_生产计划部_半成品收拨平衡表_异丁烷_外购量 | C13: 永炼_生产计划部_半成品收拨平衡表_异丁烷外购量 | D13: 榆炼_半成品收拨平衡表_异丁烷外购量 | E13: 延安石油化工厂_生产计划部_原料产品收拨平衡表_异丁烷_外购量
A14: 2、常压装置加工量 | B14: 延炼_生产计划部_原料成品收拨平衡表_原油_装置加工量 | C14: 永炼_生产计划部_原料产品收拨平衡表_原油加工量 | D14: 榆炼_炼油装置加工量及主要产品产量表_常压装置原油加工量 | E14: 延安石油化工厂_生产_装置加工量及主要产品产量月报_常压装置原油加工量
A15: 其中：原油加工量 | B15: 延炼_生产计划部_原料成品收拨平衡表_原油_装置加工量 | C15: 永炼_生产计划部_原料产品收拨平衡表_原油加工量 | D15: 榆炼_炼油装置加工量及主要产品产量表_常压装置原油加工量 | E15: 延安石油化工厂_生产_装置加工量及主要产品产量月报_常压装置原油加工量
A16: 3、催化装置加工量 | B16: 延炼_装置加工量及主要产品产量表_催化装置加工量 | C16: 永炼_炼油装置加工量及主要产品产量表_催化装置加工量_本月完成值 | D16: 榆炼_炼油装置加工量及主要产品产量表_催化装置加工量 | E16: 延安石油化工厂_生产_装置加工量及主要产品产量月报_催化装置加工量
... A26: 12、混合脱氢装置处理量 | B26: 延炼_装置加工量及主要产品产量表_混合脱氢装置加工量 | C26: 永炼_炼油装置加工量及主要产品产量表_混合脱氢装置_本月完成值 | D26: 榆炼_炼油装置加工量及主要产品产量表_混合脱氢装置加工量 | E26: 延安石油化工厂_生产_装置加工量及主要产品产量月报_混合脱氢装置加工量
A27: 二、油气产品产销量
A28: 1、汽油产量
A29: ⑴ 92#VI | B29: 延炼_生产计划部_原料成品收拨平衡表_92#_生产量 | C29: 永炼_生产计划部_原料产品收拨平衡表_92#入库量 | D29: 榆炼_原料油、成品收拨平衡表_92#_生产量 | E29: 延安石油化工厂_生产计划部_原料产品收拨平衡表_92#生产量
A30: ⑵ 95#VI | B30: 延炼_生产计划部_原料成品收拨平衡表_95#_生产量 | C30: 永炼_生产计划部_原料产品收拨平衡表_95#入库量 | D30: 榆炼_原料油、成品收拨平衡表_95#_生产量 | E30: 延安石油化工厂_生产计划部_原料产品收拨平衡表_95#生产量
A31: ⑶ 98#Ⅵ | B31: 延炼_生产计划部_原料成品收拨平衡表_98#_生产量 | C31: 永炼_生产计划部_原料产品收拨平衡表_98#入库量 | D31: 榆炼_原料油、成品收拨平衡表_98#_生产量 | E31: 延安石油化工厂_生产计划部_原料产品收拨平衡表_98#生产量
A32: 2、柴油产量
A33: ⑴ 军用柴油 | B33: 延炼_生产计划部_半成品收拨平衡表_军柴原料_生产量 | C33: 永炼_生产计划部_半成品收拨平衡表_军柴原料_生产量 | D33: 榆炼_半成品收拨平衡表_军用柴油（原常二线）_生产量 | E33: 延安石油化工厂_生产计划部_半成品收拨平衡表_军柴原料_生产量
A34: ⑵ 0#VI | B34: 延炼_生产计划部_原料成品收拨平衡表_0#_生产量 | C34: 永炼_生产计划部_原料产品收拨平衡表_0#入库量 | D34: 榆炼_原料油、成品收拨平衡表_0#_生产量 | E34: 延安石油化工厂_生产计划部_原料产品收拨平衡表_0#生产量
A35: ⑶ -10#VI | B35: 延炼_生产计划部_原料成品收拨平衡表_-10#_生产量 | C35: 永炼_生产计划部_原料产品收拨平衡表_-10#入库量 | D35: 榆炼_原料油、成品收拨平衡表_-10#_生产量 | E35: 延安石油化工厂_生产计划部_原料产品收拨平衡表_-10#生产量
A36: ⑷ -20#VI | B36: 延炼_生产计划部_原料成品收拨平衡表_-20#_生产量 | C36: 永炼_生产计划部_原料产品收拨平衡表_-20#入库量 | D36: 榆炼_原料油、成品收拨平衡表_-20#_生产量 | E36: 延安石油化工厂_生产计划部_原料产品收拨平衡表_-20#生产量
A37: ⑸ -35#VI | B37: 延炼_生产计划部_原料成品收拨平衡表_-35#_生产量 | C37: 永炼_生产计划部_原料产品收拨平衡表_-35#入库量 | D37: 榆炼_原料油、成品收拨平衡表_-35#_生产量 | E37: 延安石油化工厂_生产计划部_原料产品收拨平衡表_-35#生产量
A38: 3、3#喷气燃料销量（航煤） | B38: 延炼_生产计划部_原料成品收拨平衡表_3#喷气燃料_销售 | C38: 永炼_生产计划部_原料产品收拨平衡表_航煤销售 | D38: 榆炼_原料油、成品收拨平衡表_3#喷气燃料_生产量 | E38: 延安石油化工厂_生产计划部_原料产品收拨平衡表_航煤销售
A39: 4.石脑油销售量
A40: ⑴ 石脑油Ⅰ | B40: 延炼_生产计划部_半成品收拨平衡表_石脑油Ⅰ_销售 | C40: 永炼_生产计划部_半成品收拨平衡表_石脑油Ⅰ销售量 | D40: 榆炼_半成品收拨平衡表_石脑油Ⅰ（常压石脑油）_销售 | E40: 延安石油化工厂_生产计划部__半成品收拨平衡表_石脑油Ⅰ销售量
A41: ⑵ 石脑油Ⅱ | B41: 延炼_生产计划部_半成品收拨平衡表_石脑油Ⅱ_销售 | C41: 永炼_生产计划部_半成品收拨平衡表_石脑油Ⅱ销售量 | D41: 榆炼_半成品收拨平衡表_石脑油号Ⅱ（拔头油）_销售 | E41: 延安石油化工厂_生产计划部__半成品收拨平衡表_石脑油Ⅱ销售量
A42: ⑶ 石脑油Ⅲ | B42: 延炼_生产计划部_半成品收拨平衡表_石脑油III_销售 | C42: 永炼_生产计划部_半成品收拨平衡表_石脑油III_销售量 | D42: 榆炼_原料油、成品收拨平衡表_石脑油III_销售 | E42: 延安石油化工厂_生产计划部__半成品收拨平衡表_石脑油III_销售量
A43: 5、液化气销量
A44: ⑴ 催化液化气 | B44: 延炼_生产计划部_半成品收拨平衡表_催化液化气_销售 | C44: 永炼_生产计划部_半成品收拨平衡表_催化液化气销售量 | D44: 榆炼_半成品收拨平衡表_催化原料液化气_销售 | E44: 延安石油化工厂_生产计划部__半成品收拨平衡表_催化液化气销售量
A45: ⑵ 醚后碳四 | B45: 延炼_生产计划部_半成品收拨平衡表_醚后C4_销售 | C45: 永炼_生产计划部_半成品收拨平衡表_醚后C5_销售 | D45: 榆炼_半成品收拨平衡表_醚后碳四_销售 | E45: 延安石油化工厂_生产计划部__半成品收拨平衡表_醚后C5_销售
A46: ⑶ 民用液化气 | B46: 延炼_生产计划部_半成品收拨平衡表_民用液化气_销售 | C46: 永炼_生产计划部_半成品收拨平衡表_民用液化气_销售 | D46: 榆炼_半成品收拨平衡表_饱和液化气_销售 | E46: 延安石油化工厂_生产计划部__半成品收拨平衡表_民用液化气_销售
A47: ⑷ 正丁烷 | B47: 延炼_生产计划部_半成品收拨平衡表_正丁烷_销售 | C47: 永炼_生产计划部_半成品收拨平衡表_正丁烷_销售 | D47: 榆炼_半成品收拨平衡表_正丁烷_销售 | E47: 延安石油化工厂_生产计划部__半成品收拨平衡表_正丁烷_销售
A48: 6、1#渣油销量（供榆能化） | B48: 延炼_生产计划部_原料成品收拨平衡表_1#渣油_销售 | C48: 永炼_生产计划部_原料产品收拨平衡表_1#渣油销售 | D48: 榆炼_炼油装置加工量及主要产品产量表_常压1#渣油 | E48: 延安石油化工厂_生产计划部_原料产品收拨平衡表#渣油销售
A49: 7、2#渣油销量 | B49: 延炼_生产计划部_原料成品收拨平衡表_2#渣油_销售 | C49: 永炼_生产计划部_原料产品收拨平衡表_2#渣油销售 | D49: 榆炼_原料油、成品收拨平衡表_2#渣油_销售_管道+公路 | E49: 延安石油化工厂_生产计划部_原料产品收拨平衡表#渣油销售
A50: 8、聚丙烯产量 | B50: 延炼_生产计划部_原料成品收拨平衡表_聚丙烯_生产量 | C50: 永炼_生产计划部_原料成品收拨平衡表_聚丙烯_生产量 | D50: 榆炼_原料油、成品收拨平衡表_聚丙烯_生产量 | E50: 延安石油化工厂_生产_装置加工量及主要产品产量月报_聚丙烯（生产量）
A51: 9、苯乙烯产量 | B51: 延炼_生产计划部_原料成品收拨平衡表_苯乙烯_生产量 | C51: 永炼_生产计划部_原料成品收拨平衡表_苯乙烯_生产量 | D51: 榆炼_原料油、成品收拨平衡表_苯乙烯_生产量 | E51: 延安石油化工厂_生产计划部_原料产品收拨平衡表_苯乙烯_生产量
A52: 10、苯销量 | B52: 延炼_生产计划部_半成品收拨平衡表_苯_销售 | C52: 永炼_生产计划部_半成品收拨平衡表_苯_销售 | D52: 榆炼_炼油装置加工量及主要产品产量表_苯_销售 | E52: 延安石油化工厂_生产_装置加工量及主要产品产量月报_苯_销售
A53: 11、二甲苯销量 | B53: 延炼_生产计划部_半成品收拨平衡表_二甲苯_销售 | C53: 永炼_生产计划部_半成品收拨平衡表_二甲苯_销售 | D53: 榆炼_半成品收拨平衡表_二甲苯_销售 | E53: 延安石油化工厂_生产计划部__半成品收拨平衡表_二甲苯_销售
A54: 12、醋酸仲丁酯产量 | B54: 延炼_生产计划部_原料成品收拨平衡表_醋酸仲丁酯_生产量 | C54: 永炼_生产计划部_原料产品收拨平衡表_醋酸仲丁酯_生产量 | D54: 榆炼_原料油、成品收拨平衡表_醋酸仲丁酯_生产量 | E54: 延安石油化工厂_生产计划部_原料产品收拨平衡表_醋酸仲丁酯_生产量
A55: 13、精制硫磺销量 | B55: 延炼_生产计划部_原料成品收拨平衡表_精制硫磺销量_生产量 | C55: 永炼_生产计划部_原料成品收拨平衡表_精制硫磺销量_生产量 | D55: 榆炼_原料油、成品收拨平衡表_精制硫磺_销售_公路 | E55: 延安石油化工厂_生产计划部_原料产品收拨平衡表_精制硫磺_销售
... A64: 22、3#喷气燃料产量 | B64: 延炼_生产计划部_原料成品收拨平衡表_3#喷气燃料_销售 | C64: 永炼_生产计划部_原料成品收拨平衡表_3#喷气燃料_销售 | D64: 榆炼_原料油、成品收拨平衡表_3#喷气燃料_销售 | E64: 延安石油化工厂_生产计划部_原料产品收拨平衡表_3#喷气燃料_销售
A65: 三、综合指标
A66: 1、成品油产量(汽油+柴油+航煤)
A67: 2、综合商品量 | B67: 延炼_装置加工量及主要产品产量表_综合商品量 | C67: 永炼_炼油装置加工量及主要产品产量表_综合商品量_本月完成值 | D67: 榆炼_炼油装置加工量及主要产品产量表_综合商品量 | E67: 延安石油化工厂_生产_装置加工量及主要产品产量月报_综合商品量
A68: 3、综合商品率 | B68: 延炼_主要技术经济指标_石油产品可比综合商品率_月子项/月母项 | C68: 永炼_主要技术经济指标_石油产品可比综合商品率_本月子项/本月母项 | D68: 榆炼_主要技术经济指标_石油产品可比综合商品率_本月子项/本月母项 | E68: 延安石油化工厂_生产_主要技术指标_吨原料油（气）耗新鲜水_可比综合商品率_子项/母项
A69: 4、综合自用率 | B69: 延炼_主要技术经济指标_石油产品综合自用率_月子项/月母项 | C69: 永炼_主要技术经济指标_石油产品综合自用率_本月子项/本月母项 | D69: 榆炼_主要技术经济指标_石油产品综合自用率_本月子项/本月母项 | E69: 延安石油化工厂_生产_主要技术指标_吨原料油（气）耗新鲜水_石油产品综合自用率_子项/母项
A70: 5、综合加工损失率 | B70: 延炼_主要技术经济指标_原油加工损失率_月子项/月母项 | C70: 永炼_主要技术经济指标_原油加工损失率_本月子项/本月母项 | D70: 榆炼_主要技术经济指标_原油加工损失率_本月子项/本月母项 | E70: 延安石油化工厂_生产_主要技术指标_吨原料油（气）耗新鲜水_综合加工损失率_子项/母项
A71: 6、炼油综合能耗 | B71: 延炼_主要技术经济指标_炼油综合能耗_月子项/月母项 | C71: 永炼_主要技术经济指标_综合能耗_本月子项/本月母项 | D71: 榆炼_主要技术经济指标_加工一吨原油综合能耗_本月子项/本月母项 | E71: 延安石油化工厂_生产_主要技术指标_炼油综合能耗_子项/母项
A72: 7、丙烯单耗 | B72: 延炼_主要技术经济指标_丙烯单耗_月子项/月母项 | C72: 永炼_主要技术经济指标_丙烯单耗_月子项/月母项 | D72: 榆炼_主要技术经济指标_丙烯单耗_月子项/月母项 | E72: 延安石油化工厂_生产_主要技术指标_聚丙烯装置收率_子项/母项
A73: 8、石油产品出厂合格率 | B73: 延炼_主要技术经济指标_石油产品出厂合格率_月子项/月母项 | C73: 永炼_主要技术经济指标_石油产品出厂合格率_月子项/月母项 | D73: 榆炼_主要技术经济指标_石油产品出厂合格率_月子项/月母项 | E73: 延安石油化工厂_生产_主要技术指标_石油产品出厂合格率_子项/母项
A74: 四、装置收率
A75: 1、常压装置轻质油收率 | B75: 延炼_主要技术经济指标_常压装置轻质油收率_月子项/月母项 | C75: 永炼_主要技术经济指标_常压装置轻质油收率_本月子项/本月母项 | D75: 榆炼_主要技术经济指标（续）_常压装置轻质油收率_子项/母项 | E75: 延安石油化工厂_生产_主要技术指标_常压装置轻质油收率_子项/母项
A76: 2、催化装置汽柴液总收率 | B76: 延炼_主要技术经济指标_催化装置总拔出率_月子项/月母项 | C76: 永炼_主要技术经济指标_催化装置总拔出率_本月子项/本月母项 | D76: 榆炼_主要技术经济指标（续）_催化装置总拔出率_子项/母项 | E76: 延安石油化工厂_生产_主要技术指标_催化装置总拔出率_子项/母项
A77: 其中：催化装置轻质油收率
A78: 催化装置液化气收率 | B78: 延炼_主要技术经济指标_催化装置液化气收率_月子项/月母项 | C78: 永炼_主要技术经济指标_催化装置液化气收率_本月子项/本月母项 | D78: 榆炼_主要技术经济指标（续）_催化装置液化气收率_子项/母项 | E78: 延安石油化工厂_生产_主要技术指标_催化装置液化气收率_子项/母项
A79: 3、重整装置总收率 | B79: 延炼_主要技术经济指标_重整装置总收率_月子项/月母项 | C79: 永炼_主要技术经济指标_重整装置总收率_本月子项/本月母项 | D79: 榆炼_主要技术经济指标（续）_重整装置总收率_子项/母项 | E79: 延安石油化工厂_生产_主要技术指标_重整装置总收率_子项/母项
A80: 4、气体分馏装置丙烯收率 | B80: 延炼_主要技术经济指标_气体分馏装置丙烯收率1_月子项/月母项 | C80: 永炼_主要技术经济指标_气体分馏装置丙烯收率1_月子项/月母项 | D80: 榆炼_主要技术经济指标（续）_气体分馏装置丙烯收率1_月子项/月母项 | E80: 延安石油化工厂_生产_主要技术指标_丙烯收率_子项/母项
A81: 5、MTBE装置MTBE收率 | B81: 延炼_主要技术经济指标_MTBE装置MTBE收率_月子项/月母项 | C81: 永炼_主要技术经济指标_MTBE装置MTBE收率_月子项/月母项 | D81: 榆炼_主要技术经济指标（续）_MTBE装置MTBE收率_月子项/月母项 | E81: 延安石油化工厂_生产_主要技术指标_两套MTBE收率_子项/母项
A82: 6、醋酸仲丁酯收率 | B82: 延炼_主要技术经济指标_醋酸仲丁酯收率_月子项/月母项 | C82: 永炼_主要技术经济指标_醋酸仲丁酯收率_月子项/月母项 | D82: 榆炼_主要技术经济指标（续）_醋酸仲丁酯收率_月子项/月母项 | E82: 延安石油化工厂_生产_主要技术指标_醋酸仲丁酯收率_子项/母项
A83: 7、聚丙烯装置收率 | B83: 延炼_主要技术经济指标_聚丙烯装置收率_月子项/月母项 | C83: 永炼_主要技术经济指标_聚丙烯装置收率_月子项/月母项 | D83: 榆炼_主要技术经济指标（续）_聚丙烯装置收率_月子项/月母项 | E83: 延安石油化工厂_生产_主要技术指标_聚丙烯装置收率_子项/母项
A84: 8、汽油加氢精制总收率 | B84: 永炼_主要技术经济指标_汽油精制装置总收率_本月子项/本月母项 | C84: 永炼_主要技术经济指标_90万吨汽油精制装置总收率_本月子项/本月母项 | D84: 榆炼_主要技术经济指标（续）_汽油精制装置收率_子项/母项 | E84: 延安石油化工厂_生产_主要技术指标_汽油精制装置总收率_子项/母项
A85: 9、柴油加氢精制总收率 | B85: 永炼_主要技术经济指标_柴油加氢精制总收率_本月子项/本月母项 | C85: 永炼_主要技术经济指标_140万吨加氢精制装置总收率_本月子项/本月母项 | D85: 榆炼_主要技术经济指标（续）_柴油精制装置收率_子项/母项 | E85: 延安石油化工厂_生产_主要技术指标_柴油加氢精制收率_子项/母项
B87: 原料、成品收拨平衡表 | C87: 原料产品平衡表 | D87: 原料产品平衡表 | E87: 原料油、产品收拨平衡统计月报表
B89: 半成品收拨平衡表 | C89: 半成品平衡表 | D89: 半成品收拨平衡月统计表 | E89: 半成品收拨平衡表
B91: 装置加工量及主要产品产量表 | C91: 装置加工量及主要产品 | D91: 炼油装置加工量及主要产品产量表 | E91: 装置加工量及主要产品产量表
B93: 主要技术经济指标 | C93: 技术经济指标（一） | D93: 主要技术经济指标 | E93: 主要技术经济指标
C95: 技术经济指标（二） | D95: 主要技术经济指标（续）

Sheet 石化取值
B1: 炼化公司生产月报表（石化厂）
B2: 填报单位：炼化公司 | C2: =#REF! | J2: 陕油统 炼化B-401
B3: 指标名称 | C3: 单位 | D3: 本月生产 | G3: 本年生产 | J3: 去年同期 | L3: 同比 增长
D4: 月计划 | E4: 月完成 | F4: 完成率% | G4: 年计划 | H4: 年完成 | I4: 完成率% | J4: 本月 | K4: 本年
B5: 一、装置加工量
B6: 1、原料油（气）加工量 | C6: 吨
B7: 其中：原油 | C7: 吨 | D7: 0
B8: 甲醇 | C8: 吨 | D8: 9000 | E8: =_xlfn.IFERROR(E95,"") -> 10396.72 | F8: =E8/#REF!*100 | G8: 114272 | H8: =_xlfn.IFERROR(H95,"") -> 80486.04 | I8: =H8/#REF!*100 | J8: =_xlfn.IFERROR(J95,"") -> 7264.46 | K8: =_xlfn.IFERROR(K95,"") -> 91923.3 | L8: =H8-K8 -> -11437.26
B9: MTBE | C9: 吨 | J9: =_xlfn.IFERROR(J96,"") -> 0 | K9: =_xlfn.IFERROR(K96,"") -> 0
B10: 1#渣油 | C10: 吨
B11: 裂解石脑油 | C11: 吨 | J11: =_xlfn.IFERROR(J98,"") -> 0 | K11: =_xlfn.IFERROR(K98,"") -> 0
B12: 上古液化气 | C12: 吨
B13: 醋酸 | C13: 吨 | J13: =_xlfn.IFERROR(J100,"") -> 0 | K13: =_xlfn.IFERROR(K100,"") -> 0
B14: 异辛烷组分 | C14: 吨
B15: 异丁烷 | C15: 吨 | E15: =_xlfn.IFERROR(E97,"") -> 6745.3 | G15: 50000 | H15: =_xlfn.IFERROR(H97,"") -> 64112.6 | I15: =H15/#REF!*100 | J15: =_xlfn.IFERROR(J97,"") -> 1937.9 | K15: =_xlfn.IFERROR(K97,"") -> 60633.02
B16: 2、常压装置加工量 | C16: 吨 | J16: =_xlfn.IFERROR(J98,"") -> 0 | K16: =_xlfn.IFERROR(K98,"") -> 0 | L16: 0
B17: 原油加工量 | C17: 吨
B18: 其中：进口原油加工量 | C18: 吨 | H18: =H162 -> 0 | J18: =_xlfn.IFERROR(J162,"") -> 0 | K18: =_xlfn.IFERROR(K162,"") -> 0
B19: 3、催化装置加工量 | C19: 吨 | J19: =_xlfn.IFERROR(J100,"") -> 0 | K19: =_xlfn.IFERROR(K100,"") -> 0
B20: 其中：1#渣油加工量 | C20: 吨
B21: 4、重整装置处理量 | C21: 吨 | D21: 120000 | E21: =_xlfn.IFERROR(E99,"") -> 120602 | F21: =E21/#REF!*100 | G21: 1430000 | H21: =_xlfn.IFERROR(H99,"") -> 1364477 | I21: =H21/#REF!*100 | J21: =_xlfn.IFERROR(J99,"") -> 116179 | K21: =_xlfn.IFERROR(K99,"") -> 1243604 | L21: =H21-K21 -> 120873
B22: 5、DCC石脑油加氢处理量 | C22: 吨 | J22: =_xlfn.IFERROR(J100,"") -> 0 | K22: =_xlfn.IFERROR(K100,"") -> 0
B23: 6、DCC裂解轻油加氢处理量 | C23: 吨 | J23: 0 | K23: 0
B24: 7、汽油加氢精制处理量 | C24: 吨 | D24: 119000 | E24: =_xlfn.IFERROR(E101,"") -> 124858 | F24: =E24/#REF!*100 | G24: 1460000 | H24: =_xlfn.IFERROR(H101,"") -> 1289549 | I24: =H24/#REF!*100 | J24: =_xlfn.IFERROR(J101,"") -> 125697 | K24: =_xlfn.IFERROR(K101,"") -> 1389269 | L24: =H24-K24 -> -99720
B25: 8、柴油加氢精制处理量 | C25: 吨 | D25: 209000 | E25: =_xlfn.IFERROR(SUM(E103,E104),"") -> 223525 | F25: =E25/#REF!*100 | G25: 2760000 | H25: =_xlfn.IFERROR(SUM(H103,H104),"") -> 2702048 | I25: =H25/#REF!*100 | J25: =_xlfn.IFERROR(SUM(J103,J104),"") -> 206515 | K25: =_xlfn.IFERROR(SUM(K103,K104),"") -> 2563471 | L25: =H25-K25 -> 138577
B26: 9、气分装置加工量 | C26: 吨 | D26: 55800 | E26: =_xlfn.IFERROR(E106,"") -> 53873 | F26: =E26/#REF!*100 | G26: 600000 | H26: =_xlfn.IFERROR(H106,"") -> 603872 | I26: =H26/#REF!*100 | J26: =_xlfn.IFERROR(J106,"") -> 55942 | K26: =_xlfn.IFERROR(K106,"") -> 603693 | L26: =H26-K26 -> 179
B27: 10、航煤装置处理量 | C27: 吨 | J27: =_xlfn.IFERROR(J107,"") -> 0 | K27: =_xlfn.IFERROR(K107,"") -> 0
B28: 11、烷基化装置处理量 | C28: 吨 | E28: =_xlfn.IFERROR(E109,"") -> 29971 | G28: 306492 | H28: =_xlfn.IFERROR(H109,"") -> 317896.8 | I28: =H28/#REF!*100 | J28: =_xlfn.IFERROR(J109,"") -> 29161 | K28: =_xlfn.IFERROR(K109,"") -> 313358 | L28: =H28-K28 -> 4538.8
B29: 12、混合脱氢装置处理量 | C29: 吨 | E29: =_xlfn.IFERROR(E112,"") -> 56218 | G29: 450000 | H29: =_xlfn.IFERROR(H112,"") -> 486669 | I29: =H29/#REF!*100 | J29: =_xlfn.IFERROR(J112,"") -> 40798 | K29: =_xlfn.IFERROR(K112,"") -> 517512 | L29: =H29-K29 -> -30843
B30: 二、油气产品产销量
B31: 1、汽油产量 | C31: 吨
B32: ⑴ 92#VI | C32: 吨
B33: ⑵ 95#VI | C33: 吨
B34: ⑶ 98#Ⅵ
B35: 2、柴油产量 | C35: 吨
B36: ⑴ 军用柴油 | C36: 吨
B37: ⑵ 0#VI | C37: 吨
B38: ⑶ -10#VI | C38: 吨
B39: ⑷ -20#VI | C39: 吨
B40: ⑸ -35#VI | C40: 吨
B41: 3、3#喷气燃料销量（航煤） | C41: 吨
B42: 4.石脑油销售量 | C42: 吨
B43: ⑴ 石脑油Ⅰ | C43: 吨
B44: ⑵ 石脑油Ⅱ | C44: 吨
B45: ⑶ 石脑油Ⅲ | C45: 吨
B46: 5、液化气销量 | C46: 吨
... B48: ⑵ 醚后碳四 | C48: 吨
B49: ⑶ 民用液化气 | C49: 吨 | G49: 86489
B50: ⑷ 正丁烷 | C50: 吨
B51: 6、1#渣油销量（供榆能化） | C51: 吨
B52: 7、2#渣油销量 | C52: 吨
B53: 8、聚丙烯产量 | C53: 吨 | D53: 17500 | E53: =_xlfn.IFERROR(E117,"") -> 18230 | F53: =E53/#REF!*100 | G53: 200000 | H53: =_xlfn.IFERROR(H117,"") -> 198259 | I53: =H53/#REF!*100 | J53: =_xlfn.IFERROR(J117,"") -> 18136 | K53: =_xlfn.IFERROR(K117,"") -> 203114 | L53: =H53-K53 -> -4855
B54: 9、苯乙烯产量 | C54: 吨
B55: 10、苯销量 | C55: 吨 | D55: 200 | G55: 11600
B56: 11、二甲苯销量 | C56: 吨
B57: 12、醋酸仲丁酯销量 | C57: 吨
B58: 13、精制硫磺销量 | C58: 吨 | E58: =_xlfn.IFERROR(E119,"") -> 202 | G58: 1200 | H58: =_xlfn.IFERROR(H119,"") -> 1763 | J58: =_xlfn.IFERROR(J119,"") -> 133 | K58: =_xlfn.IFERROR(K119,"") -> 1550.7
B59: 14、粗硫磺销量 | C59: 吨 | E59: =_xlfn.IFERROR(E120,"") -> 0 | H59: =_xlfn.IFERROR(H120,"") -> 0 | J59: =_xlfn.IFERROR(J120,"") -> 0 | K59: =_xlfn.IFERROR(K120,"") -> 0 | L59: =H59-K59 -> 0
B60: 15、丙烯销量 | C60: 吨 | G60: 25313
B61: 16、硫酸铵销量 | C61: 吨
B62: 17、异辛烷组分产量 | C62: 吨 | D62: 18000.055 | E62: =_xlfn.IFERROR(E121,"") -> 18963 | F62: =E62/#REF!*100 | G62: 210000 | H62: =_xlfn.IFERROR(H121,"") -> 210582 | I62: =H62/#REF!*100 | J62: =_xlfn.IFERROR(J121,"") -> 18694 | K62: =_xlfn.IFERROR(K121,"") -> 211394 | L62: =H62-K62 -> -812
B63: 18、异辛烷组分销量 | C63: 吨 | E63: =_xlfn.IFERROR(E123,"") -> 0 | H63: =_xlfn.IFERROR(H123,"") -> 0 | J63: =_xlfn.IFERROR(J123,"") -> 0 | K63: =_xlfn.IFERROR(K123,"") -> 3378.14
B64: 19、MTBE产量 | C64: 吨 | D64: 23600 | E64: =_xlfn.IFERROR(E125,"") -> 27446 | F64: =E64/#REF!*100 | G64: 253000 | H64: =_xlfn.IFERROR(H125,"") -> 241696 | I64: =H64/#REF!*100 | J64: =_xlfn.IFERROR(J125,"") -> 20018 | K64: =_xlfn.IFERROR(K125,"") -> 251236 | L64: =H64-K64 -> -9540
B65: 20、MTBE销量 | C65: 吨 | E65: =_xlfn.IFERROR(E127,"") -> 0 | H65: =_xlfn.IFERROR(H127,"") -> 0 | J65: =_xlfn.IFERROR(J127,"") -> 0 | K65: =_xlfn.IFERROR(K127,"") -> 4353.48
B66: 21、液氨销量 | C66: 吨
B67: 22、3#喷气燃料产量 | C67: 吨
B68: 三、综合指标
B69: 1、成品油产量(汽油+柴油+航煤) | C69: 吨 | D69: =D31+D35+D41 -> 0
B70: 2、综合商品量 | C70: 吨 | D70: 488000 | E70: =_xlfn.IFERROR(E129,"") -> 514535 | F70: =E70/#REF!*100 | G70: 6074000 | H70: =_xlfn.IFERROR(H129,"") -> 5931263 | I70: =H70/#REF!*100 | J70: =_xlfn.IFERROR(J129,"") -> 485974 | K70: =_xlfn.IFERROR(K129,"") -> 5726520.7 | L70: =H70-K70 -> 204742.3
B71: 3、综合商品率 | C71: % | D71: 97.35 | E71: =_xlfn.IFERROR(E153/E154*100,"") -> 95.008445 | F71: =E71-#REF! | G71: 96.75 | H71: =_xlfn.IFERROR(H153/H154*100,"") -> 96.917881 | I71: =H71-#REF! | J71: =_xlfn.IFERROR(J153/J154*100,"") -> 96.907151 | K71: =_xlfn.IFERROR(K153/K154*100,"") -> 97.078257 | L71: =H71-K71 -> -0.16037614
B72: 4、综合自用率 | C72: % | D72: 1.6 | E72: =SUM(E138/E139*100) -> 3.961531 | F72: =E72-#REF! | G72: 2.05 | H72: =SUM(H138/H139*100) -> 2.0420753 | I72: =H72-#REF! | J72: =SUM(J138/J139*100) -> 2.0429282 | K72: =SUM(K138/K139*100) -> 1.871554 | L72: =H72-K72 -> 0.1705213
B73: 5、综合加工损失率 | C73: % | D73: 1.05 | E73: =SUM(E132/E133*100) -> 1.0300608 | F73: =E73-#REF! | G73: 1.2 | H73: =SUM(H132/H133*100) -> 1.0400295 | I73: =H73-#REF! | J73: =SUM(J132/J133*100) -> 1.049921 | K73: =SUM(K132/K133*100) -> 1.050189 | L73: =H73-K73 -> -0.01015948
B74: 6、炼油综合能耗 | C74: kg标油/t | D74: 49 | E74: =_xlfn.IFERROR(E135/E136,"") -> 42.207397 | F74: =E74-#REF! | G74: 49.5 | H74: =_xlfn.IFERROR(H135/H136,"") -> 42.418994 | I74: =H74-#REF! | J74: =_xlfn.IFERROR(J135/J136,"") -> 49.274929 | K74: =_xlfn.IFERROR(K135/K136,"") -> 44.504145 | L74: =H74-K74 -> -2.0851511
B75: 7、丙烯单耗 | C75: t/t | D75: 1.0500893 | E75: =_xlfn.IFERROR(100/E86,"") -> 1.0314866 | F75: =E75-#REF! | G75: 1.05 | H75: =_xlfn.IFERROR(100/H86,"") -> 1.0333484 | I75: =H75-#REF! | J75: =_xlfn.IFERROR(100/J86,"") -> 1.0307675 | K75: =_xlfn.IFERROR(100/K86,"") -> 1.031406 | L75: =H75-K75 -> 0.0019424014
B76: 8、石油产品出厂合格率 | C76: % | D76: 100 | E76: =SUM(E114/E115*100) -> 100 | G76: 100 | H76: =SUM(H114/H115*100) -> 100 | J76: =SUM(J114/J115*100) -> 100 | K76: =SUM(K114/K115*100) -> 100
B77: 四、装置收率
B78: 1、常压装置轻质油收率 | C78: %
B79: 2、催化装置汽柴液总收率 | C79: % | D79: =D80+D81 -> 0
B80: 其中：催化装置轻质油收率 | C80: %
B81: 催化装置液化气收率 | C81: %
