Workbook

Sheet 生产日报1
B1: 炼化公司生产日报表
B2: 填报单位：生产计划部 | D2: 统计日期： | F2: 2026-01-06 | H2: 填报日期： | J2: 2026-01-07 | N2: 陕油炼计统B900-1表
B3: 指标名称 | D3: 月计划 | E3: 延安炼油厂 | G3: 永坪炼油厂 | I3: 榆林炼油厂 | K3: 延安石化厂 | M3: 公司合计 | N3: 本月累计 | O3: 月完成率
E4: 日累 | F4: 月累 | G4: 日累 | H4: 月累 | I4: 日累 | J4: 月累 | K4: 日累 | L4: 月累
B5: 一、生产加工量
B6: 1.常压装置加工量 | D6: =IF(生产日报1取值!D6=0,"",生产日报1取值!D6) -> 1180000 | E6: =IF(生产日报1取值!E6=0,"",生产日报1取值!E6) -> 16826 | F6: =IF(生产日报1取值!F6=0,"",生产日报1取值!F6) -> 117720 | G6: =IF(生产日报1取值!G6=0,"",生产日报1取值!G6) -> 9194 | H6: =IF(生产日报1取值!H6=0,"",生产日报1取值!H6) -> 62067 | I6: =IF(生产日报1取值!I6=0,"",生产日报1取值!I6) -> 13001 | J6: =IF(生产日报1取值!J6=0,"",生产日报1取值!J6) -> 94349 | K6: =IF(生产日报1取值!K6=0,"",生产日报1取值!K6) | ... O6: =IF(生产日报1取值!O6=0,"",生产日报1取值!O6) -> 23.231864
B7: 2.催化装置加工量 | D7: =IF(生产日报1取值!D7=0,"",生产日报1取值!D7) -> 486000 | E7: =IF(生产日报1取值!E7=0,"",生产日报1取值!E7) -> 8867 | F7: =IF(生产日报1取值!F7=0,"",生产日报1取值!F7) -> 62050 | G7: =IF(生产日报1取值!G7=0,"",生产日报1取值!G7) -> 3733 | H7: =IF(生产日报1取值!H7=0,"",生产日报1取值!H7) -> 26723 | I7: =IF(生产日报1取值!I7=0,"",生产日报1取值!I7) -> 4763 | J7: =IF(生产日报1取值!J7=0,"",生产日报1取值!J7) -> 30986 | K7: =IF(生产日报1取值!K7=0,"",生产日报1取值!K7) | ... O7: =IF(生产日报1取值!O7=0,"",生产日报1取值!O7) -> 24.64177
B8: 1#渣油加工量 | D8: =IF(生产日报1取值!D8=0,"",生产日报1取值!D8) -> 486000 | E8: =IF(生产日报1取值!E8=0,"",生产日报1取值!E8) -> 8809 | F8: =IF(生产日报1取值!F8=0,"",生产日报1取值!F8) -> 61644 | G8: =IF(生产日报1取值!G8=0,"",生产日报1取值!G8) -> 3431 | H8: =IF(生产日报1取值!H8=0,"",生产日报1取值!H8) -> 24621 | I8: =IF(生产日报1取值!I8=0,"",生产日报1取值!I8) -> 4647 | J8: =IF(生产日报1取值!J8=0,"",生产日报1取值!J8) -> 30175 | K8: =IF(生产日报1取值!K8=0,"",生产日报1取值!K8) | ... O8: =IF(生产日报1取值!O8=0,"",生产日报1取值!O8) -> 23.958848
B9: 3.重整装置加工量 | D9: =IF(生产日报1取值!D9=0,"",生产日报1取值!D9) -> 223000 | E9: =IF(生产日报1取值!E9=0,"",生产日报1取值!E9) | F9: =IF(生产日报1取值!F9=0,"",生产日报1取值!F9) | G9: =IF(生产日报1取值!G9=0,"",生产日报1取值!G9) -> 617 | H9: =IF(生产日报1取值!H9=0,"",生产日报1取值!H9) -> 4266 | I9: =IF(生产日报1取值!I9=0,"",生产日报1取值!I9) -> 3340 | J9: =IF(生产日报1取值!J9=0,"",生产日报1取值!J9) -> 23339 | K9: =IF(生产日报1取值!K9=0,"",生产日报1取值!K9) -> 4280 | ... O9: =IF(生产日报1取值!O9=0,"",生产日报1取值!O9) -> 25.811659
B10: 4.加氢装置加工量 | D10: =IF(生产日报1取值!D10=0,"",生产日报1取值!D10) | E10: =IF(生产日报1取值!E10=0,"",生产日报1取值!E10) | F10: =IF(生产日报1取值!F10=0,"",生产日报1取值!F10) | G10: =IF(生产日报1取值!G10=0,"",生产日报1取值!G10) | H10: =IF(生产日报1取值!H10=0,"",生产日报1取值!H10) | I10: =IF(生产日报1取值!I10=0,"",生产日报1取值!I10) | J10: =IF(生产日报1取值!J10=0,"",生产日报1取值!J10) | K10: =IF(生产日报1取值!K10=0,"",生产日报1取值!K10) -> 2295 | ... O10: =IF(生产日报1取值!O10=0,"",生产日报1取值!O10)
B11: 5.液化气精制量 | D11: =IF(生产日报1取值!D11=0,"",生产日报1取值!D11) | E11: =IF(生产日报1取值!E11=0,"",生产日报1取值!E11) -> 949 | F11: =IF(生产日报1取值!F11=0,"",生产日报1取值!F11) -> 6156 | G11: =IF(生产日报1取值!G11=0,"",生产日报1取值!G11) | H11: =IF(生产日报1取值!H11=0,"",生产日报1取值!H11) | I11: =IF(生产日报1取值!I11=0,"",生产日报1取值!I11) | J11: =IF(生产日报1取值!J11=0,"",生产日报1取值!J11) | K11: =IF(生产日报1取值!K11=0,"",生产日报1取值!K11) -> 1757 | ... O11: =IF(生产日报1取值!O11=0,"",生产日报1取值!O11)
B12: 6.气体分馏加工量 | D12: =IF(生产日报1取值!D12=0,"",生产日报1取值!D12) -> 83600 | E12: =IF(生产日报1取值!E12=0,"",生产日报1取值!E12) -> 946 | F12: =IF(生产日报1取值!F12=0,"",生产日报1取值!F12) -> 6135 | G12: =IF(生产日报1取值!G12=0,"",生产日报1取值!G12) | H12: =IF(生产日报1取值!H12=0,"",生产日报1取值!H12) | I12: =IF(生产日报1取值!I12=0,"",生产日报1取值!I12) | J12: =IF(生产日报1取值!J12=0,"",生产日报1取值!J12) | K12: =IF(生产日报1取值!K12=0,"",生产日报1取值!K12) -> 1730 | ... O12: =IF(生产日报1取值!O12=0,"",生产日报1取值!O12) -> 22.116029
B13: 7.聚丙烯加工量 | D13: =IF(生产日报1取值!D13=0,"",生产日报1取值!D13) | E13: =IF(生产日报1取值!E13=0,"",生产日报1取值!E13) -> 316 | F13: =IF(生产日报1取值!F13=0,"",生产日报1取值!F13) -> 2187 | G13: =IF(生产日报1取值!G13=0,"",生产日报1取值!G13) | H13: =IF(生产日报1取值!H13=0,"",生产日报1取值!H13) | I13: =IF(生产日报1取值!I13=0,"",生产日报1取值!I13) | J13: =IF(生产日报1取值!J13=0,"",生产日报1取值!J13) | K13: =IF(生产日报1取值!K13=0,"",生产日报1取值!K13) -> 627 | ... O13: =IF(生产日报1取值!O13=0,"",生产日报1取值!O13)
B14: 8.MTBE加工量 | D14: =IF(生产日报1取值!D14=0,"",生产日报1取值!D14) | E14: =IF(生产日报1取值!E14=0,"",生产日报1取值!E14) -> 582 | F14: =IF(生产日报1取值!F14=0,"",生产日报1取值!F14) -> 3756 | G14: =IF(生产日报1取值!G14=0,"",生产日报1取值!G14) | H14: =IF(生产日报1取值!H14=0,"",生产日报1取值!H14) | I14: =IF(生产日报1取值!I14=0,"",生产日报1取值!I14) | J14: =IF(生产日报1取值!J14=0,"",生产日报1取值!J14) | K14: =IF(生产日报1取值!K14=0,"",生产日报1取值!K14) -> 1043 | ... O14: =IF(生产日报1取值!O14=0,"",生产日报1取值!O14)
B15: 9.苯抽提加工量 | D15: =IF(生产日报1取值!D15=0,"",生产日报1取值!D15) | E15: =IF(生产日报1取值!E15=0,"",生产日报1取值!E15) | F15: =IF(生产日报1取值!F15=0,"",生产日报1取值!F15) | G15: =IF(生产日报1取值!G15=0,"",生产日报1取值!G15) | H15: =IF(生产日报1取值!H15=0,"",生产日报1取值!H15) | I15: =IF(生产日报1取值!I15=0,"",生产日报1取值!I15) -> 471 | J15: =IF(生产日报1取值!J15=0,"",生产日报1取值!J15) -> 3189 | K15: =IF(生产日报1取值!K15=0,"",生产日报1取值!K15) -> 559 | ... O15: =IF(生产日报1取值!O15=0,"",生产日报1取值!O15)
B16: 10.干气精制加工量 | D16: =IF(生产日报1取值!D16=0,"",生产日报1取值!D16) | E16: =IF(生产日报1取值!E16=0,"",生产日报1取值!E16) -> 300 | F16: =IF(生产日报1取值!F16=0,"",生产日报1取值!F16) -> 2164 | G16: =IF(生产日报1取值!G16=0,"",生产日报1取值!G16) | H16: =IF(生产日报1取值!H16=0,"",生产日报1取值!H16) | I16: =IF(生产日报1取值!I16=0,"",生产日报1取值!I16) | J16: =IF(生产日报1取值!J16=0,"",生产日报1取值!J16) | K16: =IF(生产日报1取值!K16=0,"",生产日报1取值!K16) | ... O16: =IF(生产日报1取值!O16=0,"",生产日报1取值!O16)
B17: 11.乙苯加工量 | D17: =IF(生产日报1取值!D17=0,"",生产日报1取值!D17) | E17: =IF(生产日报1取值!E17=0,"",生产日报1取值!E17) -> 356 | F17: =IF(生产日报1取值!F17=0,"",生产日报1取值!F17) -> 2564 | G17: =IF(生产日报1取值!G17=0,"",生产日报1取值!G17) | H17: =IF(生产日报1取值!H17=0,"",生产日报1取值!H17) | I17: =IF(生产日报1取值!I17=0,"",生产日报1取值!I17) | J17: =IF(生产日报1取值!J17=0,"",生产日报1取值!J17) | K17: =IF(生产日报1取值!K17=0,"",生产日报1取值!K17) | ... O17: =IF(生产日报1取值!O17=0,"",生产日报1取值!O17)
... B22: 15.柴油精制加工量 | D22: =IF(生产日报1取值!D22=0,"",生产日报1取值!D22) -> 446000 | E22: =IF(生产日报1取值!E22=0,"",生产日报1取值!E22) | F22: =IF(生产日报1取值!F22=0,"",生产日报1取值!F22) | G22: =IF(生产日报1取值!G22=0,"",生产日报1取值!G22) -> 2830 | H22: =IF(生产日报1取值!H22=0,"",生产日报1取值!H22) -> 23859 | I22: =IF(生产日报1取值!I22=0,"",生产日报1取值!I22) -> 4425 | J22: =IF(生产日报1取值!J22=0,"",生产日报1取值!J22) -> 33634 | K22: =IF(生产日报1取值!K22=0,"",生产日报1取值!K22) -> 4881 | ... O22: =IF(生产日报1取值!O22=0,"",生产日报1取值!O22) -> 20.59148
B23: 二、装置收率 | D23: =IF(生产日报1取值!D23=0,"",生产日报1取值!D23)
B24: 1.常压轻质油收率 | D24: =IF(生产日报1取值!D24=0,"",生产日报1取值!D24) -> 48.454237 | E24: =IF(生产日报1取值!E24=0,"",生产日报1取值!E24) -> 48.30025 | F24: =IF(生产日报1取值!F24=0,"",生产日报1取值!F24) -> 48.547401 | G24: =IF(生产日报1取值!G24=0,"",生产日报1取值!G24) -> 49.042854 | H24: =IF(生产日报1取值!H24=0,"",生产日报1取值!H24) -> 49.121111 | I24: =IF(生产日报1取值!I24=0,"",生产日报1取值!I24) -> 51.865241 | J24: =IF(生产日报1取值!J24=0,"",生产日报1取值!J24) -> 52.837868 | K24: =IF(生产日报1取值!K24=0,"",生产日报1取值!K24) | ... N24: =IF(生产日报1取值!N24=0,"",生产日报1取值!N24) -> 50.153938 | P24: =M24 -> 49.663002 | Q24: =N24 -> 50.153938
B25: 2.催化轻质油收率 | D25: =IF(生产日报1取值!D25=0,"",生产日报1取值!D25) -> 69.224074 | E25: =IF(生产日报1取值!E25=0,"",生产日报1取值!E25) -> 71.771738 | F25: =IF(生产日报1取值!F25=0,"",生产日报1取值!F25) -> 71.452055 | G25: =IF(生产日报1取值!G25=0,"",生产日报1取值!G25) -> 70.559871 | H25: =IF(生产日报1取值!H25=0,"",生产日报1取值!H25) -> 71.197096 | I25: =IF(生产日报1取值!I25=0,"",生产日报1取值!I25) -> 69.850934 | J25: =IF(生产日报1取值!J25=0,"",生产日报1取值!J25) -> 70.180081 | K25: =IF(生产日报1取值!K25=0,"",生产日报1取值!K25) | ... N25: =IF(生产日报1取值!N25=0,"",生产日报1取值!N25) -> 71.066058 | P25: =M25 -> 70.984277 | Q25: =N25 -> 71.066058
B26: 液化气收率 | D26: =IF(生产日报1取值!D26=0,"",生产日报1取值!D26) -> 17.100617 | E26: =IF(生产日报1取值!E26=0,"",生产日报1取值!E26) -> 16.19488 | F26: =IF(生产日报1取值!F26=0,"",生产日报1取值!F26) -> 16.446414 | G26: =IF(生产日报1取值!G26=0,"",生产日报1取值!G26) -> 16.662202 | H26: =IF(生产日报1取值!H26=0,"",生产日报1取值!H26) -> 16.02365 | I26: =IF(生产日报1取值!I26=0,"",生产日报1取值!I26) -> 15.074533 | J26: =IF(生产日报1取值!J26=0,"",生产日报1取值!J26) -> 14.755051 | K26: =IF(生产日报1取值!K26=0,"",生产日报1取值!K26) | ... N26: =IF(生产日报1取值!N26=0,"",生产日报1取值!N26) -> 15.918711
B27: 3.重整装置总收率 | D27: =IF(生产日报1取值!D27=0,"",生产日报1取值!D27) -> 92.456054 | E27: =IF(生产日报1取值!E27=0,"",生产日报1取值!E27) | F27: =IF(生产日报1取值!F27=0,"",生产日报1取值!F27) | G27: =IF(生产日报1取值!G27=0,"",生产日报1取值!G27) -> 93.354943 | H27: =IF(生产日报1取值!H27=0,"",生产日报1取值!H27) -> 93.459916 | I27: =IF(生产日报1取值!I27=0,"",生产日报1取值!I27) -> 93.023952 | J27: =IF(生产日报1取值!J27=0,"",生产日报1取值!J27) -> 93.208792 | K27: =IF(生产日报1取值!K27=0,"",生产日报1取值!K27) -> 93.364486 | ... N27: =IF(生产日报1取值!N27=0,"",生产日报1取值!N27) -> 93.231411 | P27: =M27 -> 93.225689 | Q27: =N27 -> 93.231411
B28: 4.加氢装置总收率 | D28: =IF(生产日报1取值!D28=0,"",生产日报1取值!D28) | E28: =IF(生产日报1取值!E28=0,"",生产日报1取值!E28) | F28: =IF(生产日报1取值!F28=0,"",生产日报1取值!F28) | G28: =IF(生产日报1取值!G28=0,"",生产日报1取值!G28) | H28: =IF(生产日报1取值!H28=0,"",生产日报1取值!H28) | I28: =IF(生产日报1取值!I28=0,"",生产日报1取值!I28) | J28: =IF(生产日报1取值!J28=0,"",生产日报1取值!J28) | K28: =IF(生产日报1取值!K28=0,"",生产日报1取值!K28) -> 99.738562 | ... N28: =IF(生产日报1取值!N28=0,"",生产日报1取值!N28) -> 99.728148
B29: 5.气分装置收率 | D29: =IF(生产日报1取值!D29=0,"",生产日报1取值!D29) | E29: =IF(生产日报1取值!E29=0,"",生产日报1取值!E29) -> 99.682875 | F29: =IF(生产日报1取值!F29=0,"",生产日报1取值!F29) -> 99.657702 | G29: =IF(生产日报1取值!G29=0,"",生产日报1取值!G29) | H29: =IF(生产日报1取值!H29=0,"",生产日报1取值!H29) | I29: =IF(生产日报1取值!I29=0,"",生产日报1取值!I29) | J29: =IF(生产日报1取值!J29=0,"",生产日报1取值!J29) | K29: =IF(生产日报1取值!K29=0,"",生产日报1取值!K29) -> 97.803468 | ... N29: =IF(生产日报1取值!N29=0,"",生产日报1取值!N29) -> 98.518038
B30: 丙烯收率 | D30: =IF(生产日报1取值!D30=0,"",生产日报1取值!D30) -> 25.557925 | E30: =IF(生产日报1取值!E30=0,"",生产日报1取值!E30) -> 25.158562 | F30: =IF(生产日报1取值!F30=0,"",生产日报1取值!F30) -> 27.628362 | G30: =IF(生产日报1取值!G30=0,"",生产日报1取值!G30) | H30: =IF(生产日报1取值!H30=0,"",生产日报1取值!H30) | I30: =IF(生产日报1取值!I30=0,"",生产日报1取值!I30) | J30: =IF(生产日报1取值!J30=0,"",生产日报1取值!J30) | K30: =IF(生产日报1取值!K30=0,"",生产日报1取值!K30) -> 26.878613 | ... N30: =IF(生产日报1取值!N30=0,"",生产日报1取值!N30) -> 27.037698
B31: 6.聚丙烯装置收率 | D31: =IF(生产日报1取值!D31=0,"",生产日报1取值!D31) | E31: =IF(生产日报1取值!E31=0,"",生产日报1取值!E31) -> 96.518987 | F31: =IF(生产日报1取值!F31=0,"",生产日报1取值!F31) -> 96.021948 | G31: =IF(生产日报1取值!G31=0,"",生产日报1取值!G31) | H31: =IF(生产日报1取值!H31=0,"",生产日报1取值!H31) | I31: =IF(生产日报1取值!I31=0,"",生产日报1取值!I31) | J31: =IF(生产日报1取值!J31=0,"",生产日报1取值!J31) | K31: =IF(生产日报1取值!K31=0,"",生产日报1取值!K31) -> 97.218501 | ... N31: =IF(生产日报1取值!N31=0,"",生产日报1取值!N31) -> 96.676685
B32: 7.MTBE收率 | D32: =IF(生产日报1取值!D32=0,"",生产日报1取值!D32) | E32: =IF(生产日报1取值!E32=0,"",生产日报1取值!E32) -> 18.556701 | F32: =IF(生产日报1取值!F32=0,"",生产日报1取值!F32) -> 18.317359 | G32: =IF(生产日报1取值!G32=0,"",生产日报1取值!G32) | H32: =IF(生产日报1取值!H32=0,"",生产日报1取值!H32) | I32: =IF(生产日报1取值!I32=0,"",生产日报1取值!I32) | J32: =IF(生产日报1取值!J32=0,"",生产日报1取值!J32) | K32: =IF(生产日报1取值!K32=0,"",生产日报1取值!K32) -> 15.723873 | ... N32: =IF(生产日报1取值!N32=0,"",生产日报1取值!N32) -> 16.556528
B33: 8.MTBE转化率 | D33: =IF(生产日报1取值!D33=0,"",生产日报1取值!D33) | E33: =IF(生产日报1取值!E33=0,"",生产日报1取值!E33) -> 99.3 | F33: =IF(生产日报1取值!F33=0,"",生产日报1取值!F33) -> 99.07 | G33: =IF(生产日报1取值!G33=0,"",生产日报1取值!G33) | H33: =IF(生产日报1取值!H33=0,"",生产日报1取值!H33) | I33: =IF(生产日报1取值!I33=0,"",生产日报1取值!I33) | J33: =IF(生产日报1取值!J33=0,"",生产日报1取值!J33) | K33: =_xlfn.IFERROR(IF(生产日报1取值!K33=0,"",生产日报1取值!K33),"") -> 99.769849 | L33: =_xlfn.IFERROR(IF(生产日报1取值!L33=0,"",生产日报1取值!L33),"") -> 99.802218 | M33: =IF(生产日报1取值!M33=0,"",生产日报1取值!M33) -> 99.601571 | N33: =IF(生产日报1取值!N33=0,"",生产日报1取值!N33) -> 99.556619
B34: 9.苯抽提装置收率 | D34: =IF(生产日报1取值!D34=0,"",生产日报1取值!D34) | E34: =IF(生产日报1取值!E34=0,"",生产日报1取值!E34) | F34: =IF(生产日报1取值!F34=0,"",生产日报1取值!F34) | G34: =IF(生产日报1取值!G34=0,"",生产日报1取值!G34) | H34: =IF(生产日报1取值!H34=0,"",生产日报1取值!H34) | I34: =IF(生产日报1取值!I34=0,"",生产日报1取值!I34) -> 95.329087 | J34: =IF(生产日报1取值!J34=0,"",生产日报1取值!J34) -> 94.042019 | K34: =IF(生产日报1取值!K34=0,"",生产日报1取值!K34) -> 99.463327 | ... N34: =IF(生产日报1取值!N34=0,"",生产日报1取值!N34) -> 97.055129
B35: 10.乙苯收率 | D35: =IF(生产日报1取值!D35=0,"",生产日报1取值!D35) | E35: =IF(生产日报1取值!E35=0,"",生产日报1取值!E35) -> 43.539326 | F35: =IF(生产日报1取值!F35=0,"",生产日报1取值!F35) -> 43.876755 | G35: =IF(生产日报1取值!G35=0,"",生产日报1取值!G35) | H35: =IF(生产日报1取值!H35=0,"",生产日报1取值!H35) | I35: =IF(生产日报1取值!I35=0,"",生产日报1取值!I35) | J35: =IF(生产日报1取值!J35=0,"",生产日报1取值!J35) | K35: =IF(生产日报1取值!K35=0,"",生产日报1取值!K35) | ... N35: =IF(生产日报1取值!N35=0,"",生产日报1取值!N35) -> 43.876755
B36: 11.苯乙烯收率 | D36: =IF(生产日报1取值!D36=0,"",生产日报1取值!D36) | E36: =IF(生产日报1取值!E36=0,"",生产日报1取值!E36) -> 94.968553 | F36: =IF(生产日报1取值!F36=0,"",生产日报1取值!F36) -> 94.630282 | G36: =IF(生产日报1取值!G36=0,"",生产日报1取值!G36) | H36: =IF(生产日报1取值!H36=0,"",生产日报1取值!H36) | I36: =IF(生产日报1取值!I36=0,"",生产日报1取值!I36) | J36: =IF(生产日报1取值!J36=0,"",生产日报1取值!J36) | K36: =IF(生产日报1取值!K36=0,"",生产日报1取值!K36) | ... N36: =IF(生产日报1取值!N36=0,"",生产日报1取值!N36) -> 94.630282
B37: 12.醋酸仲丁酯收率 | D37: =IF(生产日报1取值!D37=0,"",生产日报1取值!D37) -> 43.5 | E37: =IF(生产日报1取值!E37=0,"",生产日报1取值!E37) -> 38.940092 | F37: =IF(生产日报1取值!F37=0,"",生产日报1取值!F37) -> 37.928716 | G37: =IF(生产日报1取值!G37=0,"",生产日报1取值!G37) | H37: =IF(生产日报1取值!H37=0,"",生产日报1取值!H37) | I37: =IF(生产日报1取值!I37=0,"",生产日报1取值!I37) | J37: =IF(生产日报1取值!J37=0,"",生产日报1取值!J37) | K37: =IF(生产日报1取值!K37=0,"",生产日报1取值!K37) | ... N37: =IF(生产日报1取值!N37=0,"",生产日报1取值!N37) -> 37.928716
B38: 13.汽油精制总收率 | D38: =IF(生产日报1取值!D38=0,"",生产日报1取值!D38) -> 98.243421 | E38: =IF(生产日报1取值!E38=0,"",生产日报1取值!E38) | F38: =IF(生产日报1取值!F38=0,"",生产日报1取值!F38) | G38: =IF(生产日报1取值!G38=0,"",生产日报1取值!G38) -> 98.89258 | H38: =IF(生产日报1取值!H38=0,"",生产日报1取值!H38) -> 98.88906 | I38: =IF(生产日报1取值!I38=0,"",生产日报1取值!I38) -> 99.223678 | J38: =IF(生产日报1取值!J38=0,"",生产日报1取值!J38) -> 99.224481 | K38: =IF(生产日报1取值!K38=0,"",生产日报1取值!K38) -> 98.963606 | ... N38: =IF(生产日报1取值!N38=0,"",生产日报1取值!N38) -> 99.035803
B39: 14.柴油精制总收率 | D39: =IF(生产日报1取值!D39=0,"",生产日报1取值!D39) -> 98.587892 | E39: =IF(生产日报1取值!E39=0,"",生产日报1取值!E39) | F39: =IF(生产日报1取值!F39=0,"",生产日报1取值!F39) | G39: =IF(生产日报1取值!G39=0,"",生产日报1取值!G39) -> 99.081272 | H39: =IF(生产日报1取值!H39=0,"",生产日报1取值!H39) -> 99.207846 | I39: =IF(生产日报1取值!I39=0,"",生产日报1取值!I39) -> 99.028249 | J39: =IF(生产日报1取值!J39=0,"",生产日报1取值!J39) -> 99.167509 | K39: =IF(生产日报1取值!K39=0,"",生产日报1取值!K39) -> 99.303421 | ... N39: =IF(生产日报1取值!N39=0,"",生产日报1取值!N39) -> 99.169189
B40: 15.汽柴液总收率 | D40: =IF(生产日报1取值!D40=0,"",生产日报1取值!D40) | E40: =IF(生产日报1取值!E40=0,"",生产日报1取值!E40) -> 94.657078 | F40: =IF(生产日报1取值!F40=0,"",生产日报1取值!F40) -> 94.878525 | G40: =IF(生产日报1取值!G40=0,"",生产日报1取值!G40) -> 81.194257 | H40: =IF(生产日报1取值!H40=0,"",生产日报1取值!H40) -> 83.332528 | I40: =IF(生产日报1取值!I40=0,"",生产日报1取值!I40) -> 77.155603 | J40: =IF(生产日报1取值!J40=0,"",生产日报1取值!J40) -> 75.822281 | K40: =IF(生产日报1取值!K40=0,"",生产日报1取值!K40) | ... N40: =IF(生产日报1取值!N40=0,"",生产日报1取值!N40) -> 85.705841
B41: 三、原料调运 | D41: =IF(生产日报1取值!D41=0,"",生产日报1取值!D41)
B42: 1.渣油调出量 | D42: =IF(生产日报1取值!D42=0,"",生产日报1取值!D42) | E42: =IF(生产日报1取值!E42=0,"",生产日报1取值!E42) | F42: =IF(生产日报1取值!F42=0,"",生产日报1取值!F42) | G42: =IF(生产日报1取值!G42=0,"",生产日报1取值!G42) -> 1475.72 | H42: =IF(生产日报1取值!H42=0,"",生产日报1取值!H42) -> 8741.1 | I42: =IF(生产日报1取值!I42=0,"",生产日报1取值!I42) | J42: =IF(生产日报1取值!J42=0,"",生产日报1取值!J42) | K42: =IF(生产日报1取值!K42=0,"",生产日报1取值!K42) | ... O42: =IF(生产日报1取值!O42=0,"",生产日报1取值!O42)
B43: 渣油调入量 | D43: =IF(生产日报1取值!D43=0,"",生产日报1取值!D43) | E43: =IF(生产日报1取值!E43=0,"",生产日报1取值!E43) | F43: =IF(生产日报1取值!F43=0,"",生产日报1取值!F43) | G43: =IF(生产日报1取值!G43=0,"",生产日报1取值!G43) | H43: =IF(生产日报1取值!H43=0,"",生产日报1取值!H43) | I43: =IF(生产日报1取值!I43=0,"",生产日报1取值!I43) | J43: =IF(生产日报1取值!J43=0,"",生产日报1取值!J43) | K43: =IF(生产日报1取值!K43=0,"",生产日报1取值!K43) | ... O43: =IF(生产日报1取值!O43=0,"",生产日报1取值!O43)
B44: 2.石脑油调出量(常) | D44: =IF(生产日报1取值!D44=0,"",生产日报1取值!D44) | E44: =IF(生产日报1取值!E44=0,"",生产日报1取值!E44) -> 2963 | F44: =IF(生产日报1取值!F44=0,"",生产日报1取值!F44) -> 19355 | G44: =IF(生产日报1取值!G44=0,"",生产日报1取值!G44) -> 763.58 | H44: =IF(生产日报1取值!H44=0,"",生产日报1取值!H44) -> 3925.46 | I44: =IF(生产日报1取值!I44=0,"",生产日报1取值!I44) -> 352.74 | J44: =IF(生产日报1取值!J44=0,"",生产日报1取值!J44) -> 1369.42 | K44: =IF(生产日报1取值!K44=0,"",生产日报1取值!K44) | ... O44: =IF(生产日报1取值!O44=0,"",生产日报1取值!O44)
B45: 石脑油调入量 | D45: =IF(生产日报1取值!D45=0,"",生产日报1取值!D45) | E45: =IF(生产日报1取值!E45=0,"",生产日报1取值!E45) | F45: =IF(生产日报1取值!F45=0,"",生产日报1取值!F45) | G45: =IF(生产日报1取值!G45=0,"",生产日报1取值!G45) | H45: =IF(生产日报1取值!H45=0,"",生产日报1取值!H45) | I45: =IF(生产日报1取值!I45=0,"",生产日报1取值!I45) | J45: =IF(生产日报1取值!J45=0,"",生产日报1取值!J45) | K45: =IF(生产日报1取值!K45=0,"",生产日报1取值!K45) -> 3630.36 | ... O45: =IF(生产日报1取值!O45=0,"",生产日报1取值!O45)
B46: 部门负责人: | C46: 郝新宇 | D46: 第1页 | H46: 审核人: | I46: =IF(生产日报6!I33=0,"",生产日报6!I33) -> 胡连鹏 | M46: 填表人: | N46: =IF(生产日报6!N33=0,"",生产日报6!N33) -> 李阿君

Sheet 生产日报1取值
B1: 炼化公司生产日报表
B2: 填报单位： | C2: 生产计划部 | F2: 日期： | G2: 2026-01-06 | I2: 单位：吨 | J2: 报表生成时间： | L2: =#REF! | N2: 陕油炼计统B900-1表
B3: 指标名称 | D3: 月计划 | E3: 延安炼油厂 | G3: 永坪炼油厂 | I3: 榆林炼油厂 | K3: 延安石化厂 | M3: 公司合计 | N3: 本月累计 | O3: 月完成率
E4: 日累 | F4: 月累 | G4: 日累 | H4: 月累 | I4: 日累 | J4: 月累 | K4: 日累 | L4: 月累
B5: 一、生产加工量
B6: 1.常压装置加工量 | D6: 1180000 | E6: =E48 -> 16826 | F6: =F48 -> 117720 | G6: =G48 -> 9194 | H6: =H48 -> 62067 | I6: =I48 -> 13001 | J6: =J48 -> 94349 | M6: =SUM(E6,G6,I6,K6) -> 39021 | N6: =SUM(F6,H6,J6,L6) -> 274136 | O6: =_xlfn.IFERROR(N6/D6*100,"") -> 23.231864
B7: 2.催化装置加工量 | D7: 486000 | E7: =E49 -> 8867 | F7: =F49 -> 62050 | G7: =G49 -> 3733 | H7: =H49 -> 26723 | I7: =I49 -> 4763 | J7: =J49 -> 30986 | M7: =SUM(E7,G7,I7,K7) -> 17363 | N7: =SUM(F7,H7,J7,L7) -> 119759 | O7: =_xlfn.IFERROR(N7/D7*100,"") -> 24.64177
B8: 1#渣油加工量 | D8: 486000 | E8: =E50 -> 8809 | F8: =F50 -> 61644 | G8: =G50 -> 3431 | H8: =H50 -> 24621 | I8: =I50 -> 4647 | J8: =J50 -> 30175 | M8: =SUM(E8,G8,I8,K8) -> 16887 | N8: =SUM(F8,H8,J8,L8) -> 116440 | O8: =_xlfn.IFERROR(N8/D8*100,"") -> 23.958848
B9: 3.重整装置加工量 | D9: =D47 -> 223000 | G9: =G51 -> 617 | H9: =H51 -> 4266 | I9: =I51 -> 3340 | J9: =J51 -> 23339 | K9: =K48 -> 4280 | L9: =L48 -> 29955 | M9: =SUM(E9,G9,I9,K9) -> 8237 | N9: =SUM(F9,H9,J9,L9) -> 57560 | O9: =_xlfn.IFERROR(N9/D9*100,"") -> 25.811659
B10: 4.加氢装置加工量 | I10: =I52 -> 0 | J10: =J52 -> 0 | K10: =K49 -> 2295 | L10: =L49 -> 16921 | M10: =SUM(E10,G10,I10,K10) -> 2295 | N10: =SUM(F10,H10,J10,L10) -> 16921 | O10: =_xlfn.IFERROR(N10/D10*100,"")
B11: 5.液化气精制量 | E11: =E52 -> 949 | F11: =F52 -> 6156 | K11: =K50 -> 1757 | L11: =L50 -> 11752 | M11: =SUM(E11,G11,I11,K11) -> 2706 | N11: =SUM(F11,H11,J11,L11) -> 17908 | O11: =_xlfn.IFERROR(N11/D11*100,"")
B12: 6.气体分馏加工量 | D12: 83600 | E12: =E53 -> 946 | F12: =F53 -> 6135 | K12: =K51 -> 1730 | L12: =L51 -> 12354 | M12: =SUM(E12,G12,I12,K12) -> 2676 | N12: =SUM(F12,H12,J12,L12) -> 18489 | O12: =_xlfn.IFERROR(N12/D12*100,"") -> 22.116029
B13: 7.聚丙烯加工量 | E13: =E54 -> 316 | F13: =F54 -> 2187 | K13: =K52 -> 627 | L13: =L52 -> 4401 | M13: =SUM(E13,G13,I13,K13) -> 943 | N13: =SUM(F13,H13,J13,L13) -> 6588 | O13: =_xlfn.IFERROR(N13/D13*100,"")
B14: 8.MTBE加工量 | E14: =E55 -> 582 | F14: =F55 -> 3756 | K14: =K53 -> 1043 | L14: =L53 -> 7442 | M14: =SUM(E14,G14,I14,K14) -> 1625 | N14: =SUM(F14,H14,J14,L14) -> 11198 | O14: =_xlfn.IFERROR(N14/D14*100,"")
B15: 9.苯抽提加工量 | I15: =I54 -> 471 | J15: =J54 -> 3189 | K15: =K54 -> 559 | L15: =L54 -> 3976 | M15: =SUM(E15,G15,I15,K15) -> 1030 | N15: =SUM(F15,H15,J15,L15) -> 7165 | O15: =_xlfn.IFERROR(N15/D15*100,"")
B16: 10.干气精制加工量 | E16: =E57 -> 300 | F16: =F57 -> 2164 | M16: =SUM(E16,G16,I16,K16) -> 300 | N16: =SUM(F16,H16,J16,L16) -> 2164 | O16: =_xlfn.IFERROR(N16/D16*100,"")
B17: 11.乙苯加工量 | E17: =E58 -> 356 | F17: =F58 -> 2564 | M17: =SUM(E17,G17,I17,K17) -> 356 | N17: =SUM(F17,H17,J17,L17) -> 2564 | O17: =_xlfn.IFERROR(N17/D17*100,"")
B18: 12.苯乙烯加工量 | E18: =E59 -> 171 | F18: =F59 -> 1155 | M18: =SUM(E18,G18,I18,K18) -> 171 | N18: =SUM(F18,H18,J18,L18) -> 1155 | O18: =_xlfn.IFERROR(N18/D18*100,"")
B19: 13.醋酸仲丁酯装置加工量 | E19: =E60 -> 434 | F19: =F60 -> 2974 | M19: =SUM(E19,G19,I19,K19) -> 434 | N19: =SUM(F19,H19,J19,L19) -> 2974 | O19: =_xlfn.IFERROR(N19/D19*100,"")
B20: 其中：醋酸原料 | E20: =E61 -> 91 | F20: =F61 -> 611 | M20: =SUM(E20,G20,I20,K20) -> 91 | N20: =SUM(F20,H20,J20,L20) -> 611 | O20: =_xlfn.IFERROR(N20/D20*100,"")
B21: 14.汽油精制加工量 | D21: 228000 | G21: =G53 -> 1806 | H21: =H53 -> 12962 | I21: =I56 -> 2061 | J21: =J56 -> 14313 | K21: =K56 -> 4149 | L21: =L56 -> 29145 | M21: =SUM(E21,G21,I21,K21) -> 8016 | N21: =SUM(F21,H21,J21,L21) -> 56420 | O21: =_xlfn.IFERROR(N21/D21*100,"") -> 24.745614
B22: 15.柴油精制加工量 | D22: 446000 | G22: =G54 -> 2830 | H22: =H54 -> 23859 | I22: =I57 -> 4425 | J22: =J57 -> 33634 | K22: =K57 -> 4881 | L22: =L57 -> 34345 | M22: =SUM(E22,G22,I22,K22) -> 12136 | N22: =SUM(F22,H22,J22,L22) -> 91838 | O22: =_xlfn.IFERROR(N22/D22*100,"") -> 20.59148
B23: 二、装置收率
B24: 1.常压轻质油收率 | D24: 48.454237 | E24: =E63 -> 48.30025 | F24: =F63 -> 48.547401 | G24: =G56 -> 49.042854 | H24: =H56 -> 49.121111 | I24: =I59 -> 51.865241 | J24: =J59 -> 52.837868 | M24: =_xlfn.IFERROR((E24*E6+G24*G6+I24*I6+K24*K6)/(E6+G6+I6+K6),"") -> 49.663002 | N24: =_xlfn.IFERROR((F24*F6+H24*H6+J24*J6+L24*L6)/(F6+H6+J6+L6),"") -> 50.153938
B25: 2.催化轻质油收率 | D25: 69.224074 | E25: =E64 -> 71.771738 | F25: =F64 -> 71.452055 | G25: =G57 -> 70.559871 | H25: =H57 -> 71.197096 | I25: =I60 -> 69.850934 | J25: =J60 -> 70.180081 | M25: =_xlfn.IFERROR((E25*E7+G25*G7+I25*I7+K25*K7)/(E7+G7+I7+K7),"") -> 70.984277 | N25: =_xlfn.IFERROR((F25*F7+H25*H7+J25*J7+L25*L7)/(F7+H7+J7+L7),"") -> 71.066058
B26: 液化气收率 | D26: 17.100617 | E26: =E65 -> 16.19488 | F26: =F65 -> 16.446414 | G26: =G58 -> 16.662202 | H26: =H58 -> 16.02365 | I26: =I61 -> 15.074533 | J26: =J61 -> 14.755051 | M26: =_xlfn.IFERROR((E26*E8+G26*G8+I26*I8+K26*K8)/(E8+G8+I8+K8),"") -> 15.981528 | N26: =_xlfn.IFERROR((F26*F8+H26*H8+J26*J8+L26*L8)/(F8+H8+J8+L8),"") -> 15.918711
B27: 3.重整装置总收率 | D27: 92.456054 | G27: =G59 -> 93.354943 | H27: =H59 -> 93.459916 | I27: =I62 -> 93.023952 | J27: =J62 -> 93.208792 | K27: =K59 -> 93.364486 | L27: =L59 -> 93.216491 | M27: =_xlfn.IFERROR((E27*E9+G27*G9+I27*I9+K27*K9)/(E9+G9+I9+K9),"") -> 93.225689 | N27: =_xlfn.IFERROR((F27*F9+H27*H9+J27*J9+L27*L9)/(F9+H9+J9+L9),"") -> 93.231411
B28: 4.加氢装置总收率 | I28: =I64 -> 0 | J28: =J64 -> 0 | K28: =K60 -> 99.738562 | L28: =L60 -> 99.728148 | M28: =_xlfn.IFERROR((E28*E10+G28*G10+K28*K10)/(E10+G10+K10),"") -> 99.738562 | N28: =_xlfn.IFERROR((F28*F10+H28*H10+L28*L10)/(F10+H10+L10),"") -> 99.728148
B29: 5.气分装置收率 | E29: =E67 -> 99.682875 | F29: =F67 -> 99.657702 | K29: =K61 -> 97.803468 | L29: =L61 -> 97.95208 | M29: =_xlfn.IFERROR((E29*E12+G29*G12+I29*I12+K29*K12)/(E12+G12+I12+K12),"") -> 98.467862 | N29: =_xlfn.IFERROR((F29*F12+H29*H12+J29*J12+L29*L12)/(F12+H12+J12+L12),"") -> 98.518038
B30: 丙烯收率 | D30: 25.557925 | E30: =E68 -> 25.158562 | F30: =F68 -> 27.628362 | K30: =K62 -> 26.878613 | L30: =L62 -> 26.744374 | M30: =_xlfn.IFERROR((E30*E12+G30*G12+I30*I12+K30*K12)/(E12+G12+I12+K12),"") -> 26.270553 | N30: =_xlfn.IFERROR((F30*F12+H30*H12+J30*J12+L30*L12)/(F12+H12+J12+L12),"") -> 27.037698
B31: 6.聚丙烯装置收率 | E31: =E69 -> 96.518987 | F31: =F69 -> 96.021948 | K31: =K63 -> 97.218501 | L31: =L63 -> 97.002045 | M31: =_xlfn.IFERROR((E31*E13+G31*G13+I31*I13+K31*K13)/(E13+G13+I13+K13),"") -> 96.984093 | N31: =_xlfn.IFERROR((F31*F13+H31*H13+J31*J13+L31*L13)/(F13+H13+J13+L13),"") -> 96.676685
B32: 7.MTBE收率 | E32: =E70 -> 18.556701 | F32: =F70 -> 18.317359 | K32: =K64 -> 15.723873 | L32: =L64 -> 15.667831 | M32: =_xlfn.IFERROR((E32*E14+G32*G14+I32*I14+K32*K14)/(E14+G14+I14+K14),"") -> 16.738462 | N32: =_xlfn.IFERROR((F32*F14+H32*H14+J32*J14+L32*L14)/(F14+H14+J14+L14),"") -> 16.556528
B33: 8.MTBE转化率 | E33: =E71 -> 99.3 | F33: =F71 -> 99.07 | K33: =K85 -> 99.769849 | L33: =L85 -> 99.802218 | M33: =_xlfn.IFERROR((E33*E14+G33*G14+I33*I14+K33*K14)/(E14+G14+I14+K14),"") -> 99.601571 | N33: =_xlfn.IFERROR((F33*F14+H33*H14+J33*J14+L33*L14)/(F14+H14+J14+L14),"") -> 99.556619
B34: 9.苯抽提装置收率 | I34: =I65 -> 95.329087 | J34: =J65 -> 94.042019 | K34: =K66 -> 99.463327 | L34: =L66 -> 99.471831 | M34: =_xlfn.IFERROR((E34*E15+G34*G15+I34*I15+K34*K15)/(E15+G15+I15+K15),"") -> 97.572816 | N34: =_xlfn.IFERROR((F34*F15+H34*H15+J34*J15+L34*L15)/(F15+H15+J15+L15),"") -> 97.055129
B35: 10.乙苯收率 | E35: =E73 -> 43.539326 | F35: =F73 -> 43.876755 | M35: =_xlfn.IFERROR((E35*E17+G35*G17+I35*I17+K35*K17)/(E17+G17+I17+K17),"") -> 43.539326 | N35: =_xlfn.IFERROR((F35*F17+H35*H17+J35*J17+L35*L17)/(F17+H17+J17+L17),"") -> 43.876755
B36: 11.苯乙烯收率 | E36: =E74 -> 94.968553 | F36: =F74 -> 94.630282 | M36: =_xlfn.IFERROR((E36*E18+G36*G18+I36*I18+K36*K18)/(E18+G18+I18+K18),"") -> 94.968553 | N36: =_xlfn.IFERROR((F36*F18+H36*H18+J36*J18+L36*L18)/(F18+H18+J18+L18),"") -> 94.630282
B37: 12.醋酸仲丁酯收率 | D37: 43.5 | E37: =E75 -> 38.940092 | F37: =F75 -> 37.928716 | M37: =E37 -> 38.940092 | N37: =F37 -> 37.928716
B38: 13.汽油精制总收率 | D38: 98.243421 | G38: =G60 -> 98.89258 | H38: =H60 -> 98.88906 | I38: =I67 -> 99.223678 | J38: =J67 -> 99.224481 | K38: =K68 -> 98.963606 | L38: =L68 -> 99.008406 | M38: =_xlfn.IFERROR((E38*E21+G38*G21+I38*I21+K38*K21)/(E21+G21+I21+K21),"") -> 99.014471 | N38: =_xlfn.IFERROR((F38*F21+H38*H21+J38*J21+L38*L21)/(F21+H21+J21+L21),"") -> 99.035803
B39: 14.柴油精制总收率 | D39: 98.587892 | G39: =G61 -> 99.081272 | H39: =H61 -> 99.207846 | I39: =I68 -> 99.028249 | J39: =J68 -> 99.167509 | K39: =K69 -> 99.303421 | L39: =L69 -> 99.14398 | M39: =_xlfn.IFERROR((E39*E22+G39*G22+I39*I22+K39*K22)/(E22+G22+I22+K22),"") -> 99.151285 | N39: =_xlfn.IFERROR((F39*F22+H39*H22+J39*J22+L39*L22)/(F22+H22+J22+L22),"") -> 99.169189
B40: 15.汽柴液总收率 | E40: =E77 -> 94.657078 | F40: =F77 -> 94.878525 | G40: =G64 -> 81.194257 | H40: =H64 -> 83.332528 | I40: =I69 -> 77.155603 | J40: =J69 -> 75.822281 | M40: =_xlfn.IFERROR((E40*E6+G40*G6+I40*I6)/(E6+G6+I6),"") -> 85.653879 | N40: =_xlfn.IFERROR((F40*F6+H40*H6+J40*J6)/(F6+H6+J6),"") -> 85.705841
B41: 三、原料调运
B42: 1.渣油调出量 | E42: =E79 -> 0 | F42: =F79 -> 0 | G42: =SUM(G66:G69) -> 1475.72 | H42: =SUM(H66:H69) -> 8741.1 | M42: =SUM(E42,G42,I42,K42) -> 1475.72 | N42: =SUM(F42,H42,J42,L42) -> 8741.1
B43: 渣油调入量 | E43: =E80 -> 0 | F43: =F80 -> 0 | I43: =SUM(I71:I73) -> 0 | J43: =SUM(J71:J73) -> 0 | M43: =SUM(E43,G43,I43,K43) -> 0 | N43: =SUM(F43,H43,J43,L43) -> 0
B44: 2.石脑油调出量(常) | E44: =E81 -> 2963 | F44: =F81 -> 19355 | G44: =SUM(G70:G72) -> 763.58 | H44: =SUM(H70:H72) -> 3925.46 | I44: =I75 -> 352.74 | J44: =J75 -> 1369.42 | M44: =SUM(E44,G44,I44,K44) -> 4079.32 | N44: =SUM(F44,H44,J44,L44) -> 24649.88
B45: 石脑油调入量 | E45: =E82 -> 0 | F45: =F82 -> 0 | I45: =SUM(I77:I79) -> 0 | J45: =SUM(J77:J79) -> 0 | K45: =SUM(K71:K73) -> 3630.36 | L45: =SUM(L71:L73) -> 24452.44 | M45: =SUM(E45,G45,I45,K45) -> 3630.36 | N45: =SUM(F45,H45,J45,L45) -> 24452.44
B46: 部门负责人: | C46: 王震 | E46: 第1页
D47: 223000
E48: 16826 | F48: 117720 | G48: 9194 | H48: 62067 | I48: 13001 | J48: 94349 | K48: 4280 | L48: 29955
E49: 8867 | F49: 62050 | G49: 3733 | H49: 26723 | I49: 4763 | J49: 30986 | K49: 2295 | L49: 16921
E50: 8809 | F50: 61644 | G50: 3431 | H50: 24621 | I50: 4647 | J50: 30175 | K50: 1757 | L50: 11752
G51: 617 | H51: 4266 | I51: 3340 | J51: 23339 | K51: 1730 | L51: 12354
E52: 949 | F52: 6156 | I52: 0 | J52: 0 | K52: 627 | L52: 4401
E53: 946 | F53: 6135 | G53: 1806 | H53: 12962 | K53: 1043 | L53: 7442
E54: 316 | F54: 2187 | G54: 2830 | H54: 23859 | I54: 471 | J54: 3189 | K54: 559 | L54: 3976
E55: 582 | F55: 3756
G56: 49.042854 | H56: 49.121111 | I56: 2061 | J56: 14313 | K56: 4149 | L56: 29145
E57: 300 | F57: 2164 | G57: 70.559871 | H57: 71.197096 | I57: 4425 | J57: 33634 | K57: 4881 | L57: 34345
E58: 356 | F58: 2564 | G58: 16.662202 | H58: 16.02365
E59: 171 | F59: 1155 | G59: 93.354943 | H59: 93.459916 | I59: 51.865241 | J59: 52.837868 | K59: 93.364486 | L59: 93.216491
E60: 434 | F60: 2974 | G60: 98.89258 | H60: 98.88906 | I60: 69.850934 | J60: 70.180081 | K60: 99.738562 | L60: 99.728148
E61: 91 | F61: 611 | G61: 99.081272 | H61: 99.207846 | I61: 15.074533 | J61: 14.755051 | K61: 97.803468 | L61: 97.95208
G62: 88.162544 | H62: 92.874806 | I62: 93.023952 | J62: 93.208792 | K62: 26.878613 | L62: 26.744374
E63: 48.30025 | F63: 48.547401 | G63: 98.585859 | H63: 98.508723 | K63: 97.218501 | L63: 97.002045
E64: 71.771738 | F64: 71.452055 | G64: 81.194257 | H64: 83.332528 | K64: 15.723873 | L64: 15.667831
E65: 16.19488 | F65: 16.446414 | I65: 95.329087 | J65: 94.042019
G66: 1475.72 | H66: 8741.1 | K66: 99.463327 | L66: 99.471831
E67: 99.682875 | F67: 99.657702 | G67: 0 | H67: 0 | I67: 99.223678 | J67: 99.224481
E68: 25.158562 | F68: 27.628362 | G68: 0 | H68: 0 | I68: 99.028249 | J68: 99.167509 | K68: 98.963606 | L68: 99.008406
E69: 96.518987 | F69: 96.021948 | I69: 77.155603 | J69: 75.822281 | K69: 99.303421 | L69: 99.14398
E70: 18.556701 | F70: 18.317359 | G70: 0 | H70: 0
E71: 99.3 | F71: 99.07 | G71: 763.58 | H71: 3925.46 | I71: 0 | J71: 0 | K71: 2963 | L71: 19355
G72: 0 | H72: 0 | I72: 0 | J72: 0 | K72: 667.36 | L72: 3732.06
E73: 43.539326 | F73: 43.876755 | K73: 0 | L73: 1365.38
E74: 94.968553 | F74: 94.630282
E75: 38.940092 | F75: 37.928716 | I75: 352.74 | J75: 1369.42 | K75: 0.03 | L75: 0.18
K76: 870 | L76: 6257
E77: 94.657078 | F77: 94.878525
I78: 0 | J78: 0 | K78: 11.56 | L78: 81.21
E79: 0 | F79: 0 | K79: 981 | L79: 7012
E80: 0 | F80: 0
E81: 2963 | F81: 19355 | K81: =K75*K76 -> 26.1 | L81: =L75*L76 -> 1126.26
K82: =K78*K79 -> 11340.36 | L82: =L78*L79 -> 569444.52
K84: =1-(K81/K82) -> 0.99769849 | L84: =1-(L81/L82) -> 0.99802218
K85: =K84*100 -> 99.769849 | L85: =L84*100 -> 99.802218

Sheet 生产日报2
B1: 炼化公司生产日报表
B2: 填报单位：生产计划部 | D2: 统计日期： | F2: =O2 -> 2026-01-06 | H2: 填报日期： | J2: =P2 -> 2026-01-07 | M2: 陕油炼计统B900-1表 | O2: 2026-01-06 | P2: 2026-01-07
B3: 指标名称 | D3: 年计划 | E3: 延安炼油厂 | G3: 永坪炼油厂 | I3: 榆林炼油厂 | K3: 延安石化厂 | M3: 本年合计 | N3: 年完成率
E4: 年累 | G4: 年累 | I4: 年累 | K4: 年累
B5: 一、生产加工量
B6: 1.常压装置加工量 | D6: =IF(生产日报2取值!D6=0,"",生产日报2取值!D6) | E6: =IF(生产日报2取值!E6=0,"",生产日报2取值!E6) -> 117720 | G6: =IF(生产日报2取值!F6=0,"",生产日报2取值!F6) -> 62067 | I6: =IF(生产日报2取值!G6=0,"",生产日报2取值!G6) -> 94349 | M6: =_xlfn.IFERROR(生产日报2取值!I6,"") -> 274136 | N6: =IF(生产日报2取值!J6=0,"",生产日报2取值!J6)
B7: 2.催化装置加工量 | D7: =IF(生产日报2取值!D7=0,"",生产日报2取值!D7) | E7: =IF(生产日报2取值!E7=0,"",生产日报2取值!E7) -> 62050 | G7: =IF(生产日报2取值!F7=0,"",生产日报2取值!F7) -> 26723 | I7: =IF(生产日报2取值!G7=0,"",生产日报2取值!G7) -> 30986 | M7: =_xlfn.IFERROR(生产日报2取值!I7,"") -> 119759 | N7: =IF(生产日报2取值!J7=0,"",生产日报2取值!J7)
B8: 1#渣油加工量 | D8: =IF(生产日报2取值!D8=0,"",生产日报2取值!D8) | E8: =IF(生产日报2取值!E8=0,"",生产日报2取值!E8) -> 61644 | G8: =IF(生产日报2取值!F8=0,"",生产日报2取值!F8) -> 24621 | I8: =IF(生产日报2取值!G8=0,"",生产日报2取值!G8) -> 30175 | M8: =_xlfn.IFERROR(生产日报2取值!I8,"") -> 116440 | N8: =IF(生产日报2取值!J8=0,"",生产日报2取值!J8)
B9: 3.重整装置加工量 | D9: =IF(生产日报2取值!D9=0,"",生产日报2取值!D9) | E9: =IF(生产日报2取值!E9=0,"",生产日报2取值!E9) | G9: =IF(生产日报2取值!F9=0,"",生产日报2取值!F9) -> 4266 | I9: =IF(生产日报2取值!G9=0,"",生产日报2取值!G9) -> 23339 | K9: =IF(生产日报2取值!H9=0,"",生产日报2取值!H9) -> 29955 | M9: =_xlfn.IFERROR(生产日报2取值!I9,"") -> 57560 | N9: =IF(生产日报2取值!J9=0,"",生产日报2取值!J9)
B10: 4.加氢装置加工量 | D10: =IF(生产日报2取值!D10=0,"",生产日报2取值!D10) | E10: =IF(生产日报2取值!E10=0,"",生产日报2取值!E10) | G10: =IF(生产日报2取值!F10=0,"",生产日报2取值!F10) | I10: =IF(生产日报2取值!G10=0,"",生产日报2取值!G10) | K10: =IF(生产日报2取值!H10=0,"",生产日报2取值!H10) -> 16921 | M10: =_xlfn.IFERROR(生产日报2取值!I10,"") -> 16921 | N10: =IF(生产日报2取值!J10=0,"",生产日报2取值!J10)
B11: 5.液化气精制量 | D11: =IF(生产日报2取值!D11=0,"",生产日报2取值!D11) | E11: =IF(生产日报2取值!E11=0,"",生产日报2取值!E11) -> 6156 | G11: =IF(生产日报2取值!F11=0,"",生产日报2取值!F11) | I11: =IF(生产日报2取值!G11=0,"",生产日报2取值!G11) | K11: =IF(生产日报2取值!H11=0,"",生产日报2取值!H11) -> 11752 | M11: =_xlfn.IFERROR(生产日报2取值!I11,"") -> 17908 | N11: =IF(生产日报2取值!J11=0,"",生产日报2取值!J11)
B12: 6.气体分馏加工量 | D12: =IF(生产日报2取值!D12=0,"",生产日报2取值!D12) | E12: =IF(生产日报2取值!E12=0,"",生产日报2取值!E12) -> 6135 | G12: =IF(生产日报2取值!F12=0,"",生产日报2取值!F12) | I12: =IF(生产日报2取值!G12=0,"",生产日报2取值!G12) | K12: =IF(生产日报2取值!H12=0,"",生产日报2取值!H12) -> 12354 | M12: =_xlfn.IFERROR(生产日报2取值!I12,"") -> 18489 | N12: =IF(生产日报2取值!J12=0,"",生产日报2取值!J12)
B13: 7.聚丙烯加工量 | D13: =IF(生产日报2取值!D13=0,"",生产日报2取值!D13) | E13: =IF(生产日报2取值!E13=0,"",生产日报2取值!E13) -> 2187 | G13: =IF(生产日报2取值!F13=0,"",生产日报2取值!F13) | I13: =IF(生产日报2取值!G13=0,"",生产日报2取值!G13) | K13: =IF(生产日报2取值!H13=0,"",生产日报2取值!H13) -> 4401 | M13: =_xlfn.IFERROR(生产日报2取值!I13,"") -> 6588 | N13: =IF(生产日报2取值!J13=0,"",生产日报2取值!J13)
B14: 8.MTBE加工量 | D14: =IF(生产日报2取值!D14=0,"",生产日报2取值!D14) | E14: =IF(生产日报2取值!E14=0,"",生产日报2取值!E14) -> 3756 | G14: =IF(生产日报2取值!F14=0,"",生产日报2取值!F14) | I14: =IF(生产日报2取值!G14=0,"",生产日报2取值!G14) | K14: =IF(生产日报2取值!H14=0,"",生产日报2取值!H14) -> 7442 | M14: =_xlfn.IFERROR(生产日报2取值!I14,"") -> 11198 | N14: =IF(生产日报2取值!J14=0,"",生产日报2取值!J14)
B15: 9.苯抽提加工量 | D15: =IF(生产日报2取值!D15=0,"",生产日报2取值!D15) | E15: =IF(生产日报2取值!E15=0,"",生产日报2取值!E15) | G15: =IF(生产日报2取值!F15=0,"",生产日报2取值!F15) | I15: =IF(生产日报2取值!G15=0,"",生产日报2取值!G15) -> 3189 | K15: =IF(生产日报2取值!H15=0,"",生产日报2取值!H15) -> 3976 | M15: =_xlfn.IFERROR(生产日报2取值!I15,"") -> 7165 | N15: =IF(生产日报2取值!J15=0,"",生产日报2取值!J15)
B16: 10.干气精制加工量 | D16: =IF(生产日报2取值!D16=0,"",生产日报2取值!D16) | E16: =IF(生产日报2取值!E16=0,"",生产日报2取值!E16) -> 2164 | G16: =IF(生产日报2取值!F16=0,"",生产日报2取值!F16) | I16: =IF(生产日报2取值!G16=0,"",生产日报2取值!G16) | K16: =IF(生产日报2取值!H16=0,"",生产日报2取值!H16) | M16: =_xlfn.IFERROR(生产日报2取值!I16,"") -> 2164 | N16: =IF(生产日报2取值!J16=0,"",生产日报2取值!J16)
B17: 11.乙苯加工量 | D17: =IF(生产日报2取值!D17=0,"",生产日报2取值!D17) | E17: =IF(生产日报2取值!E17=0,"",生产日报2取值!E17) -> 2564 | G17: =IF(生产日报2取值!F17=0,"",生产日报2取值!F17) | I17: =IF(生产日报2取值!G17=0,"",生产日报2取值!G17) | K17: =IF(生产日报2取值!H17=0,"",生产日报2取值!H17) | M17: =_xlfn.IFERROR(生产日报2取值!I17,"") -> 2564 | N17: =IF(生产日报2取值!J17=0,"",生产日报2取值!J17)
B18: 12.苯乙烯加工量 | D18: =IF(生产日报2取值!D18=0,"",生产日报2取值!D18) | E18: =IF(生产日报2取值!E18=0,"",生产日报2取值!E18) -> 1155 | G18: =IF(生产日报2取值!F18=0,"",生产日报2取值!F18) | I18: =IF(生产日报2取值!G18=0,"",生产日报2取值!G18) | K18: =IF(生产日报2取值!H18=0,"",生产日报2取值!H18) | M18: =_xlfn.IFERROR(生产日报2取值!I18,"") -> 1155 | N18: =IF(生产日报2取值!J18=0,"",生产日报2取值!J18)
B19: 13.醋酸仲丁酯装置加工量 | D19: =IF(生产日报2取值!D19=0,"",生产日报2取值!D19) | E19: =IF(生产日报2取值!E19=0,"",生产日报2取值!E19) -> 2974 | G19: =IF(生产日报2取值!F19=0,"",生产日报2取值!F19) | I19: =IF(生产日报2取值!G19=0,"",生产日报2取值!G19) | K19: =IF(生产日报2取值!H19=0,"",生产日报2取值!H19) | M19: =_xlfn.IFERROR(生产日报2取值!I19,"") -> 2974 | N19: =IF(生产日报2取值!J19=0,"",生产日报2取值!J19)
B20: 其中：醋酸原料 | D20: =IF(生产日报2取值!D20=0,"",生产日报2取值!D20) | E20: =IF(生产日报2取值!E20=0,"",生产日报2取值!E20) -> 611 | G20: =IF(生产日报2取值!F20=0,"",生产日报2取值!F20) | I20: =IF(生产日报2取值!G20=0,"",生产日报2取值!G20) | K20: =IF(生产日报2取值!H20=0,"",生产日报2取值!H20) | M20: =_xlfn.IFERROR(生产日报2取值!I20,"") -> 611 | N20: =IF(生产日报2取值!J20=0,"",生产日报2取值!J20)
... B22: 15.柴油精制加工量 | D22: =IF(生产日报2取值!D22=0,"",生产日报2取值!D22) | E22: =IF(生产日报2取值!E22=0,"",生产日报2取值!E22) | G22: =IF(生产日报2取值!F22=0,"",生产日报2取值!F22) -> 23859 | I22: =IF(生产日报2取值!G22=0,"",生产日报2取值!G22) -> 33634 | K22: =IF(生产日报2取值!H22=0,"",生产日报2取值!H22) -> 34345 | M22: =_xlfn.IFERROR(生产日报2取值!I22,"") -> 91838 | N22: =IF(生产日报2取值!J22=0,"",生产日报2取值!J22)
B23: 二、装置收率 | E23: =IF(生产日报2取值!E23=0,"",生产日报2取值!E23) | G23: =IF(生产日报2取值!F23=0,"",生产日报2取值!F23) | I23: =IF(生产日报2取值!G23=0,"",生产日报2取值!G23) | K23: =IF(生产日报2取值!H23=0,"",生产日报2取值!H23) | N23: =IF(生产日报2取值!J23=0,"",生产日报2取值!J23)
B24: 1.常压轻质油收率 | D24: =IF(生产日报2取值!D24=0,"",生产日报2取值!D24) | E24: =IF(生产日报2取值!E24=0,"",生产日报2取值!E24) -> 48.547401 | G24: =IF(生产日报2取值!F24=0,"",生产日报2取值!F24) -> 49.121111 | I24: =IF(生产日报2取值!G24=0,"",生产日报2取值!G24) -> 52.837868 | K24: =IF(生产日报2取值!H24=0,"",生产日报2取值!H24) | M24: =IF(生产日报2取值!I24=0,"",生产日报2取值!I24) -> 50.153938
B25: 2.催化轻质油收率 | D25: =IF(生产日报2取值!D25=0,"",生产日报2取值!D25) | E25: =IF(生产日报2取值!E25=0,"",生产日报2取值!E25) -> 71.452055 | G25: =IF(生产日报2取值!F25=0,"",生产日报2取值!F25) -> 71.197096 | I25: =IF(生产日报2取值!G25=0,"",生产日报2取值!G25) -> 70.180081 | K25: =IF(生产日报2取值!H25=0,"",生产日报2取值!H25) | M25: =IF(生产日报2取值!I25=0,"",生产日报2取值!I25) -> 71.066058
B26: 液化气收率 | D26: =IF(生产日报2取值!D26=0,"",生产日报2取值!D26) | E26: =IF(生产日报2取值!E26=0,"",生产日报2取值!E26) -> 16.446414 | G26: =IF(生产日报2取值!F26=0,"",生产日报2取值!F26) -> 16.02365 | I26: =IF(生产日报2取值!G26=0,"",生产日报2取值!G26) -> 14.755051 | K26: =IF(生产日报2取值!H26=0,"",生产日报2取值!H26) | M26: =IF(生产日报2取值!I26=0,"",生产日报2取值!I26) -> 15.918711
B27: 3.重整装置总收率 | D27: =IF(生产日报2取值!D27=0,"",生产日报2取值!D27) | E27: =IF(生产日报2取值!E27=0,"",生产日报2取值!E27) | G27: =IF(生产日报2取值!F27=0,"",生产日报2取值!F27) -> 93.459916 | I27: =IF(生产日报2取值!G27=0,"",生产日报2取值!G27) -> 93.208792 | K27: =IF(生产日报2取值!H27=0,"",生产日报2取值!H27) -> 93.216491 | M27: =IF(生产日报2取值!I27=0,"",生产日报2取值!I27) -> 93.231411
B28: 4.加氢装置总收率 | D28: =IF(生产日报2取值!D28=0,"",生产日报2取值!D28) | E28: =IF(生产日报2取值!E28=0,"",生产日报2取值!E28) | G28: =IF(生产日报2取值!F28=0,"",生产日报2取值!F28) | I28: =IF(生产日报2取值!G28=0,"",生产日报2取值!G28) | K28: =IF(生产日报2取值!H28=0,"",生产日报2取值!H28) -> 99.728148 | M28: =IF(生产日报2取值!I28=0,"",生产日报2取值!I28) -> 99.728148
B29: 5.气分装置收率 | D29: =IF(生产日报2取值!D29=0,"",生产日报2取值!D29) | E29: =IF(生产日报2取值!E29=0,"",生产日报2取值!E29) -> 99.657702 | G29: =IF(生产日报2取值!F29=0,"",生产日报2取值!F29) | I29: =IF(生产日报2取值!G29=0,"",生产日报2取值!G29) | K29: =IF(生产日报2取值!H29=0,"",生产日报2取值!H29) -> 97.95208 | M29: =IF(生产日报2取值!I29=0,"",生产日报2取值!I29) -> 98.518038
B30: 丙烯收率 | D30: =IF(生产日报2取值!D30=0,"",生产日报2取值!D30) | E30: =IF(生产日报2取值!E30=0,"",生产日报2取值!E30) -> 27.628362 | G30: =IF(生产日报2取值!F30=0,"",生产日报2取值!F30) | I30: =IF(生产日报2取值!G30=0,"",生产日报2取值!G30) | K30: =IF(生产日报2取值!H30=0,"",生产日报2取值!H30) -> 26.744374 | M30: =IF(生产日报2取值!I30=0,"",生产日报2取值!I30) -> 27.037698
B31: 6.聚丙烯装置收率 | D31: =IF(生产日报2取值!D31=0,"",生产日报2取值!D31) | E31: =IF(生产日报2取值!E31=0,"",生产日报2取值!E31) -> 96.021948 | G31: =IF(生产日报2取值!F31=0,"",生产日报2取值!F31) | I31: =IF(生产日报2取值!G31=0,"",生产日报2取值!G31) | K31: =IF(生产日报2取值!H31=0,"",生产日报2取值!H31) -> 97.002045 | M31: =IF(生产日报2取值!I31=0,"",生产日报2取值!I31) -> 96.676685
B32: 7.MTBE收率 | D32: =IF(生产日报2取值!D32=0,"",生产日报2取值!D32) | E32: =IF(生产日报2取值!E32=0,"",生产日报2取值!E32) -> 18.317359 | G32: =IF(生产日报2取值!F32=0,"",生产日报2取值!F32) | I32: =IF(生产日报2取值!G32=0,"",生产日报2取值!G32) | K32: =IF(生产日报2取值!H32=0,"",生产日报2取值!H32) -> 15.667831 | M32: =IF(生产日报2取值!I32=0,"",生产日报2取值!I32) -> 16.556528
B33: 8.MTBE转化率 | D33: =IF(生产日报2取值!D33=0,"",生产日报2取值!D33) | E33: =IF(生产日报2取值!E33=0,"",生产日报2取值!E33) | G33: =IF(生产日报2取值!F33=0,"",生产日报2取值!F33) | I33: =IF(生产日报2取值!G33=0,"",生产日报2取值!G33) | K33: =_xlfn.IFERROR(IF(生产日报2取值!H33=0,"",生产日报2取值!H33),"") -> 99.802218 | M33: =IF(生产日报2取值!I33=0,"",生产日报2取值!I33) -> 66.326853
B34: 9.苯抽提装置收率 | D34: =IF(生产日报2取值!D34=0,"",生产日报2取值!D34) | E34: =IF(生产日报2取值!E34=0,"",生产日报2取值!E34) | G34: =IF(生产日报2取值!F34=0,"",生产日报2取值!F34) | I34: =IF(生产日报2取值!G34=0,"",生产日报2取值!G34) -> 94.042019 | K34: =IF(生产日报2取值!H34=0,"",生产日报2取值!H34) -> 99.471831 | M34: =IF(生产日报2取值!I34=0,"",生产日报2取值!I34) -> 97.055129
B35: 10.乙苯收率 | D35: =IF(生产日报2取值!D35=0,"",生产日报2取值!D35) | E35: =IF(生产日报2取值!E35=0,"",生产日报2取值!E35) -> 43.876755 | G35: =IF(生产日报2取值!F35=0,"",生产日报2取值!F35) | I35: =IF(生产日报2取值!G35=0,"",生产日报2取值!G35) | K35: =IF(生产日报2取值!H35=0,"",生产日报2取值!H35) | M35: =IF(生产日报2取值!I35=0,"",生产日报2取值!I35) -> 43.876755
B36: 11.苯乙烯收率 | D36: =IF(生产日报2取值!D36=0,"",生产日报2取值!D36) | E36: =IF(生产日报2取值!E36=0,"",生产日报2取值!E36) -> 94.630282 | G36: =IF(生产日报2取值!F36=0,"",生产日报2取值!F36) | I36: =IF(生产日报2取值!G36=0,"",生产日报2取值!G36) | K36: =IF(生产日报2取值!H36=0,"",生产日报2取值!H36) | M36: =IF(生产日报2取值!I36=0,"",生产日报2取值!I36) -> 94.630282
B37: 12.醋酸仲丁酯收率 | D37: =IF(生产日报2取值!D37=0,"",生产日报2取值!D37) | E37: =IF(生产日报2取值!E37=0,"",生产日报2取值!E37) -> 37.928716 | G37: =IF(生产日报2取值!F37=0,"",生产日报2取值!F37) | I37: =IF(生产日报2取值!G37=0,"",生产日报2取值!G37) | K37: =IF(生产日报2取值!H37=0,"",生产日报2取值!H37) | M37: =IF(生产日报2取值!I37=0,"",生产日报2取值!I37) -> 37.928716
B38: 13.汽油精制总收率 | D38: =IF(生产日报2取值!D38=0,"",生产日报2取值!D38) | E38: =IF(生产日报2取值!E38=0,"",生产日报2取值!E38) | G38: =IF(生产日报2取值!F38=0,"",生产日报2取值!F38) -> 98.88906 | I38: =IF(生产日报2取值!G38=0,"",生产日报2取值!G38) -> 99.224481 | K38: =IF(生产日报2取值!H38=0,"",生产日报2取值!H38) -> 99.008406 | M38: =IF(生产日报2取值!I38=0,"",生产日报2取值!I38) -> 99.035803
B39: 14.柴油精制总收率 | D39: =IF(生产日报2取值!D39=0,"",生产日报2取值!D39) | E39: =IF(生产日报2取值!E39=0,"",生产日报2取值!E39) | G39: =IF(生产日报2取值!F39=0,"",生产日报2取值!F39) -> 99.207846 | I39: =IF(生产日报2取值!G39=0,"",生产日报2取值!G39) -> 99.167509 | K39: =IF(生产日报2取值!H39=0,"",生产日报2取值!H39) -> 99.14398 | M39: =IF(生产日报2取值!I39=0,"",生产日报2取值!I39) -> 99.169189
B40: 15.汽柴液总收率 | D40: =IF(生产日报2取值!D40=0,"",生产日报2取值!D40) | E40: =IF(生产日报2取值!E40=0,"",生产日报2取值!E40) -> 94.878525 | G40: =IF(生产日报2取值!F40=0,"",生产日报2取值!F40) -> 83.332528 | I40: =IF(生产日报2取值!G40=0,"",生产日报2取值!G40) -> 75.822743 | K40: =IF(生产日报2取值!H40=0,"",生产日报2取值!H40) | M40: =IF(生产日报2取值!I40=0,"",生产日报2取值!I40) -> 85.706
B41: 三、原料调运 | D41: =IF(生产日报2取值!D41=0,"",生产日报2取值!D41) | E41: =IF(生产日报2取值!E41=0,"",生产日报2取值!E41) | G41: =IF(生产日报2取值!F41=0,"",生产日报2取值!F41) | I41: =IF(生产日报2取值!G41=0,"",生产日报2取值!G41) | K41: =IF(生产日报2取值!H41=0,"",生产日报2取值!H41)
B42: 1.渣油调出量 | D42: =IF(生产日报2取值!D42=0,"",生产日报2取值!D42) | E42: =IF(生产日报2取值!E42=0,"",生产日报2取值!E42) | G42: =IF(生产日报2取值!F42=0,"",生产日报2取值!F42) -> 8741.1 | I42: =IF(生产日报2取值!G42=0,"",生产日报2取值!G42) | K42: =IF(生产日报2取值!H42=0,"",生产日报2取值!H42) | M42: =SUM(E42:K42) -> 8741.1
B43: 渣油调入量 | D43: =IF(生产日报2取值!D43=0,"",生产日报2取值!D43) | E43: =IF(生产日报2取值!E43=0,"",生产日报2取值!E43) | G43: =IF(生产日报2取值!F43=0,"",生产日报2取值!F43) | I43: =IF(生产日报2取值!G43=0,"",生产日报2取值!G43) | K43: =IF(生产日报2取值!H43=0,"",生产日报2取值!H43) | M43: =_xlfn.IFERROR(生产日报2取值!I43,"") -> 0
B44: 2.石脑油调出量(常) | D44: =IF(生产日报2取值!D44=0,"",生产日报2取值!D44) | E44: =IF(生产日报2取值!E44=0,"",生产日报2取值!E44) -> 19355 | G44: =IF(生产日报2取值!F44=0,"",生产日报2取值!F44) -> 3925.46 | I44: =IF(生产日报2取值!G44=0,"",生产日报2取值!G44) -> 1369.42 | K44: =IF(生产日报2取值!H44=0,"",生产日报2取值!H44) | M44: =_xlfn.IFERROR(生产日报2取值!I44,"") -> 24649.88
B45: 石脑油调入量 | D45: =IF(生产日报2取值!D45=0,"",生产日报2取值!D45) | E45: =IF(生产日报2取值!E45=0,"",生产日报2取值!E45) | G45: =IF(生产日报2取值!F45=0,"",生产日报2取值!F45) | I45: =IF(生产日报2取值!G45=0,"",生产日报2取值!G45) -> 4108.26 | K45: =IF(生产日报2取值!H45=0,"",生产日报2取值!H45) -> 24452.44 | M45: =_xlfn.IFERROR(生产日报2取值!I45,"") -> 28560.7
B46: 部门负责人: | C46: 郝新宇 | E46: 审核人： | G46: =IF(生产日报6!I33=0,"",生产日报6!I33) -> 胡连鹏 | K46: 填报人 | M46: =IF(生产日报6!N33=0,"",生产日报6!N33) -> 李阿君

Sheet 生产日报2取值
B1: 炼化公司生产日报表
B2: 填报单位： | C2: 生产计划部 | F2: 2026-01-06 | G2: 8:00:00 | H2: 2026-01-07 | I2: 陕油炼计统B900-1表
B3: 指标名称 | D3: 年计划 | I3: 本年合计 | J3: 年完成率%
E4: 年累 | F4: 年累 | G4: 年累 | H4: 年累
B5: 一、生产加工量
B6: 1.常压装置加工量 | E6: =_xlfn.IFERROR(E54,"") -> 117720 | F6: =_xlfn.IFERROR(F54,"") -> 62067 | G6: =_xlfn.IFERROR(G112,"") -> 94349 | I6: =E6+F6+G6+H6 -> 274136 | J6: =_xlfn.IFERROR(I6/生产日报2取值!D6*100,"")
B7: 2.催化装置加工量 | E7: =_xlfn.IFERROR(E57,"") -> 62050 | F7: =_xlfn.IFERROR(F55,"") -> 26723 | G7: =_xlfn.IFERROR(G113,"") -> 30986 | I7: =E7+F7+G7+H7 -> 119759 | J7: =_xlfn.IFERROR(I7/生产日报2取值!D7*100,"")
B8: 1#渣油加工量 | E8: =_xlfn.IFERROR(E60,"") -> 61644 | F8: =_xlfn.IFERROR(F56,"") -> 24621 | G8: =_xlfn.IFERROR(G114,"") -> 30175 | I8: =E8+F8+G8+H8 -> 116440 | J8: =_xlfn.IFERROR(I8/生产日报2取值!D8*100,"")
B9: 3.重整装置加工量 | F9: =_xlfn.IFERROR(F57,"") -> 4266 | G9: =_xlfn.IFERROR(G115,"") -> 23339 | H9: =_xlfn.IFERROR(H57,"") -> 29955 | I9: =E9+F9+G9+H9 -> 57560 | J9: =_xlfn.IFERROR(I9/生产日报2取值!D9*100,"")
B10: 4.加氢装置加工量 | G10: =_xlfn.IFERROR(G140,"") -> 0 | H10: =_xlfn.IFERROR(H59,"") -> 16921 | I10: =E10+F10+G10+H10 -> 16921 | J10: =_xlfn.IFERROR(I10/生产日报2取值!D10*100,"")
B11: 5.液化气精制量 | E11: =_xlfn.IFERROR(E65,"") -> 6156 | H11: =_xlfn.IFERROR(H63,"") -> 11752 | I11: =E11+F11+G11+H11 -> 17908 | J11: =_xlfn.IFERROR(I11/生产日报2取值!D11*100,"")
B12: 6.气体分馏加工量 | E12: =_xlfn.IFERROR(E67,"") -> 6135 | H12: =_xlfn.IFERROR(H66,"") -> 12354 | I12: =E12+F12+G12+H12 -> 18489 | J12: =_xlfn.IFERROR(I12/生产日报2取值!D12*100,"")
B13: 7.聚丙烯加工量 | E13: =_xlfn.IFERROR(E69,"") -> 2187 | H13: =_xlfn.IFERROR(H70,"") -> 4401 | I13: =E13+F13+G13+H13 -> 6588 | J13: =_xlfn.IFERROR(I13/生产日报2取值!D13*100,"")
B14: 8.MTBE加工量 | E14: =_xlfn.IFERROR(E71,"") -> 3756 | H14: =_xlfn.IFERROR(H72,"") -> 7442 | I14: =E14+F14+G14+H14 -> 11198 | J14: =_xlfn.IFERROR(I14/生产日报2取值!D14*100,"")
B15: 9.苯抽提加工量 | G15: =_xlfn.IFERROR(G117,"") -> 3189 | H15: =_xlfn.IFERROR(H79,"") -> 3976 | I15: =E15+F15+G15+H15 -> 7165 | J15: =_xlfn.IFERROR(I15/生产日报2取值!D15*100,"")
B16: 10.干气精制加工量 | E16: =_xlfn.IFERROR(E75,"") -> 2164 | I16: =E16+F16+G16+H16 -> 2164 | J16: =_xlfn.IFERROR(I16/生产日报2取值!D16*100,"")
B17: 11.乙苯加工量 | E17: =_xlfn.IFERROR(E77,"") -> 2564 | I17: =E17+F17+G17+H17 -> 2564 | J17: =_xlfn.IFERROR(I17/生产日报2取值!D17*100,"")
B18: 12.苯乙烯加工量 | E18: =_xlfn.IFERROR(E86,"") -> 1155 | I18: =E18+F18+G18+H18 -> 1155 | J18: =_xlfn.IFERROR(I18/生产日报2取值!D18*100,"")
B19: 13.醋酸装置加工量 | E19: =_xlfn.IFERROR(E81,"") -> 2974 | I19: =E19+F19+G19+H19 -> 2974 | J19: =_xlfn.IFERROR(I19/生产日报2取值!D19*100,"")
B20: 其中：醋酸原料 | E20: =_xlfn.IFERROR(E84,"") -> 611 | I20: =E20+F20+G20+H20 -> 611 | J20: =_xlfn.IFERROR(I20/生产日报2取值!D20*100,"")
B21: 14.汽油精制加工量 | F21: =_xlfn.IFERROR(F58,"") -> 12962 | G21: =_xlfn.IFERROR(G118,"") -> 14313 | H21: =_xlfn.IFERROR(H56,"") -> 29145 | I21: =E21+F21+G21+H21 -> 56420 | J21: =_xlfn.IFERROR(I21/生产日报2取值!D21*100,"")
B22: 15.柴油精制加工量 | F22: =_xlfn.IFERROR(F59,"") -> 23859 | G22: =_xlfn.IFERROR(G119,"") -> 33634 | H22: =_xlfn.IFERROR(H58,"") -> 34345 | I22: =E22+F22+G22+H22 -> 91838 | J22: =_xlfn.IFERROR(I22/生产日报2取值!D22*100,"")
B23: 二、装置收率
B24: 1.常压轻质油收率 | E24: =_xlfn.IFERROR(E103,"") -> 48.547401 | F24: =F71 -> 49.121111 | G24: =G142 -> 52.837868 | I24: =_xlfn.IFERROR((E24*E6+F24*F6+G24*G6+H24*H6)/(E6+F6+G6+H6),"") -> 50.153938 | J24: =_xlfn.IFERROR(I24/D24*100,"")
B25: 2.催化轻质油收率 | E25: =_xlfn.IFERROR(E92,"") -> 71.452055 | F25: =F72 -> 71.197096 | G25: =G143 -> 70.180081 | I25: =_xlfn.IFERROR((E25*E7+F25*F7+G25*G7+H25*H7)/(E7+F7+G7+H7),"") -> 71.066058 | J25: =_xlfn.IFERROR(I25/D25*100,"")
B26: 液化气收率 | E26: =_xlfn.IFERROR(E89,"") -> 16.446414 | F26: =F73 -> 16.02365 | G26: =G144 -> 14.755051 | I26: =_xlfn.IFERROR((E26*E8+F26*F8+G26*G8+H26*H8)/(E8+F8+G8+H8),"") -> 15.918711 | J26: =_xlfn.IFERROR(I26/D26*100,"")
B27: 3.重整装置总收率 | F27: =F74 -> 93.459916 | G27: =G145 -> 93.208792 | H27: =_xlfn.IFERROR(H164,"") -> 93.216491 | I27: =_xlfn.IFERROR((E27*E9+F27*F9+G27*G9+H27*H9)/(E9+F9+G9+H9),"") -> 93.231411 | J27: =_xlfn.IFERROR(I27/D27*100,"")
B28: 4.加氢装置总收率 | G28: =G146 -> 0 | H28: =_xlfn.IFERROR(H165,"") -> 99.728148 | I28: =_xlfn.IFERROR((E28*E10+F28*F10+H28*H10)/(E10+F10+H10),"") -> 99.728148 | J28: =_xlfn.IFERROR(I28/D28*100,"")
B29: 5.气分装置收率 | E29: =_xlfn.IFERROR(E98,"") -> 99.657702 | H29: =_xlfn.IFERROR(H166,"") -> 97.95208 | I29: =_xlfn.IFERROR((E29*E12+F29*F12+G29*G12+H29*H12)/(E12+F12+G12+H12),"") -> 98.518038 | J29: =_xlfn.IFERROR(I29/D29*100,"")
B30: 丙烯收率 | E30: =_xlfn.IFERROR(E131,"") -> 27.628362 | H30: =_xlfn.IFERROR(H167,"") -> 26.744374 | I30: =_xlfn.IFERROR((E30*E12+F30*F12+G30*G12+H30*H12)/(E12+F12+G12+H12),"") -> 27.037698 | J30: =_xlfn.IFERROR(I30/D30*100,"")
B31: 6.聚丙烯装置收率 | E31: =_xlfn.IFERROR(E114,"") -> 96.021948 | H31: =_xlfn.IFERROR(H168,"") -> 97.002045 | I31: =_xlfn.IFERROR((E31*E13+F31*F13+G31*G13+H31*H13)/(E13+F13+G13+H13),"") -> 96.676685 | J31: =_xlfn.IFERROR(I31/D31*100,"")
B32: 7.MTBE收率 | E32: =_xlfn.IFERROR(E112,"") -> 18.317359 | H32: =_xlfn.IFERROR(H169,"") -> 15.667831 | I32: =_xlfn.IFERROR((E32*E14+F32*F14+G32*G14+H32*H14)/(E14+F14+G14+H14),"") -> 16.556528 | J32: =_xlfn.IFERROR(I32/D32*100,"")
B33: 8.MTBE转化率 | E33: =_xlfn.IFERROR(E109,"") -> 0 | H33: =H194 -> 99.802218 | I33: =_xlfn.IFERROR((E33*E14+F33*F14+G33*G14+H33*H14)/(E14+F14+G14+H14),"") -> 66.326853 | J33: =_xlfn.IFERROR(I33/D33*100,"")
B34: 9.苯抽提装置收率 | G34: =G152 -> 94.042019 | H34: =_xlfn.IFERROR(H171,"") -> 99.471831 | I34: =_xlfn.IFERROR((E34*E15+F34*F15+G34*G15+H34*H15)/(E15+F15+G15+H15),"") -> 97.055129 | J34: =_xlfn.IFERROR(I34/D34*100,"")
B35: 10.乙苯收率 | E35: =_xlfn.IFERROR(E121,"") -> 43.876755 | I35: =E35 -> 43.876755 | J35: =_xlfn.IFERROR(I35/D35*100,"")
B36: 11.苯乙烯收率 | E36: =_xlfn.IFERROR(E62,"") -> 94.630282 | I36: =E36 -> 94.630282 | J36: =_xlfn.IFERROR(I36/D36*100,"")
B37: 12.醋酸仲丁酯收率 | E37: =_xlfn.IFERROR(E134,"") -> 37.928716 | I37: =E37 -> 37.928716 | J37: =_xlfn.IFERROR(I37/D37*100,"")
B38: 13.汽油精制总收率 | F38: =F85 -> 98.88906 | G38: =G156 -> 99.224481 | H38: =_xlfn.IFERROR(H175,"") -> 99.008406 | I38: =_xlfn.IFERROR((E38*E21+F38*F21+G38*G21+H38*H21)/(E21+F21+G21+H21),"") -> 99.035803 | J38: =_xlfn.IFERROR(I38/D38*100,"")
B39: 14.柴油精制总收率 | F39: =F86 -> 99.207846 | G39: =G157 -> 99.167509 | H39: =_xlfn.IFERROR(H176,"") -> 99.14398 | I39: =_xlfn.IFERROR((E39*E22+F39*F22+G39*G22+H39*H22)/(E22+F22+G22+H22),"") -> 99.169189 | J39: =_xlfn.IFERROR(I39/D39*100,"")
B40: 15.汽柴液总收率 | E40: =_xlfn.IFERROR(E136,"") -> 94.878525 | F40: =F87 -> 83.332528 | G40: =G158 -> 75.822743 | I40: =_xlfn.IFERROR((E40*E6+F40*F6+G40*G6+H40*H6)/(E6+F6+G6+H6),"") -> 85.706 | J40: =_xlfn.IFERROR(I40/D40*100,"")
B41: 三、原料调运
B42: 1.渣油调出量 | E42: =_xlfn.IFERROR(E123,"") -> 0 | F42: =_xlfn.IFERROR(SUM(F62:F64),"") -> 8741.1 | I42: =E42+F42+G42+H42 -> 8741.1
B43: 渣油调入量 | E43: =_xlfn.IFERROR(E125,"") -> 0 | G43: =_xlfn.IFERROR(SUM(G98:G100),"") -> 0 | I43: =E43+F43+G43+H43 -> 0
B44: 2.石脑油调出量(常) | E44: =_xlfn.IFERROR(E138,"") -> 19355 | F44: =_xlfn.IFERROR(SUM(F67:F69),"") -> 3925.46 | G44: =_xlfn.IFERROR(SUM(G102:G102),"") -> 1369.42 | I44: =E44+F44+G44+H44 -> 24649.88
B45: 石脑油调入量 | G45: =_xlfn.IFERROR(SUM(G104:G106),"") -> 4108.26 | H45: =_xlfn.IFERROR(SUM(H179:H181),"") -> 24452.44 | I45: =E45+F45+G45+H45 -> 28560.7
B46: 炼化公司生产日报表
B47: 填报单位： | C47: 生产计划部 | H47: 8:00:00
B48: 指标名称 | D48: 年计划 | I48: 本年合计
E49: 年累 | F49: 年累 | G49: 年累 | H49: 年累
B50: 部门负责人:
B51: 部门负责人: | C51: 王震 | F51: 审核人： | I51: 填报人： | J51: 王好
E54: 117720 | F54: 62067
F55: 26723
F56: 24621 | H56: 29145
E57: 62050 | F57: 4266 | H57: 29955
F58: 12962 | H58: 34345
F59: 23859 | H59: 16921
E60: 61644
E62: 94.630282 | F62: 8741.1
F63: 0 | H63: 11752
F64: 0
E65: 6156
H66: 12354
E67: 6135 | F67: 0
F68: 3925.46
E69: 2187 | F69: 0
H70: 4401
E71: 3756 | F71: 49.121111
F72: 71.197096 | H72: 7442
F73: 16.02365
F74: 93.459916
E75: 2164
E77: 2564
H79: 3976
E81: 2974
E84: 611
F85: 98.88906
E86: 1155 | F86: 99.207846
F87: 83.332528
E89: 16.446414
E92: 71.452055
E98: 99.657702 | G98: 0
G99: 0
G102: 1369.42
E103: 48.547401
G104: 1369.42
G105: 1369.42
G106: 1369.42
E112: 18.317359 | G112: 94349
G113: 30986
E114: 96.021948 | G114: 30175
G115: 23339
G116: 6112
G117: 3189
G118: 14313
G119: 33634
G120: 0
E121: 43.876755
E123: 0
E125: 0
...

Sheet 生产日报3
B1: 炼化公司生产日报表
B2: 填报单位：生产计划部 | D2: 统计日期： | F2: =P2 -> 2026-01-06 | H2: 填报日期： | J2: =Q2 -> 2026-01-07 | M2: 陕油炼计统B900-1表 | P2: 2026-01-06 | Q2: 2026-01-07
B3: 指标名称 | D3: 月计划 | E3: 延安炼油厂 | G3: 永坪炼油厂 | I3: 榆林炼油厂 | K3: 延安石化厂 | M3: 公司合计 | N3: 本月累计 | O3: 月完成率%
E4: 当日 | F4: 月累 | G4: 当日 | H4: 月累 | I4: 当日 | J4: 月累 | K4: 当日 | L4: 月累
B5: 3.催化柴油调出量 | D5: =IF(生产日报3取值!D5=0,"",生产日报3取值!D5) | E5: =IF(生产日报3取值!E5=0,"",生产日报3取值!E5) -> 2447 | F5: =IF(生产日报3取值!F5=0,"",生产日报3取值!F5) -> 15104 | G5: =IF(生产日报3取值!G5=0,"",生产日报3取值!G5) | H5: =IF(生产日报3取值!H5=0,"",生产日报3取值!H5) | I5: =IF(生产日报3取值!I5=0,"",生产日报3取值!I5) | J5: =IF(生产日报3取值!J5=0,"",生产日报3取值!J5) | K5: =IF(生产日报3取值!K5=0,"",生产日报3取值!K5) | ... N5: =IF(生产日报3取值!N5=0,"",生产日报3取值!N5) -> 15104
B6: 催化柴油调入量 | D6: =IF(生产日报3取值!D6=0,"",生产日报3取值!D6) | E6: =IF(生产日报3取值!E6=0,"",生产日报3取值!E6) | F6: =IF(生产日报3取值!F6=0,"",生产日报3取值!F6) | G6: =IF(生产日报3取值!G6=0,"",生产日报3取值!G6) | H6: =IF(生产日报3取值!H6=0,"",生产日报3取值!H6) | I6: =IF(生产日报3取值!I6=0,"",生产日报3取值!I6) | J6: =IF(生产日报3取值!J6=0,"",生产日报3取值!J6) | K6: =IF(生产日报3取值!K6=0,"",生产日报3取值!K6) -> 2447 | ... N6: =IF(生产日报3取值!N6=0,"",生产日报3取值!N6) -> 15427.98
B7: 4.液化气调出量 | D7: =IF(生产日报3取值!D7=0,"",生产日报3取值!D7) | E7: =IF(生产日报3取值!E7=0,"",生产日报3取值!E7) -> 1632 | F7: =IF(生产日报3取值!F7=0,"",生产日报3取值!F7) -> 10912 | G7: =IF(生产日报3取值!G7=0,"",生产日报3取值!G7) -> 709 | H7: =IF(生产日报3取值!H7=0,"",生产日报3取值!H7) -> 3190 | I7: =IF(生产日报3取值!I7=0,"",生产日报3取值!I7) -> 536.32 | J7: =IF(生产日报3取值!J7=0,"",生产日报3取值!J7) -> 3055.94 | K7: =IF(生产日报3取值!K7=0,"",生产日报3取值!K7) | ... N7: =IF(生产日报3取值!N7=0,"",生产日报3取值!N7) -> 17157.94
B8: 液化气调入量 | D8: =IF(生产日报3取值!D8=0,"",生产日报3取值!D8) | E8: =IF(生产日报3取值!E8=0,"",生产日报3取值!E8) -> 1056.16 | F8: =IF(生产日报3取值!F8=0,"",生产日报3取值!F8) -> 6778.44 | G8: =IF(生产日报3取值!G8=0,"",生产日报3取值!G8) | H8: =IF(生产日报3取值!H8=0,"",生产日报3取值!H8) | I8: =IF(生产日报3取值!I8=0,"",生产日报3取值!I8) | J8: =IF(生产日报3取值!J8=0,"",生产日报3取值!J8) | K8: =IF(生产日报3取值!K8=0,"",生产日报3取值!K8) -> 1632 | ... N8: =IF(生产日报3取值!N8=0,"",生产日报3取值!N8) -> 17690.44
B9: 5.丙烯转出量 | D9: =IF(生产日报3取值!D9=0,"",生产日报3取值!D9) | E9: =IF(生产日报3取值!E9=0,"",生产日报3取值!E9) -> 95.22 | F9: =IF(生产日报3取值!F9=0,"",生产日报3取值!F9) -> 571.28 | G9: =IF(生产日报3取值!G9=0,"",生产日报3取值!G9) | H9: =IF(生产日报3取值!H9=0,"",生产日报3取值!H9) | I9: =IF(生产日报3取值!I9=0,"",生产日报3取值!I9) | J9: =IF(生产日报3取值!J9=0,"",生产日报3取值!J9) | K9: =IF(生产日报3取值!K9=0,"",生产日报3取值!K9) | ... N9: =IF(生产日报3取值!N9=0,"",生产日报3取值!N9) -> 571.28
B10: 丙烯转入量 | D10: =IF(生产日报3取值!D10=0,"",生产日报3取值!D10) | E10: =IF(生产日报3取值!E10=0,"",生产日报3取值!E10) -> 296 | F10: =IF(生产日报3取值!F10=0,"",生产日报3取值!F10) -> 1527 | G10: =IF(生产日报3取值!G10=0,"",生产日报3取值!G10) | H10: =IF(生产日报3取值!H10=0,"",生产日报3取值!H10) | I10: =IF(生产日报3取值!I10=0,"",生产日报3取值!I10) | J10: =IF(生产日报3取值!J10=0,"",生产日报3取值!J10) | K10: =IF(生产日报3取值!K10=0,"",生产日报3取值!K10) | ... N10: =IF(生产日报3取值!N10=0,"",生产日报3取值!N10) -> 1527
B11: 6.汽油精制原料转出 | D11: =IF(生产日报3取值!D11=0,"",生产日报3取值!D11) | E11: =IF(生产日报3取值!E11=0,"",生产日报3取值!E11) -> 4106 | F11: =IF(生产日报3取值!F11=0,"",生产日报3取值!F11) -> 29162 | G11: =IF(生产日报3取值!G11=0,"",生产日报3取值!G11) | H11: =IF(生产日报3取值!H11=0,"",生产日报3取值!H11) | I11: =IF(生产日报3取值!I11=0,"",生产日报3取值!I11) | J11: =IF(生产日报3取值!J11=0,"",生产日报3取值!J11) | K11: =IF(生产日报3取值!K11=0,"",生产日报3取值!K11) | ... N11: =IF(生产日报3取值!N11=0,"",生产日报3取值!N11) -> 29162
B12: 汽油精制原料转入 | D12: =IF(生产日报3取值!D12=0,"",生产日报3取值!D12) | E12: =IF(生产日报3取值!E12=0,"",生产日报3取值!E12) | F12: =IF(生产日报3取值!F12=0,"",生产日报3取值!F12) | G12: =IF(生产日报3取值!G12=0,"",生产日报3取值!G12) | H12: =IF(生产日报3取值!H12=0,"",生产日报3取值!H12) | I12: =IF(生产日报3取值!I12=0,"",生产日报3取值!I12) | J12: =IF(生产日报3取值!J12=0,"",生产日报3取值!J12) | K12: =IF(生产日报3取值!K12=0,"",生产日报3取值!K12) -> 4106 | ... N12: =IF(生产日报3取值!N12=0,"",生产日报3取值!N12) -> 29162
B13: 7.柴油精制原料转出 | D13: =IF(生产日报3取值!D13=0,"",生产日报3取值!D13) | E13: =IF(生产日报3取值!E13=0,"",生产日报3取值!E13) -> 4870 | F13: =IF(生产日报3取值!F13=0,"",生产日报3取值!F13) -> 34344 | G13: =IF(生产日报3取值!G13=0,"",生产日报3取值!G13) | H13: =IF(生产日报3取值!H13=0,"",生产日报3取值!H13) | I13: =IF(生产日报3取值!I13=0,"",生产日报3取值!I13) | J13: =IF(生产日报3取值!J13=0,"",生产日报3取值!J13) | K13: =IF(生产日报3取值!K13=0,"",生产日报3取值!K13) | ... N13: =IF(生产日报3取值!N13=0,"",生产日报3取值!N13) -> 34344
B14: 柴油精制原料转入 | D14: =IF(生产日报3取值!D14=0,"",生产日报3取值!D14) | E14: =IF(生产日报3取值!E14=0,"",生产日报3取值!E14) | F14: =IF(生产日报3取值!F14=0,"",生产日报3取值!F14) | G14: =IF(生产日报3取值!G14=0,"",生产日报3取值!G14) | H14: =IF(生产日报3取值!H14=0,"",生产日报3取值!H14) | I14: =IF(生产日报3取值!I14=0,"",生产日报3取值!I14) | J14: =IF(生产日报3取值!J14=0,"",生产日报3取值!J14) | K14: =IF(生产日报3取值!K14=0,"",生产日报3取值!K14) -> 4870 | ... N14: =IF(生产日报3取值!N14=0,"",生产日报3取值!N14) -> 34344
B15: 四、产品产量 | D15: =IF(生产日报3取值!D15=0,"",生产日报3取值!D15) | M15: =IF(生产日报3取值!M15=0,"",生产日报3取值!M15) | N15: =IF(生产日报3取值!N15=0,"",生产日报3取值!N15)
B16: 1.汽油产量 | D16: =IF(生产日报3取值!D16=0,"",生产日报3取值!D16) -> 458000 | E16: =IF(生产日报3取值!E16=0,"",生产日报3取值!E16) -> 834 | F16: =IF(生产日报3取值!F16=0,"",生产日报3取值!F16) -> 43275 | G16: =IF(生产日报3取值!G16=0,"",生产日报3取值!G16) -> 3565 | H16: =IF(生产日报3取值!H16=0,"",生产日报3取值!H16) -> 17294 | I16: =IF(生产日报3取值!I16=0,"",生产日报3取值!I16) -> 3000 | J16: =IF(生产日报3取值!J16=0,"",生产日报3取值!J16) -> 13992 | K16: =IF(生产日报3取值!K16=0,"",生产日报3取值!K16) -> 9155 | ... N16: =IF(生产日报3取值!N16=0,"",生产日报3取值!N16) -> 74561 | O16: =_xlfn.IFERROR(N16/D16*100,"") -> 16.279694
B17: 2.柴油产量 | D17: =IF(生产日报3取值!D17=0,"",生产日报3取值!D17) -> 408000 | E17: =IF(生产日报3取值!E17=0,"",生产日报3取值!E17) -> 8542 | F17: =IF(生产日报3取值!F17=0,"",生产日报3取值!F17) -> 50161 | G17: =IF(生产日报3取值!G17=0,"",生产日报3取值!G17) -> 3427 | H17: =IF(生产日报3取值!H17=0,"",生产日报3取值!H17) -> 19647 | I17: =IF(生产日报3取值!I17=0,"",生产日报3取值!I17) -> 3500 | J17: =IF(生产日报3取值!J17=0,"",生产日报3取值!J17) -> 13500 | K17: =IF(生产日报3取值!K17=0,"",生产日报3取值!K17) -> 6405 | ... N17: =IF(生产日报3取值!N17=0,"",生产日报3取值!N17) -> 83308 | O17: =_xlfn.IFERROR(N17/D17*100,"") -> 20.418627
B18: 3.原料液化气产量 | D18: =IF(生产日报3取值!D18=0,"",生产日报3取值!D18) -> 87000 | E18: =IF(生产日报3取值!E18=0,"",生产日报3取值!E18) -> 1436 | F18: =IF(生产日报3取值!F18=0,"",生产日报3取值!F18) -> 10205 | G18: =IF(生产日报3取值!G18=0,"",生产日报3取值!G18) -> 622 | H18: =IF(生产日报3取值!H18=0,"",生产日报3取值!H18) -> 4282 | I18: =IF(生产日报3取值!I18=0,"",生产日报3取值!I18) -> 718 | J18: =IF(生产日报3取值!J18=0,"",生产日报3取值!J18) -> 4572 | K18: =IF(生产日报3取值!K18=0,"",生产日报3取值!K18) | ... N18: =IF(生产日报3取值!N18=0,"",生产日报3取值!N18) -> 19059 | O18: =_xlfn.IFERROR(N18/D18*100,"") -> 21.906897
B19: 4.民用液化气产量 | D19: =IF(生产日报3取值!D19=0,"",生产日报3取值!D19) | E19: =IF(生产日报3取值!E19=0,"",生产日报3取值!E19) -> 738 | F19: =IF(生产日报3取值!F19=0,"",生产日报3取值!F19) -> 3397 | G19: =IF(生产日报3取值!G19=0,"",生产日报3取值!G19) | H19: =IF(生产日报3取值!H19=0,"",生产日报3取值!H19) | I19: =IF(生产日报3取值!I19=0,"",生产日报3取值!I19) | J19: =IF(生产日报3取值!J19=0,"",生产日报3取值!J19) | K19: =IF(生产日报3取值!K19=0,"",生产日报3取值!K19) | ... N19: =IF(生产日报3取值!N19=0,"",生产日报3取值!N19) -> 3397 | O19: =_xlfn.IFERROR(N19/D19*100,"")
B20: 5.丙烷产量 | D20: =IF(生产日报3取值!D20=0,"",生产日报3取值!D20) | E20: =IF(生产日报3取值!E20=0,"",生产日报3取值!E20) -> 94 | F20: =IF(生产日报3取值!F20=0,"",生产日报3取值!F20) -> 561 | G20: =IF(生产日报3取值!G20=0,"",生产日报3取值!G20) | H20: =IF(生产日报3取值!H20=0,"",生产日报3取值!H20) | I20: =IF(生产日报3取值!I20=0,"",生产日报3取值!I20) | J20: =IF(生产日报3取值!J20=0,"",生产日报3取值!J20) | K20: =IF(生产日报3取值!K20=0,"",生产日报3取值!K20) -> 217 | ... N20: =IF(生产日报3取值!N20=0,"",生产日报3取值!N20) -> 2208 | O20: =_xlfn.IFERROR(N20/D20*100,"")
B21: 6.丁烷产量 | D21: =IF(生产日报3取值!D21=0,"",生产日报3取值!D21) | E21: =IF(生产日报3取值!E21=0,"",生产日报3取值!E21) | F21: =IF(生产日报3取值!F21=0,"",生产日报3取值!F21) | G21: =IF(生产日报3取值!G21=0,"",生产日报3取值!G21) | H21: =IF(生产日报3取值!H21=0,"",生产日报3取值!H21) | I21: =IF(生产日报3取值!I21=0,"",生产日报3取值!I21) | J21: =IF(生产日报3取值!J21=0,"",生产日报3取值!J21) | K21: =IF(生产日报3取值!K21=0,"",生产日报3取值!K21) -> 305 | ... N21: =IF(生产日报3取值!N21=0,"",生产日报3取值!N21) -> 2327 | O21: =_xlfn.IFERROR(N21/D21*100,"")
B22: 7.聚丙烯产量 | D22: =IF(生产日报3取值!D22=0,"",生产日报3取值!D22) -> 26499.939 | E22: =IF(生产日报3取值!E22=0,"",生产日报3取值!E22) -> 305 | F22: =IF(生产日报3取值!F22=0,"",生产日报3取值!F22) -> 2100 | G22: =IF(生产日报3取值!G22=0,"",生产日报3取值!G22) | H22: =IF(生产日报3取值!H22=0,"",生产日报3取值!H22) | I22: =IF(生产日报3取值!I22=0,"",生产日报3取值!I22) | J22: =IF(生产日报3取值!J22=0,"",生产日报3取值!J22) | K22: =IF(生产日报3取值!K22=0,"",生产日报3取值!K22) -> 609.56 | ... N22: =IF(生产日报3取值!N22=0,"",生产日报3取值!N22) -> 6369.06 | O22: =_xlfn.IFERROR(N22/D22*100,"") -> 24.034244
B23: 8.MTBE产量 | D23: =IF(生产日报3取值!D23=0,"",生产日报3取值!D23) -> 26800 | E23: =IF(生产日报3取值!E23=0,"",生产日报3取值!E23) -> 108 | F23: =IF(生产日报3取值!F23=0,"",生产日报3取值!F23) -> 688 | G23: =IF(生产日报3取值!G23=0,"",生产日报3取值!G23) | H23: =IF(生产日报3取值!H23=0,"",生产日报3取值!H23) | I23: =IF(生产日报3取值!I23=0,"",生产日报3取值!I23) | J23: =IF(生产日报3取值!J23=0,"",生产日报3取值!J23) | K23: =IF(生产日报3取值!K23=0,"",生产日报3取值!K23) -> 835 | ... N23: =IF(生产日报3取值!N23=0,"",生产日报3取值!N23) -> 6694 | O23: =_xlfn.IFERROR(N23/D23*100,"") -> 24.977612
B24: 9.苯产量 | D24: =IF(生产日报3取值!D24=0,"",生产日报3取值!D24) -> 8300 | E24: =IF(生产日报3取值!E24=0,"",生产日报3取值!E24) | F24: =IF(生产日报3取值!F24=0,"",生产日报3取值!F24) | G24: =IF(生产日报3取值!G24=0,"",生产日报3取值!G24) | H24: =IF(生产日报3取值!H24=0,"",生产日报3取值!H24) | I24: =IF(生产日报3取值!I24=0,"",生产日报3取值!I24) -> 163 | J24: =IF(生产日报3取值!J24=0,"",生产日报3取值!J24) -> 1002 | K24: =IF(生产日报3取值!K24=0,"",生产日报3取值!K24) -> 183 | ... N24: =IF(生产日报3取值!N24=0,"",生产日报3取值!N24) -> 2310 | O24: =_xlfn.IFERROR(N24/D24*100,"") -> 27.831325
B25: 10.苯乙烯 | D25: =IF(生产日报3取值!D25=0,"",生产日报3取值!D25) | E25: =IF(生产日报3取值!E25=0,"",生产日报3取值!E25) -> 151 | F25: =IF(生产日报3取值!F25=0,"",生产日报3取值!F25) -> 1075 | G25: =IF(生产日报3取值!G25=0,"",生产日报3取值!G25) | H25: =IF(生产日报3取值!H25=0,"",生产日报3取值!H25) | I25: =IF(生产日报3取值!I25=0,"",生产日报3取值!I25) | J25: =IF(生产日报3取值!J25=0,"",生产日报3取值!J25) | K25: =IF(生产日报3取值!K25=0,"",生产日报3取值!K25) | ... N25: =IF(生产日报3取值!N25=0,"",生产日报3取值!N25) -> 1075 | O25: =_xlfn.IFERROR(N25/D25*100,"")
B26: 11.醋酸仲丁酯产量 | D26: =IF(生产日报3取值!D26=0,"",生产日报3取值!D26) -> 5100.027 | E26: =IF(生产日报3取值!E26=0,"",生产日报3取值!E26) -> 169 | F26: =IF(生产日报3取值!F26=0,"",生产日报3取值!F26) -> 1128 | G26: =IF(生产日报3取值!G26=0,"",生产日报3取值!G26) | H26: =IF(生产日报3取值!H26=0,"",生产日报3取值!H26) | I26: =IF(生产日报3取值!I26=0,"",生产日报3取值!I26) | J26: =IF(生产日报3取值!J26=0,"",生产日报3取值!J26) | K26: =IF(生产日报3取值!K26=0,"",生产日报3取值!K26) | ... N26: =IF(生产日报3取值!N26=0,"",生产日报3取值!N26) -> 1128 | O26: =_xlfn.IFERROR(N26/D26*100,"") -> 22.11753
B27: 12.粗硫磺产量 | D27: =IF(生产日报3取值!D27=0,"",生产日报3取值!D27) | E27: =IF(生产日报3取值!E27=0,"",生产日报3取值!E27) -> 13 | F27: =IF(生产日报3取值!F27=0,"",生产日报3取值!F27) -> 100 | G27: =IF(生产日报3取值!G27=0,"",生产日报3取值!G27) -> 8 | H27: =IF(生产日报3取值!H27=0,"",生产日报3取值!H27) -> 54 | I27: =IF(生产日报3取值!I27=0,"",生产日报3取值!I27) -> 28.5 | J27: =IF(生产日报3取值!J27=0,"",生产日报3取值!J27) -> 111 | K27: =IF(生产日报3取值!K27=0,"",生产日报3取值!K27) | ... N27: =IF(生产日报3取值!N27=0,"",生产日报3取值!N27) -> 266 | O27: =_xlfn.IFERROR(N27/D27*100,"")
B28: 13.精制硫磺产量 | D28: =IF(生产日报3取值!D28=0,"",生产日报3取值!D28) | E28: =IF(生产日报3取值!E28=0,"",生产日报3取值!E28) | F28: =IF(生产日报3取值!F28=0,"",生产日报3取值!F28) | G28: =IF(生产日报3取值!G28=0,"",生产日报3取值!G28) | H28: =IF(生产日报3取值!H28=0,"",生产日报3取值!H28) | I28: =IF(生产日报3取值!I28=0,"",生产日报3取值!I28) | J28: =IF(生产日报3取值!J28=0,"",生产日报3取值!J28) | K28: =IF(生产日报3取值!K28=0,"",生产日报3取值!K28) | ... N28: =IF(生产日报3取值!N28=0,"",生产日报3取值!N28) | O28: =_xlfn.IFERROR(N28/D28*100,"")
B29: 五、产品销售 | D29: =IF(生产日报3取值!D29=0,"",生产日报3取值!D29) | M29: =IF(生产日报3取值!M29=0,"",生产日报3取值!M29) | N29: =IF(生产日报3取值!N29=0,"",生产日报3取值!N29)
B30: 1.汽油 | D30: =IF(生产日报3取值!D30=0,"",生产日报3取值!D30) | E30: =IF(生产日报3取值!E30=0,"",生产日报3取值!E30) -> 13179 | F30: =IF(生产日报3取值!F30=0,"",生产日报3取值!F30) -> 57060 | G30: =IF(生产日报3取值!G30=0,"",生产日报3取值!G30) -> 1997 | H30: =IF(生产日报3取值!H30=0,"",生产日报3取值!H30) -> 17226 | I30: =IF(生产日报3取值!I30=0,"",生产日报3取值!I30) -> 3200 | J30: =IF(生产日报3取值!J30=0,"",生产日报3取值!J30) -> 19096 | M30: =IF(生产日报3取值!M30=0,"",生产日报3取值!M30) -> 18376 | N30: =IF(生产日报3取值!N30=0,"",生产日报3取值!N30) -> 93382
B31: 乙醇汽油组分油 | D31: =IF(生产日报3取值!D31=0,"",生产日报3取值!D31) | E31: =IF(生产日报3取值!E31=0,"",生产日报3取值!E31) | F31: =IF(生产日报3取值!F31=0,"",生产日报3取值!F31) | G31: =IF(生产日报3取值!G31=0,"",生产日报3取值!G31) | H31: =IF(生产日报3取值!H31=0,"",生产日报3取值!H31) | I31: =IF(生产日报3取值!I31=0,"",生产日报3取值!I31) | J31: =IF(生产日报3取值!J31=0,"",生产日报3取值!J31) | M31: =IF(生产日报3取值!M31=0,"",生产日报3取值!M31) | N31: =IF(生产日报3取值!N31=0,"",生产日报3取值!N31)
B32: 92# | D32: =IF(生产日报3取值!D32=0,"",生产日报3取值!D32) | E32: =IF(生产日报3取值!E32=0,"",生产日报3取值!E32) -> 9857 | F32: =IF(生产日报3取值!F32=0,"",生产日报3取值!F32) -> 32478 | G32: =IF(生产日报3取值!G32=0,"",生产日报3取值!G32) -> 1997 | H32: =IF(生产日报3取值!H32=0,"",生产日报3取值!H32) -> 17226 | I32: =IF(生产日报3取值!I32=0,"",生产日报3取值!I32) -> 2784 | J32: =IF(生产日报3取值!J32=0,"",生产日报3取值!J32) -> 16566 | M32: =IF(生产日报3取值!M32=0,"",生产日报3取值!M32) -> 14638 | N32: =IF(生产日报3取值!N32=0,"",生产日报3取值!N32) -> 66270
B33: 93# | D33: =IF(生产日报3取值!D33=0,"",生产日报3取值!D33) | E33: =IF(生产日报3取值!E33=0,"",生产日报3取值!E33) | F33: =IF(生产日报3取值!F33=0,"",生产日报3取值!F33) | G33: =IF(生产日报3取值!G33=0,"",生产日报3取值!G33) | H33: =IF(生产日报3取值!H33=0,"",生产日报3取值!H33) | I33: =IF(生产日报3取值!I33=0,"",生产日报3取值!I33) | J33: =IF(生产日报3取值!J33=0,"",生产日报3取值!J33) | M33: =IF(生产日报3取值!M33=0,"",生产日报3取值!M33) | N33: =IF(生产日报3取值!N33=0,"",生产日报3取值!N33)
B34: 95# | D34: =IF(生产日报3取值!D34=0,"",生产日报3取值!D34) | E34: =IF(生产日报3取值!E34=0,"",生产日报3取值!E34) -> 3322 | F34: =IF(生产日报3取值!F34=0,"",生产日报3取值!F34) -> 24582 | G34: =IF(生产日报3取值!G34=0,"",生产日报3取值!G34) | H34: =IF(生产日报3取值!H34=0,"",生产日报3取值!H34) | I34: =IF(生产日报3取值!I34=0,"",生产日报3取值!I34) -> 416 | J34: =IF(生产日报3取值!J34=0,"",生产日报3取值!J34) -> 2530 | M34: =IF(生产日报3取值!M34=0,"",生产日报3取值!M34) -> 3738 | N34: =IF(生产日报3取值!N34=0,"",生产日报3取值!N34) -> 27112
B35: 2.柴油 | D35: =IF(生产日报3取值!D35=0,"",生产日报3取值!D35) | E35: =IF(生产日报3取值!E35=0,"",生产日报3取值!E35) -> 3452 | F35: =IF(生产日报3取值!F35=0,"",生产日报3取值!F35) -> 43190 | G35: =IF(生产日报3取值!G35=0,"",生产日报3取值!G35) -> 2534 | H35: =IF(生产日报3取值!H35=0,"",生产日报3取值!H35) -> 17769 | I35: =IF(生产日报3取值!I35=0,"",生产日报3取值!I35) -> 8270 | J35: =IF(生产日报3取值!J35=0,"",生产日报3取值!J35) -> 22878 | M35: =IF(生产日报3取值!M35=0,"",生产日报3取值!M35) -> 14256 | N35: =IF(生产日报3取值!N35=0,"",生产日报3取值!N35) -> 83837
B36: 0#（国ⅤI） | D36: =IF(生产日报3取值!D36=0,"",生产日报3取值!D36) | E36: =IF(生产日报3取值!E36=0,"",生产日报3取值!E36) -> 3452 | F36: =IF(生产日报3取值!F36=0,"",生产日报3取值!F36) -> 43190 | G36: =IF(生产日报3取值!G36=0,"",生产日报3取值!G36) -> 1642 | H36: =IF(生产日报3取值!H36=0,"",生产日报3取值!H36) -> 14410 | I36: =IF(生产日报3取值!I36=0,"",生产日报3取值!I36) -> 5338 | J36: =IF(生产日报3取值!J36=0,"",生产日报3取值!J36) -> 17922 | M36: =IF(生产日报3取值!M36=0,"",生产日报3取值!M36) -> 10432 | N36: =IF(生产日报3取值!N36=0,"",生产日报3取值!N36) -> 75522
B37: -10# | D37: =IF(生产日报3取值!D37=0,"",生产日报3取值!D37) | E37: =IF(生产日报3取值!E37=0,"",生产日报3取值!E37) | F37: =IF(生产日报3取值!F37=0,"",生产日报3取值!F37) | G37: =IF(生产日报3取值!G37=0,"",生产日报3取值!G37) | H37: =IF(生产日报3取值!H37=0,"",生产日报3取值!H37) | I37: =IF(生产日报3取值!I37=0,"",生产日报3取值!I37) -> 2932 | J37: =IF(生产日报3取值!J37=0,"",生产日报3取值!J37) -> 3792 | M37: =IF(生产日报3取值!M37=0,"",生产日报3取值!M37) -> 2932 | N37: =IF(生产日报3取值!N37=0,"",生产日报3取值!N37) -> 3792
B38: -20# | D38: =IF(生产日报3取值!D38=0,"",生产日报3取值!D38) | E38: =IF(生产日报3取值!E38=0,"",生产日报3取值!E38) | F38: =IF(生产日报3取值!F38=0,"",生产日报3取值!F38) | G38: =IF(生产日报3取值!G38=0,"",生产日报3取值!G38) -> 892 | H38: =IF(生产日报3取值!H38=0,"",生产日报3取值!H38) -> 3359 | I38: =IF(生产日报3取值!I38=0,"",生产日报3取值!I38) | J38: =IF(生产日报3取值!J38=0,"",生产日报3取值!J38) -> 1164 | M38: =IF(生产日报3取值!M38=0,"",生产日报3取值!M38) -> 892 | N38: =IF(生产日报3取值!N38=0,"",生产日报3取值!N38) -> 4523
B39: 3.民用液化气 | D39: =IF(生产日报3取值!D39=0,"",生产日报3取值!D39) | E39: =IF(生产日报3取值!E39=0,"",生产日报3取值!E39) -> 603.42 | F39: =IF(生产日报3取值!F39=0,"",生产日报3取值!F39) -> 3562.92 | G39: =IF(生产日报3取值!G39=0,"",生产日报3取值!G39) | H39: =IF(生产日报3取值!H39=0,"",生产日报3取值!H39) | I39: =IF(生产日报3取值!I39=0,"",生产日报3取值!I39) | J39: =IF(生产日报3取值!J39=0,"",生产日报3取值!J39) | K39: =IF(生产日报3取值!K39=0,"",生产日报3取值!K39) | ... N39: =IF(生产日报3取值!N39=0,"",生产日报3取值!N39) -> 3562.92 | O39: =_xlfn.IFERROR(N39/D39*100,"")
B40: 4.丙烯 | D40: =IF(生产日报3取值!D40=0,"",生产日报3取值!D40) | E40: =IF(生产日报3取值!E40=0,"",生产日报3取值!E40) -> 95.22 | F40: =IF(生产日报3取值!F40=0,"",生产日报3取值!F40) -> 765.34 | G40: =IF(生产日报3取值!G40=0,"",生产日报3取值!G40) | H40: =IF(生产日报3取值!H40=0,"",生产日报3取值!H40) | I40: =IF(生产日报3取值!I40=0,"",生产日报3取值!I40) | J40: =IF(生产日报3取值!J40=0,"",生产日报3取值!J40) | M40: =IF(生产日报3取值!M40=0,"",生产日报3取值!M40) -> 95.22 | N40: =IF(生产日报3取值!N40=0,"",生产日报3取值!N40) -> 765.34
B41: 5.醚后C4 | D41: =IF(生产日报3取值!D41=0,"",生产日报3取值!D41) | E41: =IF(生产日报3取值!E41=0,"",生产日报3取值!E41) -> 75.06 | F41: =IF(生产日报3取值!F41=0,"",生产日报3取值!F41) -> 932.22 | G41: =IF(生产日报3取值!G41=0,"",生产日报3取值!G41) | H41: =IF(生产日报3取值!H41=0,"",生产日报3取值!H41) | I41: =IF(生产日报3取值!I41=0,"",生产日报3取值!I41) | J41: =IF(生产日报3取值!J41=0,"",生产日报3取值!J41) | M41: =IF(生产日报3取值!M41=0,"",生产日报3取值!M41) -> 75.06 | N41: =IF(生产日报3取值!N41=0,"",生产日报3取值!N41) -> 932.22
B42: 6.聚丙烯 | D42: =IF(生产日报3取值!D42=0,"",生产日报3取值!D42) | E42: =IF(生产日报3取值!E42=0,"",生产日报3取值!E42) -> 528 | F42: =IF(生产日报3取值!F42=0,"",生产日报3取值!F42) -> 2432 | G42: =IF(生产日报3取值!G42=0,"",生产日报3取值!G42) | H42: =IF(生产日报3取值!H42=0,"",生产日报3取值!H42) | I42: =IF(生产日报3取值!I42=0,"",生产日报3取值!I42) | J42: =IF(生产日报3取值!J42=0,"",生产日报3取值!J42) | K42: =IF(生产日报3取值!K42=0,"",生产日报3取值!K42) -> 800.56 | ... N42: =IF(生产日报3取值!N42=0,"",生产日报3取值!N42) -> 7216.06
B43: 7.苯 | D43: =IF(生产日报3取值!D43=0,"",生产日报3取值!D43) | E43: =IF(生产日报3取值!E43=0,"",生产日报3取值!E43) | F43: =IF(生产日报3取值!F43=0,"",生产日报3取值!F43) | G43: =IF(生产日报3取值!G43=0,"",生产日报3取值!G43) | H43: =IF(生产日报3取值!H43=0,"",生产日报3取值!H43) | I43: =IF(生产日报3取值!I43=0,"",生产日报3取值!I43) -> 419 | J43: =IF(生产日报3取值!J43=0,"",生产日报3取值!J43) -> 1252 | K43: =IF(生产日报3取值!K43=0,"",生产日报3取值!K43) -> 151 | ... N43: =IF(生产日报3取值!N43=0,"",生产日报3取值!N43) -> 2523
B44: 8.苯乙烯 | D44: =IF(生产日报3取值!D44=0,"",生产日报3取值!D44) | E44: =IF(生产日报3取值!E44=0,"",生产日报3取值!E44) -> 163.82 | F44: =IF(生产日报3取值!F44=0,"",生产日报3取值!F44) -> 1571.54 | G44: =IF(生产日报3取值!G44=0,"",生产日报3取值!G44) | H44: =IF(生产日报3取值!H44=0,"",生产日报3取值!H44) | I44: =IF(生产日报3取值!I44=0,"",生产日报3取值!I44) | J44: =IF(生产日报3取值!J44=0,"",生产日报3取值!J44) | K44: =IF(生产日报3取值!K44=0,"",生产日报3取值!K44) | ... N44: =IF(生产日报3取值!N44=0,"",生产日报3取值!N44) -> 1571.54
B45: 9.醋酸仲丁酯SBA | D45: =IF(生产日报3取值!D45=0,"",生产日报3取值!D45) | E45: =IF(生产日报3取值!E45=0,"",生产日报3取值!E45) -> 196.02 | F45: =IF(生产日报3取值!F45=0,"",生产日报3取值!F45) -> 1263.62 | G45: =IF(生产日报3取值!G45=0,"",生产日报3取值!G45) | H45: =IF(生产日报3取值!H45=0,"",生产日报3取值!H45) | I45: =IF(生产日报3取值!I45=0,"",生产日报3取值!I45) | J45: =IF(生产日报3取值!J45=0,"",生产日报3取值!J45) | K45: =IF(生产日报3取值!K45=0,"",生产日报3取值!K45) | ... N45: =IF(生产日报3取值!N45=0,"",生产日报3取值!N45) -> 1263.62
B46: 10.石脑油 | D46: =IF(生产日报3取值!D46=0,"",生产日报3取值!D46)
B47: 12.油浆（含焦油） | D47: =IF(生产日报3取值!D47=0,"",生产日报3取值!D47) -> 7800 | E47: =IF(生产日报3取值!E47=0,"",生产日报3取值!E47) -> 62.82 | F47: =IF(生产日报3取值!F47=0,"",生产日报3取值!F47) -> 527.4 | G47: =IF(生产日报3取值!G47=0,"",生产日报3取值!G47) | H47: =IF(生产日报3取值!H47=0,"",生产日报3取值!H47) | I47: =IF(生产日报3取值!I47=0,"",生产日报3取值!I47) -> 287 | J47: =IF(生产日报3取值!J47=0,"",生产日报3取值!J47) -> 1427 | K47: =IF(生产日报3取值!K47=0,"",生产日报3取值!K47) | ... N47: =IF(生产日报3取值!N47=0,"",生产日报3取值!N47) -> 1954.4 | O47: =_xlfn.IFERROR(N47/D47*100,"") -> 25.05641
B48: 13.粗硫磺 | D48: =IF(生产日报3取值!D48=0,"",生产日报3取值!D48) | E48: =IF(生产日报3取值!E48=0,"",生产日报3取值!E48) | F48: =IF(生产日报3取值!F48=0,"",生产日报3取值!F48) | G48: =IF(生产日报3取值!G48=0,"",生产日报3取值!G48) | H48: =IF(生产日报3取值!H48=0,"",生产日报3取值!H48) | I48: =IF(生产日报3取值!I48=0,"",生产日报3取值!I48) -> 65.54 | J48: =IF(生产日报3取值!J48=0,"",生产日报3取值!J48) -> 163.18 | K48: =IF(生产日报3取值!K48=0,"",生产日报3取值!K48) | ... N48: =IF(生产日报3取值!N48=0,"",生产日报3取值!N48) -> 163.18
B49: 部门负责人： | C49: 郝新宇 | D49: 第3页 | H49: 审核人： | I49: =IF(生产日报6!I33=0,"",生产日报6!I33) -> 胡连鹏 | M49: 填报人： | N49: =IF(生产日报6!N33=0,"",生产日报6!N33) -> 李阿君

Sheet 生产日报3取值
B1: 炼化公司生产日报表
B2: 填报单位： | C2: 生产计划部 | H2: 2026-01-07 | L2: 2026-01-07 | N2: 陕油炼计统B900-1表
B3: 指标名称 | D3: 月计划 | E3: 延安炼油厂 | G3: 永坪炼油厂 | I3: 榆林炼油厂 | K3: 延安石化厂 | M3: 公司合计 | N3: 本月累计 | O3: 月完成率%
E4: 当日 | F4: 月累 | G4: 当日 | H4: 月累 | I4: 当日 | J4: 月累 | K4: 当日 | L4: 月累
B5: 3.催化柴油调出量 | E5: =_xlfn.IFERROR(E51,"") -> 2447 | F5: =_xlfn.IFERROR(F51,"") -> 15104 | M5: =E5+G5+I5+K5 -> 2447 | N5: =F5+H5+J5+L5 -> 15104 | O5: =_xlfn.IFERROR(N5/D5,"")
B6: 催化柴油调入量 | I6: =_xlfn.IFERROR(SUM(I51:I53),"") -> 0 | J6: =_xlfn.IFERROR(SUM(J51:J53),"") -> 0 | K6: =_xlfn.IFERROR(SUM(K52:K55),"") -> 2447 | L6: =_xlfn.IFERROR(SUM(L52:L55),"") -> 15427.98 | M6: =E6+G6+I6+K6 -> 2447 | N6: =F6+H6+J6+L6 -> 15427.98 | O6: =_xlfn.IFERROR(N6/D6,"")
B7: 4.液化气调出量 | E7: =_xlfn.IFERROR(E158,"") -> 1632 | F7: =_xlfn.IFERROR(F158,"") -> 10912 | G7: =_xlfn.IFERROR(SUM(G83),"") -> 709 | H7: =_xlfn.IFERROR(SUM(H83),"") -> 3190 | I7: =_xlfn.IFERROR(I77,"") -> 536.32 | J7: =_xlfn.IFERROR(J77,"") -> 3055.94 | M7: =E7+G7+I7+K7 -> 2877.32 | N7: =F7+H7+J7+L7 -> 17157.94 | O7: =_xlfn.IFERROR(N7/D7,"")
B8: 液化气调入量 | E8: =_xlfn.IFERROR(E59,"") -> 1056.16 | F8: =_xlfn.IFERROR(F59,"") -> 6778.44 | K8: =_xlfn.IFERROR(K128,"") -> 1632 | L8: =_xlfn.IFERROR(L128,"") -> 10912 | M8: =E8+G8+I8+K8 -> 2688.16 | N8: =F8+H8+J8+L8 -> 17690.44 | O8: =_xlfn.IFERROR(N8/D8,"")
B9: 5.丙烯转出量 | E9: =_xlfn.IFERROR(E57,"") -> 95.22 | F9: =_xlfn.IFERROR(F57,"") -> 571.28 | M9: =E9+G9+I9+K9 -> 95.22 | N9: =F9+H9+J9+L9 -> 571.28 | O9: =_xlfn.IFERROR(N9/D9,"")
B10: 丙烯转入量 | E10: =_xlfn.IFERROR(E67,"") -> 296 | F10: =_xlfn.IFERROR(F67,"") -> 1527 | M10: =E10+G10+I10+K10 -> 296 | N10: =F10+H10+J10+L10 -> 1527 | O10: =_xlfn.IFERROR(N10/D10,"")
B11: 6.汽油精制原料转出 | E11: =_xlfn.IFERROR(E160,"") -> 4106 | F11: =_xlfn.IFERROR(F160,"") -> 29162 | M11: =E11+G11+I11+K11 -> 4106 | N11: =F11+H11+J11+L11 -> 29162 | O11: =_xlfn.IFERROR(N11/D11,"")
B12: 汽油精制原料转入 | K12: =K122 -> 4106 | L12: =L122 -> 29162 | M12: =E12+G12+I12+K12 -> 4106 | N12: =F12+H12+J12+L12 -> 29162 | O12: =_xlfn.IFERROR(N12/D12,"")
B13: 7.柴油精制原料转出 | E13: =_xlfn.IFERROR(E162,"") -> 4870 | F13: =_xlfn.IFERROR(F162,"") -> 34344 | M13: =E13+G13+I13+K13 -> 4870 | N13: =F13+H13+J13+L13 -> 34344 | O13: =_xlfn.IFERROR(N13/D13,"")
B14: 柴油精制原料转入 | K14: =SUM(K130:K132) -> 4870 | L14: =SUM(L123:L125) -> 34344 | M14: =E14+G14+I14+K14 -> 4870 | N14: =F14+H14+J14+L14 -> 34344 | O14: =_xlfn.IFERROR(N14/D14,"")
B15: 四、产品产量
B16: 1.汽油产量 | D16: 458000 | E16: =_xlfn.IFERROR(E77,"") -> 834 | F16: =_xlfn.IFERROR(F77,"") -> 43275 | G16: =_xlfn.IFERROR(SUM(G71:G73),"") -> 3565 | H16: =_xlfn.IFERROR(SUM(H71:H73),"") -> 17294 | I16: =_xlfn.IFERROR(SUM(I60:I61),"") -> 3000 | J16: =_xlfn.IFERROR(SUM(J60:J61),"") -> 13992 | K16: =_xlfn.IFERROR(SUM(K57:K63),"") -> 9155 | L16: =_xlfn.IFERROR(SUM(L57:L63),"") -> 64460 | M16: =E16+G16+I16 -> 7399 | N16: =F16+H16+J16 -> 74561 | O16: =_xlfn.IFERROR(N16/D16,"") -> 0.16279694
B17: 2.柴油产量 | D17: 408000 | E17: =_xlfn.IFERROR(E81,"") -> 8542 | F17: =_xlfn.IFERROR(F81,"") -> 50161 | G17: =_xlfn.IFERROR(SUM(G100:G103),"") -> 3427 | H17: =_xlfn.IFERROR(SUM(H100:H103),"") -> 19647 | I17: =_xlfn.IFERROR(SUM(I63:I65),"") -> 3500 | J17: =_xlfn.IFERROR(SUM(J63:J65),"") -> 13500 | K17: =_xlfn.IFERROR(SUM(K65:K66),"") -> 6405 | L17: =_xlfn.IFERROR(SUM(L65:L66),"") -> 45804 | M17: =E17+G17+I17 -> 15469 | N17: =F17+H17+J17 -> 83308 | O17: =_xlfn.IFERROR(N17/D17,"") -> 0.20418627
B18: 3.原料液化气产量 | D18: 87000 | E18: =_xlfn.IFERROR(E86,"") -> 1436 | F18: =_xlfn.IFERROR(F86,"") -> 10205 | G18: =_xlfn.IFERROR(G57,"") -> 622 | H18: =_xlfn.IFERROR(H57,"") -> 4282 | I18: =_xlfn.IFERROR(I68,"") -> 718 | J18: =_xlfn.IFERROR(J68,"") -> 4572 | M18: =E18+G18+I18 -> 2776 | N18: =F18+H18+J18 -> 19059 | O18: =_xlfn.IFERROR(N18/D18,"") -> 0.21906897
B19: 4.民用液化气产量 | E19: =_xlfn.IFERROR(E88,"") -> 738 | F19: =_xlfn.IFERROR(F88,"") -> 3397 | G19: =_xlfn.IFERROR(G79,"") -> 0 | H19: =_xlfn.IFERROR(H79,"") -> 0 | M19: =E19+G19+I19 -> 738 | N19: =F19+H19+J19 -> 3397 | O19: =_xlfn.IFERROR(N19/D19,"")
B20: 5.丙烷产量 | E20: =_xlfn.IFERROR(E152,"") -> 94 | F20: =_xlfn.IFERROR(F152,"") -> 561 | K20: =_xlfn.IFERROR(K73,"") -> 217 | L20: =_xlfn.IFERROR(L73,"") -> 1647 | M20: =E20+G20+I20+K20 -> 311 | N20: =F20+H20+J20+L20 -> 2208 | O20: =_xlfn.IFERROR(N20/D20,"")
B21: 6.丁烷产量 | E21: =_xlfn.IFERROR(E151,"") -> 0 | F21: =_xlfn.IFERROR(F151,"") -> 0 | K21: =_xlfn.IFERROR(K77,"") -> 305 | L21: =_xlfn.IFERROR(L77,"") -> 2327 | M21: =E21+G21+I21+K21 -> 305 | N21: =F21+H21+J21+L21 -> 2327 | O21: =_xlfn.IFERROR(N21/D21,"")
B22: 7.聚丙烯产量 | D22: 26499.939 | E22: =_xlfn.IFERROR(E90,"") -> 305 | F22: =_xlfn.IFERROR(F90,"") -> 2100 | K22: =_xlfn.IFERROR(K80,"") -> 609.56 | L22: =_xlfn.IFERROR(L80,"") -> 4269.06 | M22: =E22+G22+I22+K22 -> 914.56 | N22: =F22+H22+J22+L22 -> 6369.06 | O22: =_xlfn.IFERROR(N22/D22,"") -> 0.24034244
B23: 8.MTBE产量 | D23: 26800 | E23: =_xlfn.IFERROR(E98,"") -> 108 | F23: =_xlfn.IFERROR(F98,"") -> 688 | I23: =_xlfn.IFERROR(I72,"") -> 0 | J23: =_xlfn.IFERROR(J72,"") -> 0 | K23: =_xlfn.IFERROR(K103,"") -> 835 | L23: =_xlfn.IFERROR(L103,"") -> 6006 | M23: =E23+G23+I23+K23 -> 943 | N23: =F23+H23+J23+L23 -> 6694 | O23: =_xlfn.IFERROR(N23/D23,"") -> 0.24977612
B24: 9.苯产量 | D24: 8300 | E24: =_xlfn.IFERROR(E100,"") -> 0 | F24: =_xlfn.IFERROR(F100,"") -> 0 | I24: =_xlfn.IFERROR(I70,"") -> 163 | J24: =_xlfn.IFERROR(J70,"") -> 1002 | K24: =_xlfn.IFERROR(K82,"") -> 183 | L24: =_xlfn.IFERROR(L82,"") -> 1308 | M24: =E24+G24+I24+K24 -> 346 | N24: =F24+H24+J24+L24 -> 2310 | O24: =_xlfn.IFERROR(N24/D24,"") -> 0.27831325
B25: 10.苯乙烯 | E25: =_xlfn.IFERROR(E102,"") -> 151 | F25: =_xlfn.IFERROR(F102,"") -> 1075 | M25: =E25+G25+I25+K25 -> 151 | N25: =F25+H25+J25+L25 -> 1075 | O25: =_xlfn.IFERROR(N25/D25,"")
B26: 11.醋酸仲丁酯产量 | D26: 5100.027 | E26: =_xlfn.IFERROR(E104,"") -> 169 | F26: =_xlfn.IFERROR(F104,"") -> 1128 | M26: =E26+G26+I26+K26 -> 169 | N26: =F26+H26+J26+L26 -> 1128 | O26: =_xlfn.IFERROR(N26/D26,"") -> 0.2211753
B27: 12.粗硫磺产量 | E27: =_xlfn.IFERROR(E106,"") -> 13 | F27: =_xlfn.IFERROR(F106,"") -> 100 | G27: =_xlfn.IFERROR(G58,"") -> 8 | H27: =_xlfn.IFERROR(H58,"") -> 54 | I27: =_xlfn.IFERROR(I96,"") -> 28.5 | J27: =_xlfn.IFERROR(J96,"") -> 111 | K27: =_xlfn.IFERROR(K84,"") -> 0 | L27: =_xlfn.IFERROR(L84,"") -> 1 | M27: =E27+G27+I27+K27 -> 49.5 | N27: =F27+H27+J27+L27 -> 266 | O27: =_xlfn.IFERROR(N27/D27,"")
B28: 13.精制硫磺产量 | K28: =_xlfn.IFERROR(K86,"") -> 0 | L28: =_xlfn.IFERROR(L86,"") -> 0 | M28: =E28+G28+I28+K28 -> 0 | N28: =F28+H28+J28+L28 -> 0 | O28: =_xlfn.IFERROR(N28/D28,"")
B29: 五、产品销售
B30: 1.汽油 | E30: =_xlfn.IFERROR(E166,"") -> 13179 | F30: =_xlfn.IFERROR(F166,"") -> 57060 | G30: =_xlfn.IFERROR(SUM(G86:G88),"") -> 1997 | H30: =_xlfn.IFERROR(SUM(H86:H88),"") -> 17226 | I30: =_xlfn.IFERROR(SUM(I32+I34),"") -> 3200 | J30: =_xlfn.IFERROR(SUM(J32+J34),"") -> 19096 | K30: =_xlfn.IFERROR(SUM(K134:K140),"") -> 8937 | L30: =_xlfn.IFERROR(SUM(L134:L140),"") -> 60926 | M30: =E30+G30+I30 -> 18376 | N30: =F30+H30+J30 -> 93382 | O30: =_xlfn.IFERROR(N30/D30,"")
B31: 乙醇汽油组分油 | M31: =E31+G31+I31 -> 0 | N31: =F31+H31+J31 -> 0 | O31: =_xlfn.IFERROR(N31/D31,"")
B32: 92# | E32: =_xlfn.IFERROR(E112,"") -> 9857 | F32: =_xlfn.IFERROR(F112,"") -> 32478 | G32: =_xlfn.IFERROR(G59,"") -> 1997 | H32: =_xlfn.IFERROR(H59,"") -> 17226 | I32: =_xlfn.IFERROR(I81,"") -> 2784 | J32: =_xlfn.IFERROR(J81,"") -> 16566 | M32: =E32+G32+I32 -> 14638 | N32: =F32+H32+J32 -> 66270 | O32: =_xlfn.IFERROR(N32/D32,"")
B33: 93# | G33: =_xlfn.IFERROR(G65,"") -> 0 | H33: =_xlfn.IFERROR(H65,"") -> 0 | M33: =E33+G33+I33 -> 0 | N33: =F33+H33+J33 -> 0 | O33: =_xlfn.IFERROR(N33/D33,"")
B34: 95# | E34: =_xlfn.IFERROR(E116,"") -> 3322 | F34: =_xlfn.IFERROR(F116,"") -> 24582 | I34: =_xlfn.IFERROR(I83,"") -> 416 | J34: =_xlfn.IFERROR(J83,"") -> 2530 | M34: =E34+G34+I34 -> 3738 | N34: =F34+H34+J34 -> 27112 | O34: =_xlfn.IFERROR(N34/D34,"")
B35: 2.柴油 | E35: =_xlfn.IFERROR(E177,"") -> 3452 | F35: =_xlfn.IFERROR(F177,"") -> 43190 | G35: =_xlfn.IFERROR(SUM(G90:G93),"") -> 2534 | H35: =_xlfn.IFERROR(SUM(H90:H93),"") -> 17769 | I35: =_xlfn.IFERROR(SUM(I36:I38),"") -> 8270 | J35: =_xlfn.IFERROR(SUM(J36:J38),"") -> 22878 | K35: =_xlfn.IFERROR(SUM(K142:K143),"") -> 6405 | L35: =_xlfn.IFERROR(SUM(L142:L143),"") -> 45804 | M35: =E35+G35+I35 -> 14256 | N35: =F35+H35+J35 -> 83837 | O35: =_xlfn.IFERROR(N35/D35,"")
B36: 0#（国ⅤI） | E36: =_xlfn.IFERROR(E192,"") -> 3452 | F36: =_xlfn.IFERROR(F192,"") -> 43190 | G36: =_xlfn.IFERROR(G60,"") -> 1642 | H36: =_xlfn.IFERROR(H60,"") -> 14410 | I36: =_xlfn.IFERROR(I86,"") -> 5338 | J36: =_xlfn.IFERROR(J86,"") -> 17922 | M36: =E36+G36+I36 -> 10432 | N36: =F36+H36+J36 -> 75522 | O36: =_xlfn.IFERROR(N36/#REF!,"")
B37: -10# | E37: =_xlfn.IFERROR(E196,"") -> 0 | F37: =_xlfn.IFERROR(F196,"") -> 0 | G37: =_xlfn.IFERROR(G75,"") -> 0 | H37: =_xlfn.IFERROR(H75,"") -> 0 | I37: =_xlfn.IFERROR(I88,"") -> 2932 | J37: =_xlfn.IFERROR(J88,"") -> 3792 | M37: =E37+G37+I37 -> 2932 | N37: =F37+H37+J37 -> 3792 | O37: =_xlfn.IFERROR(N37/#REF!,"")
B38: -20# | G38: =_xlfn.IFERROR(G61,"") -> 892 | H38: =_xlfn.IFERROR(H61,"") -> 3359 | I38: =_xlfn.IFERROR(I90,"") -> 0 | J38: =_xlfn.IFERROR(J90,"") -> 1164 | M38: =E38+G38+I38 -> 892 | N38: =F38+H38+J38 -> 4523 | O38: =_xlfn.IFERROR(N38/#REF!,"")
B39: 3.民用液化气 | E39: =_xlfn.IFERROR(E134,"") -> 603.42 | F39: =_xlfn.IFERROR(F134,"") -> 3562.92 | G39: =_xlfn.IFERROR(G80,"") -> 0 | H39: =_xlfn.IFERROR(H80,"") -> 0 | M39: =E39+G39+I39 -> 603.42 | N39: =F39+H39+J39 -> 3562.92 | O39: =_xlfn.IFERROR(N39/#REF!,"")
B40: 4.丙烷 | E40: =_xlfn.IFERROR(E146,"") -> 95.22 | F40: =_xlfn.IFERROR(F146,"") -> 765.34 | M40: =E40+G40+I40+K40 -> 95.22 | N40: =F40+H40+J40+L40 -> 765.34 | O40: =_xlfn.IFERROR(N40/#REF!,"")
B41: 5.醚后C4 | E41: =_xlfn.IFERROR(E136,"") -> 75.06 | F41: =_xlfn.IFERROR(F136,"") -> 932.22 | K41: =_xlfn.IFERROR(K100,"") -> 104 | L41: =_xlfn.IFERROR(L100,"") -> 318 | M41: =E41+G41+I41 -> 75.06 | N41: =F41+H41+J41 -> 932.22 | O41: =_xlfn.IFERROR(N41/#REF!,"")
B42: 6.聚丙烯 | E42: =_xlfn.IFERROR(E120,"") -> 528 | F42: =_xlfn.IFERROR(F120,"") -> 2432 | K42: =_xlfn.IFERROR(K109,"") -> 800.56 | L42: =_xlfn.IFERROR(L109,"") -> 4784.06 | M42: =E42+G42+I42+K42 -> 1328.56 | N42: =F42+H42+J42+L42 -> 7216.06 | O42: =_xlfn.IFERROR(N42/D42,"")
B43: 7.苯 | E43: =_xlfn.IFERROR(E140,"") -> 0 | F43: =_xlfn.IFERROR(F140,"") -> 0 | I43: =_xlfn.IFERROR(I92,"") -> 419 | J43: =_xlfn.IFERROR(J92,"") -> 1252 | K43: =_xlfn.IFERROR(K118,"") -> 151 | L43: =_xlfn.IFERROR(L118,"") -> 1271 | M43: =E43+G43+I43+K43 -> 570 | N43: =F43+H43+J43+L43 -> 2523 | O43: =_xlfn.IFERROR(N43/D43,"")
B44: 8.苯乙烯 | E44: =_xlfn.IFERROR(E142,"") -> 163.82 | F44: =_xlfn.IFERROR(F142,"") -> 1571.54 | M44: =E44+G44+I44+K44 -> 163.82 | N44: =F44+H44+J44+L44 -> 1571.54 | O44: =_xlfn.IFERROR(N44/D44,"")
B45: 9.醋酸仲丁酯SBA | E45: =_xlfn.IFERROR(E144,"") -> 196.02 | F45: =_xlfn.IFERROR(F144,"") -> 1263.62 | M45: =E45+G45+I45+K45 -> 196.02 | N45: =F45+H45+J45+L45 -> 1263.62 | O45: =_xlfn.IFERROR(N45/D45,"")
B46: 10.石脑油 | E46: =_xlfn.IFERROR(E71,"") -> 2963 | F46: =_xlfn.IFERROR(F71,"") -> 19355 | G46: =_xlfn.IFERROR(SUM(G96:G97),"") -> 1421 | H46: =_xlfn.IFERROR(SUM(H96:H97),"") -> 7765 | I46: =_xlfn.IFERROR(I55,"") -> 0 | J46: =_xlfn.IFERROR(J55,"") -> 0 | M46: =E46+G46+I46+K46 -> 4384 | N46: =F46+H46+J46+L46 -> 27120 | O46: =_xlfn.IFERROR(N46/D46,"")
B47: 12.油浆（含焦油） | D47: 7800 | E47: =_xlfn.IFERROR(E69,"") -> 62.82 | F47: =_xlfn.IFERROR(F69,"") -> 527.4 | G47: =_xlfn.IFERROR(G51,"") -> 0 | H47: =_xlfn.IFERROR(H51,"") -> 0 | I47: =_xlfn.IFERROR(I94,"") -> 287 | J47: =_xlfn.IFERROR(J94,"") -> 1427 | M47: =E47+G47+I47+K47 -> 349.82 | N47: =F47+H47+J47+L47 -> 1954.4 | O47: =_xlfn.IFERROR(N47/D47,"") -> 0.2505641
B48: 13.粗硫磺 | E48: =_xlfn.IFERROR(E148,"") -> 0 | F48: =_xlfn.IFERROR(F148,"") -> 0 | G48: =_xlfn.IFERROR(G63,"") -> 0 | H48: =_xlfn.IFERROR(H63,"") -> 0 | I48: =_xlfn.IFERROR(I57,"") -> 65.54 | J48: =_xlfn.IFERROR(J57,"") -> 163.18 | K48: =_xlfn.IFERROR(K120,"") -> 0 | L48: =_xlfn.IFERROR(L120,"") -> 0 | M48: =E48+G48+I48+K48 -> 65.54 | N48: =F48+H48+J48+L48 -> 163.18 | O48: =_xlfn.IFERROR(N48/D48,"")
B49: 部门负责人: | H49: 审核人：
E51: 2447 | F51: 15104 | G51: 0 | H51: 0
K52: 2447 | L52: 15104
K53: 0 | L53: 0
K55: 0 | L55: 323.98
E57: 95.22 | F57: 571.28 | G57: 622 | H57: 4282 | I57: 65.54 | J57: 163.18 | K57: 2435 | L57: 17000
G58: 8 | H58: 54 | K58: 785 | L58: 5467
E59: 1056.16 | F59: 6778.44 | G59: 1997 | H59: 17226 | K59: 373 | L59: 2647
G60: 1642 | H60: 14410 | I60: 3000 | J60: 8500 | K60: 17 | L60: 112
G61: 892 | H61: 3359 | I61: 0 | J61: 5492 | K61: 835 | L61: 6006
K62: 4106 | L62: 28849
G63: 0 | H63: 0 | I63: 0 | J63: 10000 | K63: 604 | L63: 4379
I64: 3500 | J64: 3500
G65: 0 | H65: 0 | K65: 1785 | L65: 13439
K66: 4620 | L66: 32365
E67: 296 | F67: 1527
I68: 718 | J68: 4572
E69: 62.82 | F69: 527.4
I70: 163 | J70: 1002
E71: 2963 | F71: 19355 | G71: 0 | H71: 0
G72: 0 | H72: 0 | I72: 0 | J72: 0
G73: 3565 | H73: 17294 | K73: 217 | L73: 1647
G75: 0 | H75: 0
I76: 液化气调出量
E77: 834 | F77: 43275 | I77: 536.32 | J77: 3055.94 | K77: 305 | L77: 2327
G79: 0 | H79: 0
G80: 0 | H80: 0 | I80: 汽油92 | K80: 609.56 | L80: 4269.06
E81: 8542 | F81: 50161 | I81: 2784 | J81: 16566
G82: 液化气调出量 | I82: 汽油95 | K82: 183 | L82: 1308
G83: 709 | H83: 3190 | I83: 416 | J83: 2530
K84: 0 | L84: 1
I85: 柴油0
E86: 1436 | F86: 10205 | G86: 0 | H86: 0 | I86: 5338 | J86: 17922 | K86: 0 | L86: 0
G87: 0 | H87: 0 | I87: 柴油-10
E88: 738 | F88: 3397 | G88: 1997 | H88: 17226 | I88: 2932 | J88: 3792
I89: 柴油-20
E90: 305 | F90: 2100 | G90: 1642 | H90: 14410 | I90: 0 | J90: 1164
G91: 0 | H91: 0 | I91: 苯
G92: 892 | H92: 3359 | I92: 419 | J92: 1252
G93: 0 | H93: 0
I94: 287 | J94: 1427
G96: 657 | H96: 3839 | I96: 28.5 | J96: 111
G97: 764 | H97: 3926
E98: 108 | F98: 688
E100: 0 | F100: 0 | G100: 2075 | H100: 18295 | K100: 104 | L100: 318
G101: 0 | H101: 0
E102: 151 | F102: 1075 | G102: 1352 | H102: 1352
G103: 0 | H103: 0 | K103: 835 | L103: 6006
E104: 169 | F104: 1128
E106: 13 | F106: 100
K109: 800.56 | L109: 4784.06
E112: 9857 | F112: 32478
...

Sheet 生产日报4
B1: 炼化公司生产日报表
B2: 填报单位：生产计划部 | D2: 统计日期： | F2: =O2 -> 2026-01-06 | H2: 填报日期： | J2: =P2 -> 2026-01-07 | M2: 陕油炼计统B900-1表 | O2: 2026-01-06 | P2: 2026-01-07
B3: 指标名称 | D3: 年计划 | E3: 延安炼油厂 | G3: 永坪炼油厂 | I3: 榆炼炼油厂 | K3: 延安石化厂 | M3: 本年合计 | N3: 年完成率
E4: 年累 | G4: 年累 | I4: 年累 | K4: 年累
B5: 3.催化柴油调出量 | E5: =IF(生产日报4取值!E5=0,"",生产日报4取值!E5) -> 15104 | G5: =IF(生产日报4取值!F5=0,"",生产日报4取值!F5) | I5: =IF(生产日报4取值!G5=0,"",生产日报4取值!G5) | M5: =SUM(E5:L5) -> 15104 | N5: =IF(生产日报4取值!J5=0,"",生产日报4取值!J5)
B6: 催化柴油调入量 | E6: =IF(生产日报4取值!E6=0,"",生产日报4取值!E6) | G6: =IF(生产日报4取值!F6=0,"",生产日报4取值!F6) | I6: =IF(生产日报4取值!G6=0,"",生产日报4取值!G6) | K6: =生产日报4取值!H6 -> 15427.98 | M6: =SUM(E6:L6) -> 15427.98 | N6: =IF(生产日报4取值!J6=0,"",生产日报4取值!J6)
B7: 4.液化气调出量 | E7: =IF(生产日报4取值!E7=0,"",生产日报4取值!E7) -> 10912 | G7: =IF(生产日报4取值!F7=0,"",生产日报4取值!F7) -> 3190 | I7: =IF(生产日报4取值!G7=0,"",生产日报4取值!G7) -> 3055.94 | K7: =IF(生产日报4取值!H7=0,"",生产日报4取值!H7) | M7: =SUM(E7:L7) -> 17157.94 | N7: =IF(生产日报4取值!J7=0,"",生产日报4取值!J7)
B8: 液化气调入量 | E8: =IF(生产日报4取值!E8=0,"",生产日报4取值!E8) -> 6778.44 | G8: =IF(生产日报4取值!F8=0,"",生产日报4取值!F8) | I8: =IF(生产日报4取值!G8=0,"",生产日报4取值!G8) | K8: =IF(生产日报4取值!H8=0,"",生产日报4取值!H8) -> 10912 | M8: =SUM(E8:L8) -> 17690.44 | N8: =IF(生产日报4取值!J8=0,"",生产日报4取值!J8)
B9: 5.丙烯转出量 | E9: =IF(生产日报4取值!E9=0,"",生产日报4取值!E9) -> 571.28 | G9: =IF(生产日报4取值!F9=0,"",生产日报4取值!F9) | I9: =IF(生产日报4取值!G9=0,"",生产日报4取值!G9) | K9: =IF(生产日报4取值!H9=0,"",生产日报4取值!H9) | M9: =SUM(E9:L9) -> 571.28 | N9: =IF(生产日报4取值!J9=0,"",生产日报4取值!J9)
B10: 丙烯转入量 | E10: =IF(生产日报4取值!E10=0,"",生产日报4取值!E10) -> 1527 | G10: =IF(生产日报4取值!F10=0,"",生产日报4取值!F10) | I10: =IF(生产日报4取值!G10=0,"",生产日报4取值!G10) | K10: =IF(生产日报4取值!H10=0,"",生产日报4取值!H10) | M10: =SUM(E10:L10) -> 1527 | N10: =IF(生产日报4取值!J10=0,"",生产日报4取值!J10)
B11: 6.汽油精制原料转出 | E11: =IF(生产日报4取值!E11=0,"",生产日报4取值!E11) -> 29162 | G11: =IF(生产日报4取值!F11=0,"",生产日报4取值!F11) | I11: =IF(生产日报4取值!G11=0,"",生产日报4取值!G11) | K11: =IF(生产日报4取值!H11=0,"",生产日报4取值!H11) | M11: =SUM(E11:L11) -> 29162 | N11: =IF(生产日报4取值!J11=0,"",生产日报4取值!J11)
B12: 汽油精制原料转入 | E12: =IF(生产日报4取值!E12=0,"",生产日报4取值!E12) | G12: =IF(生产日报4取值!F12=0,"",生产日报4取值!F12) | I12: =IF(生产日报4取值!G12=0,"",生产日报4取值!G12) | K12: =IF(生产日报4取值!H12=0,"",生产日报4取值!H12) -> 29162 | M12: =SUM(E12:L12) -> 29162 | N12: =IF(生产日报4取值!J12=0,"",生产日报4取值!J12)
B13: 7.柴油精制原料转出 | E13: =IF(生产日报4取值!E13=0,"",生产日报4取值!E13) -> 34344 | G13: =IF(生产日报4取值!F13=0,"",生产日报4取值!F13) | I13: =IF(生产日报4取值!G13=0,"",生产日报4取值!G13) | K13: =IF(生产日报4取值!H13=0,"",生产日报4取值!H13) | M13: =SUM(E13:L13) -> 34344 | N13: =IF(生产日报4取值!J13=0,"",生产日报4取值!J13)
B14: 柴油精制原料转入 | E14: =IF(生产日报4取值!E14=0,"",生产日报4取值!E14) | G14: =IF(生产日报4取值!F14=0,"",生产日报4取值!F14) | I14: =IF(生产日报4取值!G14=0,"",生产日报4取值!G14) | K14: =IF(生产日报4取值!H14=0,"",生产日报4取值!H14) -> 34344 | M14: =SUM(E14:L14) -> 34344 | N14: =IF(生产日报4取值!J14=0,"",生产日报4取值!J14)
B15: 四、产品产量 | E15: =IF(生产日报4取值!E15=0,"",生产日报4取值!E15) | G15: =IF(生产日报4取值!F15=0,"",生产日报4取值!F15) | I15: =IF(生产日报4取值!G15=0,"",生产日报4取值!G15) | K15: =IF(生产日报4取值!H15=0,"",生产日报4取值!H15) | M15: =SUM(E15:L15) -> 0 | N15: =IF(生产日报4取值!J15=0,"",生产日报4取值!J15)
B16: 1.汽油产量 | D16: =生产日报4取值!D16 -> 0 | E16: =IF(生产日报4取值!E16=0,"",生产日报4取值!E16) -> 43275 | G16: =IF(生产日报4取值!F16=0,"",生产日报4取值!F16) -> 17294 | I16: =IF(生产日报4取值!G16=0,"",生产日报4取值!G16) -> 13992 | K16: =IF(生产日报4取值!H16=0,"",生产日报4取值!H16) -> 64460 | M16: =SUM(E16:J16) -> 74561 | N16: =IF(生产日报4取值!J16=0,"",生产日报4取值!J16)
B17: 2.柴油产量 | D17: =生产日报4取值!D17 -> 0 | E17: =IF(生产日报4取值!E17=0,"",生产日报4取值!E17) -> 50161 | G17: =IF(生产日报4取值!F17=0,"",生产日报4取值!F17) -> 19647 | I17: =IF(生产日报4取值!G17=0,"",生产日报4取值!G17) -> 13500 | K17: =IF(生产日报4取值!H17=0,"",生产日报4取值!H17) -> 45804 | M17: =SUM(E17:J17) -> 83308 | N17: =IF(生产日报4取值!J17=0,"",生产日报4取值!J17)
B18: 3.原料液化气产量 | E18: =IF(生产日报4取值!E18=0,"",生产日报4取值!E18) -> 10205 | G18: =IF(生产日报4取值!F18=0,"",生产日报4取值!F18) -> 4282 | I18: =IF(生产日报4取值!G18=0,"",生产日报4取值!G18) -> 4572 | K18: =IF(生产日报4取值!H18=0,"",生产日报4取值!H18) | M18: =SUM(E18:J18) -> 19059 | N18: =IF(生产日报4取值!J18=0,"",生产日报4取值!J18)
B19: 4.民用液化气产量 | D19: =生产日报4取值!D19 -> 0 | E19: =IF(生产日报4取值!E19=0,"",生产日报4取值!E19) -> 3397 | G19: =IF(生产日报4取值!F19=0,"",生产日报4取值!F19) | K19: =IF(生产日报4取值!H19=0,"",生产日报4取值!H19) | M19: =SUM(E19:J19) -> 3397 | N19: =IF(生产日报4取值!J19=0,"",生产日报4取值!J19)
B20: 5.丙烷产量 | E20: =IF(生产日报4取值!E20=0,"",生产日报4取值!E20) -> 561 | G20: =IF(生产日报4取值!F20=0,"",生产日报4取值!F20) | I20: =IF(生产日报4取值!G20=0,"",生产日报4取值!G20) | K20: =IF(生产日报4取值!H20=0,"",生产日报4取值!H20) -> 1647 | M20: =SUM(E20:K20) -> 2208 | N20: =IF(生产日报4取值!J20=0,"",生产日报4取值!J20)
B21: 6.丁烷产量 | E21: =IF(生产日报4取值!E21=0,"",生产日报4取值!E21) | G21: =IF(生产日报4取值!F21=0,"",生产日报4取值!F21) | I21: =IF(生产日报4取值!G21=0,"",生产日报4取值!G21) | K21: =IF(生产日报4取值!H21=0,"",生产日报4取值!H21) -> 2327 | M21: =SUM(E21:K21) -> 2327 | N21: =IF(生产日报4取值!J21=0,"",生产日报4取值!J21)
B22: 7.聚丙烯产量 | D22: =生产日报4取值!D22 -> 0 | E22: =IF(生产日报4取值!E22=0,"",生产日报4取值!E22) -> 2100 | G22: =IF(生产日报4取值!F22=0,"",生产日报4取值!F22) | I22: =IF(生产日报4取值!G22=0,"",生产日报4取值!G22) | K22: =IF(生产日报4取值!H22=0,"",生产日报4取值!H22) -> 4269.06 | M22: =SUM(E22:L22) -> 6369.06 | N22: =IF(生产日报4取值!J22=0,"",生产日报4取值!J22)
B23: 8.MTBE产量 | D23: =生产日报4取值!D23 -> 0 | E23: =IF(生产日报4取值!E23=0,"",生产日报4取值!E23) -> 688 | G23: =IF(生产日报4取值!F23=0,"",生产日报4取值!F23) | I23: =IF(生产日报4取值!G23=0,"",生产日报4取值!G23) | K23: =IF(生产日报4取值!H23=0,"",生产日报4取值!H23) -> 6006 | M23: =SUM(E23:L23) -> 6694 | N23: =IF(生产日报4取值!J23=0,"",生产日报4取值!J23)
B24: 9.苯产量 | D24: =生产日报4取值!D24 -> 0 | E24: =IF(生产日报4取值!E24=0,"",生产日报4取值!E24) | G24: =IF(生产日报4取值!F24=0,"",生产日报4取值!F24) | I24: =IF(生产日报4取值!G24=0,"",生产日报4取值!G24) -> 1002 | K24: =IF(生产日报4取值!H24=0,"",生产日报4取值!H24) -> 1308 | M24: =SUM(E24:L24) -> 2310 | N24: =IF(生产日报4取值!J24=0,"",生产日报4取值!J24)
B25: 10.苯乙烯 | D25: =生产日报4取值!D25 -> 0 | E25: =IF(生产日报4取值!E25=0,"",生产日报4取值!E25) -> 1075 | G25: =IF(生产日报4取值!F25=0,"",生产日报4取值!F25) | I25: =IF(生产日报4取值!G25=0,"",生产日报4取值!G25) | K25: =IF(生产日报4取值!H25=0,"",生产日报4取值!H25) | M25: =SUM(E25:L25) -> 1075 | N25: =IF(生产日报4取值!J25=0,"",生产日报4取值!J25)
B26: 11.醋酸仲丁酯产量 | D26: =生产日报4取值!D26 -> 0 | E26: =IF(生产日报4取值!E26=0,"",生产日报4取值!E26) -> 1128 | G26: =IF(生产日报4取值!F26=0,"",生产日报4取值!F26) | I26: =IF(生产日报4取值!G26=0,"",生产日报4取值!G26) | K26: =IF(生产日报4取值!H26=0,"",生产日报4取值!H26) | M26: =SUM(E26:L26) -> 1128 | N26: =IF(生产日报4取值!J26=0,"",生产日报4取值!J26)
B27: 12.粗硫磺产量 | D27: =生产日报4取值!D27 -> 0 | E27: =IF(生产日报4取值!E27=0,"",生产日报4取值!E27) -> 100 | G27: =IF(生产日报4取值!F27=0,"",生产日报4取值!F27) -> 54 | I27: =IF(生产日报4取值!G27=0,"",生产日报4取值!G27) -> 111 | K27: =IF(生产日报4取值!H27=0,"",生产日报4取值!H27) -> 1 | M27: =SUM(E27:L27) -> 266 | N27: =IF(生产日报4取值!J27=0,"",生产日报4取值!J27)
B28: 13.精制硫磺产量 | D28: =生产日报4取值!D28 -> 0 | E28: =IF(生产日报4取值!E28=0,"",生产日报4取值!E28) | G28: =IF(生产日报4取值!F28=0,"",生产日报4取值!F28) | K28: =IF(生产日报4取值!H28=0,"",生产日报4取值!H28) | M28: =SUM(E28:L28) -> 0 | N28: =IF(生产日报4取值!J28=0,"",生产日报4取值!J28)
B29: 五、产品销售 | E29: =IF(生产日报4取值!E29=0,"",生产日报4取值!E29) | G29: =IF(生产日报4取值!F29=0,"",生产日报4取值!F29) | I29: =IF(生产日报4取值!G29=0,"",生产日报4取值!G29) | K29: =IF(生产日报4取值!H29=0,"",生产日报4取值!H29) | M29: =SUM(E29:L29) -> 0 | N29: =IF(生产日报4取值!J29=0,"",生产日报4取值!J29)
B30: 1.汽油 | E30: =IF(生产日报4取值!E30=0,"",生产日报4取值!E30) -> 57060 | G30: =IF(生产日报4取值!F30=0,"",生产日报4取值!F30) -> 17226 | I30: =IF(生产日报4取值!G30=0,"",生产日报4取值!G30) -> 19096 | K30: =IF(生产日报4取值!H30=0,"",生产日报4取值!H30) | M30: =SUM(E30:L30) -> 93382 | N30: =IF(生产日报4取值!J30=0,"",生产日报4取值!J30)
B31: 乙醇汽油组分油 | E31: =IF(生产日报4取值!E31=0,"",生产日报4取值!E31) | G31: =IF(生产日报4取值!F31=0,"",生产日报4取值!F31) | I31: =IF(生产日报4取值!G31=0,"",生产日报4取值!G31) | K31: =IF(生产日报4取值!H31=0,"",生产日报4取值!H31) | M31: =SUM(E31:L31) -> 0 | N31: =IF(生产日报4取值!J31=0,"",生产日报4取值!J31)
B32: 92# | E32: =IF(生产日报4取值!E32=0,"",生产日报4取值!E32) -> 32478 | G32: =IF(生产日报4取值!F32=0,"",生产日报4取值!F32) -> 17226 | I32: =IF(生产日报4取值!G32=0,"",生产日报4取值!G32) -> 16566 | K32: =IF(生产日报4取值!H32=0,"",生产日报4取值!H32) | M32: =SUM(E32:L32) -> 66270 | N32: =IF(生产日报4取值!J32=0,"",生产日报4取值!J32)
B33: 93# | E33: =IF(生产日报4取值!E33=0,"",生产日报4取值!E33) | G33: =IF(生产日报4取值!F33=0,"",生产日报4取值!F33) | I33: =IF(生产日报4取值!G33=0,"",生产日报4取值!G33) | K33: =IF(生产日报4取值!H33=0,"",生产日报4取值!H33) | M33: =SUM(E33:L33) -> 0 | N33: =IF(生产日报4取值!J33=0,"",生产日报4取值!J33)
B34: 95# | E34: =IF(生产日报4取值!E34=0,"",生产日报4取值!E34) -> 24582 | G34: =IF(生产日报4取值!F34=0,"",生产日报4取值!F34) | I34: =IF(生产日报4取值!G34=0,"",生产日报4取值!G34) -> 2530 | K34: =IF(生产日报4取值!H34=0,"",生产日报4取值!H34) | M34: =SUM(E34:L34) -> 27112 | N34: =IF(生产日报4取值!J34=0,"",生产日报4取值!J34)
B35: 2.柴油 | E35: =IF(生产日报4取值!E35=0,"",生产日报4取值!E35) -> 43190 | G35: =IF(生产日报4取值!F35=0,"",生产日报4取值!F35) -> 17769 | I35: =IF(生产日报4取值!G35=0,"",生产日报4取值!G35) -> 22878 | K35: =IF(生产日报4取值!H35=0,"",生产日报4取值!H35) | M35: =SUM(E35:L35) -> 83837 | N35: =IF(生产日报4取值!J35=0,"",生产日报4取值!J35)
B36: 0#（国ⅤI） | D36: =生产日报4取值!D36 -> 0 | E36: =IF(生产日报4取值!E36=0,"",生产日报4取值!E36) -> 43190 | G36: =IF(生产日报4取值!F36=0,"",生产日报4取值!F36) -> 14410 | I36: =IF(生产日报4取值!G36=0,"",生产日报4取值!G36) -> 17922 | K36: =IF(生产日报4取值!H36=0,"",生产日报4取值!H36) | M36: =SUM(E36:L36) -> 75522 | N36: =IF(生产日报4取值!J36=0,"",生产日报4取值!J36)
B37: -10# | E37: =IF(生产日报4取值!E37=0,"",生产日报4取值!E37) | G37: =IF(生产日报4取值!F37=0,"",生产日报4取值!F37) | I37: =IF(生产日报4取值!G37=0,"",生产日报4取值!G37) -> 3792 | K37: =IF(生产日报4取值!H37=0,"",生产日报4取值!H37) | M37: =SUM(E37:L37) -> 3792 | N37: =IF(生产日报4取值!J37=0,"",生产日报4取值!J37)
B38: -20# | E38: =IF(生产日报4取值!E38=0,"",生产日报4取值!E38) | G38: =IF(生产日报4取值!F38=0,"",生产日报4取值!F38) -> 3359 | I38: =IF(生产日报4取值!G38=0,"",生产日报4取值!G38) -> 1164 | K38: =IF(生产日报4取值!H38=0,"",生产日报4取值!H38) | M38: =SUM(E38:L38) -> 4523 | N38: =IF(生产日报4取值!J38=0,"",生产日报4取值!J38)
B39: 3.民用液化气 | D39: =生产日报4取值!D39 -> 0 | E39: =IF(生产日报4取值!E39=0,"",生产日报4取值!E39) -> 3562.92 | G39: =IF(生产日报4取值!F39=0,"",生产日报4取值!F39) | I39: =IF(生产日报4取值!G39=0,"",生产日报4取值!G39) | K39: =IF(生产日报4取值!H39=0,"",生产日报4取值!H39) | M39: =SUM(E39:L39) -> 3562.92 | N39: =IF(生产日报4取值!J39=0,"",生产日报4取值!J39)
B40: 4.丙烯 | E40: =IF(生产日报4取值!E40=0,"",生产日报4取值!E40) -> 765.34 | G40: =IF(生产日报4取值!F40=0,"",生产日报4取值!F40) | I40: =IF(生产日报4取值!G40=0,"",生产日报4取值!G40) | K40: =IF(生产日报4取值!H40=0,"",生产日报4取值!H40) | M40: =SUM(E40:L40) -> 765.34 | N40: =IF(生产日报4取值!J40=0,"",生产日报4取值!J40)
B41: 5.醚后C4 | E41: =IF(生产日报4取值!E41=0,"",生产日报4取值!E41) -> 932.22 | G41: =IF(生产日报4取值!F41=0,"",生产日报4取值!F41) | I41: =IF(生产日报4取值!G41=0,"",生产日报4取值!G41) | K41: =IF(生产日报4取值!H41=0,"",生产日报4取值!H41) -> 2327 | M41: =SUM(E41:L41) -> 3259.22 | N41: =IF(生产日报4取值!J41=0,"",生产日报4取值!J41)
B42: 6.聚丙烯 | E42: =IF(生产日报4取值!E42=0,"",生产日报4取值!E42) -> 2432 | G42: =IF(生产日报4取值!F42=0,"",生产日报4取值!F42) | I42: =IF(生产日报4取值!G42=0,"",生产日报4取值!G42) | K42: =IF(生产日报4取值!H42=0,"",生产日报4取值!H42) -> 4784.06 | M42: =SUM(E42:L42) -> 7216.06 | N42: =IF(生产日报4取值!J42=0,"",生产日报4取值!J42)
B43: 7.苯 | E43: =IF(生产日报4取值!E43=0,"",生产日报4取值!E43) | G43: =IF(生产日报4取值!F43=0,"",生产日报4取值!F43) | I43: =IF(生产日报4取值!G43=0,"",生产日报4取值!G43) -> 1252 | K43: =IF(生产日报4取值!H43=0,"",生产日报4取值!H43) -> 1271 | M43: =SUM(E43:L43) -> 2523 | N43: =IF(生产日报4取值!J43=0,"",生产日报4取值!J43)
B44: 8.苯乙烯 | E44: =IF(生产日报4取值!E44=0,"",生产日报4取值!E44) -> 1571.54 | G44: =IF(生产日报4取值!F44=0,"",生产日报4取值!F44) | I44: =IF(生产日报4取值!G44=0,"",生产日报4取值!G44) | K44: =IF(生产日报4取值!H44=0,"",生产日报4取值!H44) | M44: =SUM(E44:L44) -> 1571.54 | N44: =IF(生产日报4取值!J44=0,"",生产日报4取值!J44)
B45: 9.醋酸仲丁酯SBA | E45: =IF(生产日报4取值!E45=0,"",生产日报4取值!E45) -> 1263.62 | G45: =IF(生产日报4取值!F45=0,"",生产日报4取值!F45) | I45: =IF(生产日报4取值!G45=0,"",生产日报4取值!G45) | K45: =IF(生产日报4取值!H45=0,"",生产日报4取值!H45) | M45: =SUM(E45:L45) -> 1263.62 | N45: =IF(生产日报4取值!J45=0,"",生产日报4取值!J45)
B46: 10.石脑油 | G46: =IF(生产日报4取值!F46=0,"",生产日报4取值!F46) | I46: =IF(生产日报4取值!G46=0,"",生产日报4取值!G46) | K46: =IF(生产日报4取值!H46=0,"",生产日报4取值!H46) | N46: =IF(生产日报4取值!J46=0,"",生产日报4取值!J46)
B47: 12.油浆（含焦油） | D47: =生产日报4取值!D47 -> 0 | E47: =IF(生产日报4取值!E47=0,"",生产日报4取值!E47) -> 527.4 | G47: =IF(生产日报4取值!F47=0,"",生产日报4取值!F47) | I47: =IF(生产日报4取值!G47=0,"",生产日报4取值!G47) -> 1427 | K47: =IF(生产日报4取值!H47=0,"",生产日报4取值!H47) | M47: =SUM(E47:L47) -> 1954.4 | N47: =IF(生产日报4取值!J47=0,"",生产日报4取值!J47)
B48: 13.粗硫磺 | E48: =IF(生产日报4取值!E48=0,"",生产日报4取值!E48) | G48: =IF(生产日报4取值!F48=0,"",生产日报4取值!F48) | I48: =IF(生产日报4取值!G48=0,"",生产日报4取值!G48) -> 163.18 | K48: =IF(生产日报4取值!H48=0,"",生产日报4取值!H48) | M48: =SUM(E48:L48) -> 163.18 | N48: =IF(生产日报4取值!J48=0,"",生产日报4取值!J48)
B49: 部门负责人: | C49: 郝新宇 | D49: 第4页 | F49: 审核人： | H49: =IF(生产日报6!I33=0,"",生产日报6!I33) -> 胡连鹏 | K49: 填报人： | M49: =IF(生产日报6!N33=0,"",生产日报6!N33) -> 李阿君

Sheet 生产日报4取值
B1: 炼化公司生产日报表
B2: 填报单位： | C2: 生产计划部 | F2: 2026-01-06 | H2: 陕油炼计统B900-1表
D3: 年计划 | E3: 延安炼油厂 | F3: 永坪炼油厂 | G3: 榆林炼油厂 | H3: 延安石化厂 | I3: 本年合计 | J3: 年完成率%
E4: 年累 | F4: 年累 | G4: 年累 | H4: 年累
B5: 3.催化柴油调出量 | E5: =_xlfn.IFERROR(E62,"") -> 15104 | I5: =_xlfn.IFERROR(E5+F5+G5+H5,"") -> 15104
B6: 催化柴油调入量 | G6: =_xlfn.IFERROR(SUM(G52:G54),"") -> 0 | H6: =_xlfn.IFERROR(SUM(H104:H106),"") -> 15427.98 | I6: =_xlfn.IFERROR(E6+F6+G6+H6,"") -> 15427.98
B7: 4.液化气调出量 | E7: =_xlfn.IFERROR(E131,"") -> 10912 | F7: =_xlfn.IFERROR(F73,"") -> 3190 | G7: =_xlfn.IFERROR(G83,"") -> 3055.94 | I7: =_xlfn.IFERROR(E7+F7+G7+H7,"") -> 17157.94
B8: 液化气调入量 | E8: =_xlfn.IFERROR(E126,"") -> 6778.44 | H8: =_xlfn.IFERROR(I52,"") -> 10912 | I8: =_xlfn.IFERROR(E8+F8+G8+H8,"") -> 17690.44
B9: 5.丙烯转出量 | E9: =_xlfn.IFERROR(E149,"") -> 571.28 | I9: =_xlfn.IFERROR(E9+F9+G9+H9,"") -> 571.28
B10: 丙烯转入量 | E10: =_xlfn.IFERROR(E150,"") -> 1527 | I10: =_xlfn.IFERROR(E10+F10+G10+H10,"") -> 1527
B11: 6.汽油精制原料转出 | E11: =_xlfn.IFERROR(E133,"") -> 29162 | I11: =_xlfn.IFERROR(E11+F11+G11+H11,"") -> 29162
B12: 汽油精制原料转入 | H12: =_xlfn.IFERROR(H79,"") -> 29162 | I12: =_xlfn.IFERROR(E12+F12+G12+H12,"") -> 29162
B13: 7.柴油精制原料转出 | E13: =_xlfn.IFERROR(E135,"") -> 34344 | I13: =_xlfn.IFERROR(E13+F13+G13+H13,"") -> 34344
B14: 柴油精制原料转入 | H14: =_xlfn.IFERROR(SUM(H81:H83),"") -> 34344 | I14: =_xlfn.IFERROR(E14+F14+G14+H14,"") -> 34344
B15: 四、产品产量 | I15: =_xlfn.IFERROR(E15+F15+G15+H15,"") -> 0
B16: 1.汽油产量 | E16: =_xlfn.IFERROR(E73,"") -> 43275 | F16: =_xlfn.IFERROR(SUM(F64:F66),"") -> 17294 | G16: =_xlfn.IFERROR(SUM(G56:G57),"") -> 13992 | H16: =_xlfn.IFERROR(SUM(H60:H67),"") -> 64460 | I16: =_xlfn.IFERROR(E16+F16+G16,"") -> 74561 | J16: =_xlfn.IFERROR(I16/D16*100,"")
B17: 2.柴油产量 | E17: =_xlfn.IFERROR(E77,"") -> 50161 | F17: =_xlfn.IFERROR(SUM(F52:F55),"") -> 19647 | G17: =_xlfn.IFERROR(SUM(G59:G61),"") -> 13500 | H17: =_xlfn.IFERROR(SUM(H57:H58),"") -> 45804 | I17: =_xlfn.IFERROR(E17+F17+G17,"") -> 83308 | J17: =_xlfn.IFERROR(I17/D17*100,"")
B18: 3.原料液化气产量 | E18: =_xlfn.IFERROR(E82,"") -> 10205 | F18: =_xlfn.IFERROR(F56,"") -> 4282 | G18: =_xlfn.IFERROR(G63,"") -> 4572 | I18: =_xlfn.IFERROR(E18+F18+G18,"") -> 19059 | J18: =_xlfn.IFERROR(I18/D18*100,"")
B19: 4.民用液化气产量 | E19: =_xlfn.IFERROR(E83,"") -> 3397 | F19: =_xlfn.IFERROR(F70,"") -> 0 | I19: =_xlfn.IFERROR(E19+F19+G19,"") -> 3397 | J19: =_xlfn.IFERROR(I19/D19*100,"")
B20: 5.丙烷产量 | E20: =_xlfn.IFERROR(E85,"") -> 561 | H20: =_xlfn.IFERROR(H54,"") -> 1647 | I20: =_xlfn.IFERROR(E20+F20+G20,"") -> 561 | J20: =_xlfn.IFERROR(I20/D20*100,"")
B21: 6.丁烷产量 | E21: =_xlfn.IFERROR(E147,"") -> 0 | H21: =_xlfn.IFERROR(H71,"") -> 2327 | I21: =_xlfn.IFERROR(E21+F21+G21,"") -> 0 | J21: =_xlfn.IFERROR(I21/D21*100,"")
B22: 7.聚丙烯产量 | E22: =_xlfn.IFERROR(E86,"") -> 2100 | H22: =_xlfn.IFERROR(H73,"") -> 4269.06 | I22: =_xlfn.IFERROR(E22+F22+G22+H22,"") -> 6369.06 | J22: =_xlfn.IFERROR(I22/D22*100,"")
B23: 8.MTBE产量 | E23: =_xlfn.IFERROR(E94,"") -> 688 | G23: =_xlfn.IFERROR(G67,"") -> 0 | H23: =_xlfn.IFERROR(H55,"") -> 6006 | I23: =_xlfn.IFERROR(E23+F23+G23+H23,"") -> 6694 | J23: =_xlfn.IFERROR(I23/D23*100,"")
B24: 9.苯产量 | E24: =_xlfn.IFERROR(E96,"") -> 0 | G24: =_xlfn.IFERROR(G65,"") -> 1002 | H24: =_xlfn.IFERROR(H85,"") -> 1308 | I24: =_xlfn.IFERROR(E24+F24+G24+H24,"") -> 2310 | J24: =_xlfn.IFERROR(I24/D24*100,"")
B25: 10.苯乙烯 | E25: =_xlfn.IFERROR(E98,"") -> 1075 | I25: =_xlfn.IFERROR(E25+F25+G25+H25,"") -> 1075 | J25: =_xlfn.IFERROR(I25/D25*100,"")
B26: 11.醋酸仲丁酯产量 | E26: =_xlfn.IFERROR(E100,"") -> 1128 | I26: =_xlfn.IFERROR(E26+F26+G26+H26,"") -> 1128 | J26: =_xlfn.IFERROR(I26/D26*100,"")
B27: 12.粗硫磺产量 | E27: =_xlfn.IFERROR(E102,"") -> 100 | F27: =_xlfn.IFERROR(F57,"") -> 54 | G27: =_xlfn.IFERROR(G87,"") -> 111 | H27: =_xlfn.IFERROR(H87,"") -> 1 | I27: =_xlfn.IFERROR(E27+F27+G27+H27,"") -> 266 | J27: =_xlfn.IFERROR(I27/D27*100,"")
B28: 13.精制硫磺产量 | H28: =_xlfn.IFERROR(H88,"") -> 0 | I28: =_xlfn.IFERROR(E28+F28+G28+H28,"") -> 0 | J28: =_xlfn.IFERROR(I28/D28*100,"")
B29: 五、产品销售
B30: 1.汽油 | E30: =_xlfn.IFERROR(E66,"") -> 57060 | F30: =_xlfn.IFERROR(SUM(F31:F34)+F76,"") -> 17226 | G30: =_xlfn.IFERROR(SUM(G32+G34),"") -> 19096 | I30: =_xlfn.IFERROR(E30+F30+G30,"") -> 93382 | J30: =_xlfn.IFERROR(I30/D30*100,"")
B31: 乙醇汽油组分油 | I31: =_xlfn.IFERROR(E31+F31+G31+H31,"") -> 0 | J31: =_xlfn.IFERROR(I31/D31*100,"")
B32: 92# | E32: =_xlfn.IFERROR(E52,"") -> 32478 | F32: =_xlfn.IFERROR(F58,"") -> 17226 | G32: =_xlfn.IFERROR(G71,"") -> 16566 | I32: =_xlfn.IFERROR(E32+F32+G32+H32,"") -> 66270 | J32: =_xlfn.IFERROR(I32/D32*100,"")
B33: 93# | J33: =_xlfn.IFERROR(I33/D33*100,"")
B34: 95# | E34: =_xlfn.IFERROR(E56,"") -> 24582 | G34: =_xlfn.IFERROR(G73,"") -> 2530 | I34: =_xlfn.IFERROR(E34+F34+G34+H34,"") -> 27112 | J34: =_xlfn.IFERROR(I34/D34*100,"")
B35: 2.柴油 | E35: =_xlfn.IFERROR(E58,"") -> 43190 | F35: =_xlfn.IFERROR(SUM(F36:F38),"") -> 17769 | G35: =_xlfn.IFERROR(SUM(G36:G38),"") -> 22878 | I35: =_xlfn.IFERROR(E35+F35+G35,"") -> 83837 | J35: =_xlfn.IFERROR(I35/D35*100,"")
B36: 0#（国ⅤI） | E36: =_xlfn.IFERROR(E140,"") -> 43190 | F36: =_xlfn.IFERROR(F59,"") -> 14410 | G36: =_xlfn.IFERROR(G75,"") -> 17922 | I36: =_xlfn.IFERROR(E36+F36+G36+H36,"") -> 75522 | J36: =_xlfn.IFERROR(I36/D36*100,"")
B37: -10# | E37: =_xlfn.IFERROR(E104,"") -> 0 | F37: =_xlfn.IFERROR(F68,"") -> 0 | G37: =_xlfn.IFERROR(G77,"") -> 3792 | I37: =_xlfn.IFERROR(E37+F37+G37+H37,"") -> 3792 | J37: =_xlfn.IFERROR(I37/D37*100,"")
B38: -20# | F38: =_xlfn.IFERROR(F60,"") -> 3359 | G38: =_xlfn.IFERROR(G79,"") -> 1164 | I38: =_xlfn.IFERROR(E38+F38+G38+H38,"") -> 4523 | J38: =_xlfn.IFERROR(I38/D38*100,"")
B39: 3.民用液化气 | E39: =_xlfn.IFERROR(E108,"") -> 3562.92 | F39: =_xlfn.IFERROR(F71,"") -> 0 | I39: =_xlfn.IFERROR(E39+F39+G39+H39,"") -> 3562.92 | J39: =_xlfn.IFERROR(I39/D39*100,"")
B40: 4.丙烷 | E40: =_xlfn.IFERROR(E129,"") -> 765.34 | I40: =_xlfn.IFERROR(E40+F40+G40+H40,"") -> 765.34 | J40: =_xlfn.IFERROR(I40/D40*100,"")
B41: 5.醚后C4 | E41: =_xlfn.IFERROR(E110,"") -> 932.22 | H41: =H99 -> 2327 | I41: =_xlfn.IFERROR(E41+F41+G41,"") -> 932.22 | J41: =_xlfn.IFERROR(I41/D41*100,"")
B42: 6.聚丙烯 | E42: =_xlfn.IFERROR(E118,"") -> 2432 | H42: =_xlfn.IFERROR(H52,"") -> 4784.06 | I42: =_xlfn.IFERROR(E42+F42+G42,"") -> 2432 | J42: =_xlfn.IFERROR(I42/D42*100,"")
B43: 7.苯 | E43: =_xlfn.IFERROR(E112,"") -> 0 | G43: =_xlfn.IFERROR(G81,"") -> 1252 | H43: =_xlfn.IFERROR(H75,"") -> 1271 | I43: =_xlfn.IFERROR(E43+F43+G43+H43,"") -> 2523 | J43: =_xlfn.IFERROR(I43/D43*100,"")
B44: 8.苯乙烯 | E44: =_xlfn.IFERROR(E114,"") -> 1571.54 | I44: =_xlfn.IFERROR(E44+F44+G44+H44,"") -> 1571.54 | J44: =_xlfn.IFERROR(I44/D44*100,"")
B45: 9.醋酸仲丁酯SBA | E45: =_xlfn.IFERROR(E116,"") -> 1263.62 | I45: =_xlfn.IFERROR(E45+F45+G45+H45,"") -> 1263.62 | J45: =_xlfn.IFERROR(I45/D45*100,"")
B46: 10.石脑油 | E46: =_xlfn.IFERROR(E152,"") -> 19355 | I46: =_xlfn.IFERROR(E46+F46+G46+H46,"") -> 19355 | J46: =_xlfn.IFERROR(I46/D46*100,"")
B47: 12.油浆（含焦油） | E47: =_xlfn.IFERROR(E71,"") -> 527.4 | F47: =_xlfn.IFERROR(F81,"") -> 0 | G47: =_xlfn.IFERROR(G89,"") -> 1427 | I47: =_xlfn.IFERROR(E47+F47+G47+H47,"") -> 1954.4 | J47: =_xlfn.IFERROR(I47/D47*100,"")
B48: 13.粗硫磺 | E48: =_xlfn.IFERROR(E137,"") -> 0 | F48: =_xlfn.IFERROR(F62,"") -> 0 | G48: =_xlfn.IFERROR(G91,"") -> 163.18 | H48: =_xlfn.IFERROR(SUM(H77:H77),"") -> 0 | I48: =_xlfn.IFERROR(E48+F48+G48+H48,"") -> 163.18 | J48: =_xlfn.IFERROR(I48/D48*100,"")
B49: 部门负责人: | J49: =_xlfn.IFERROR(I49/D49*100,"")
B50: 部门负责人: | C50: 王震 | F50: 审核人： | I50: 填报人： | J50: 王好
E52: 32478 | F52: 18295 | H52: 4784.06 | I52: 10912
F53: 0
F54: 1352 | H54: 1647
F55: 0 | H55: 6006
E56: 24582 | F56: 4282 | G56: 8500
F57: 54 | G57: 5492 | H57: 13439
E58: 43190 | F58: 17226 | H58: 32365
F59: 14410 | G59: 10000
F60: 3359 | G60: 3500 | H60: 17000
H61: 5467
E62: 15104 | F62: 0 | H62: 2647
G63: 4572 | H63: 112
F64: 0 | H64: 6006
F65: 0 | G65: 1002
E66: 57060 | F66: 17294 | H66: 28849
G67: 0 | H67: 4379
F68: 0
G69: 111
F70: 0
E71: 527.4 | F71: 0 | G71: 16566 | H71: 2327
E73: 43275 | F73: 3190 | G73: 2530 | H73: 4269.06
G75: 17922 | H75: 1271
F76: 0
E77: 50161 | G77: 3792 | H77: 0
G79: 1164 | H79: 29162
F81: 0 | G81: 1252 | H81: 34344
E82: 10205 | H82: 0
E83: 3397 | G83: 3055.94 | H83: 0
E85: 561 | H85: 1308
E86: 2100
G87: 111 | H87: 1
H88: 0
G89: 1427
G91: 163.18
E94: 688
H95: 0
E96: 0 | H96: 318
H97: 250
E98: 1075 | H98: 866
H99: 2327
E100: 1128
H101: 0
E102: 100
E104: 0 | H104: 15104
H105: 0
H106: 323.98
E108: 3562.92 | H108: 1475
H109: 1647
E110: 932.22 | H110: 11245
H111: 7038
...

Sheet 生产日报5
B1: 炼化公司生产日报表
B2: 填报单位：生产计划部 | E2: 统计日期： | G2: =O2 -> 2026-01-06 | I2: 填报日期： | K2: =P2 -> 2026-01-07 | N2: 陕油炼计统B900-1表 | O2: 2026-01-06 | P2: 2026-01-07
B3: 指标名称： | E3: 年计划 | F3: 延安炼油厂 | H3: 永坪炼油厂 | J3: 榆林炼油厂 | L3: 延安石化厂 | N3: 备注
B5: 六、原料库存
B6: 1.原油库存 | F6: =IF(生产日报5取值!E6=0,"",生产日报5取值!E6) -> 68776 | H6: =IF(生产日报5取值!F6=0,"",生产日报5取值!F6) -> 12261 | J6: =IF(生产日报5取值!G6=0,"",生产日报5取值!G6) -> 253649 | L6: =IF(生产日报5取值!H6=0,"",生产日报5取值!H6)
B7: 原油入库 | F7: =IF(生产日报5取值!E7=0,"",生产日报5取值!E7) -> 14688 | H7: =IF(生产日报5取值!F7=0,"",生产日报5取值!F7) -> 8394 | J7: =IF(生产日报5取值!G7=0,"",生产日报5取值!G7) -> 9127.376 | L7: =IF(生产日报5取值!H7=0,"",生产日报5取值!H7)
B8: 其中:长庆交油 | F8: =IF(生产日报5取值!E8=0,"",生产日报5取值!E8) | H8: =IF(生产日报5取值!F8=0,"",生产日报5取值!F8) | J8: =IF(生产日报5取值!G8=0,"",生产日报5取值!G8) | L8: =IF(生产日报5取值!H8=0,"",生产日报5取值!H8)
B9: 管输交油 | F9: =IF(生产日报5取值!E9=0,"",生产日报5取值!E9) -> 14688 | H9: =IF(生产日报5取值!F9=0,"",生产日报5取值!F9) -> 8394 | J9: =IF(生产日报5取值!G9=0,"",生产日报5取值!G9) -> 9127.376 | L9: =IF(生产日报5取值!H9=0,"",生产日报5取值!H9)
B10: 2.渣油 | F10: =IF(生产日报5取值!E10=0,"",生产日报5取值!E10) -> 44290 | H10: =IF(生产日报5取值!F10=0,"",生产日报5取值!F10) -> 2354 | J10: =IF(生产日报5取值!G10=0,"",生产日报5取值!G10) -> 28709 | L10: =IF(生产日报5取值!H10=0,"",生产日报5取值!H10)
B11: 3.重整原料 | F11: =IF(生产日报5取值!E11=0,"",生产日报5取值!E11) -> 6337 | H11: =IF(生产日报5取值!F11=0,"",生产日报5取值!F11) -> 7307 | J11: =IF(生产日报5取值!G11=0,"",生产日报5取值!G11) -> 21660 | L11: =IF(生产日报5取值!H11=0,"",生产日报5取值!H11) -> 8317
B12: 其中：外调石脑油 | F12: =IF(生产日报5取值!E12=0,"",生产日报5取值!E12) | H12: =IF(生产日报5取值!F12=0,"",生产日报5取值!F12) -> 6448 | L12: =IF(生产日报5取值!H12=0,"",生产日报5取值!H12)
B13: 4.加氢原料 | F13: =IF(生产日报5取值!E13=0,"",生产日报5取值!E13) -> 5143 | L13: =IF(生产日报5取值!H13=0,"",生产日报5取值!H13) -> 10165
B14: 5.汽油加氢精制原料 | F14: =IF(生产日报5取值!E14=0,"",生产日报5取值!E14) -> 1786 | H14: =IF(生产日报5取值!F14=0,"",生产日报5取值!F14) | J14: =IF(生产日报5取值!G14=0,"",生产日报5取值!G14) -> 5953 | L14: =IF(生产日报5取值!H14=0,"",生产日报5取值!H14) -> 1559
B15: 6.柴油加氢精制原料 | F15: =IF(生产日报5取值!E15=0,"",生产日报5取值!E15) -> 1364 | H15: =IF(生产日报5取值!F13=0,"",生产日报5取值!F13) -> 8544 | J15: =IF(生产日报5取值!G15=0,"",生产日报5取值!G15) -> 19080 | L15: =IF(生产日报5取值!H15=0,"",生产日报5取值!H15) -> 2284
B16: 7.原料液化气 | F16: =IF(生产日报5取值!E16=0,"",生产日报5取值!E16) -> 3269 | H16: =IF(生产日报5取值!F16=0,"",生产日报5取值!F16) -> 2360 | J16: =IF(生产日报5取值!G16=0,"",生产日报5取值!G16) -> 1174 | L16: =IF(生产日报5取值!H16=0,"",生产日报5取值!H16)
B17: 8.丙烯原料 | F17: =IF(生产日报5取值!E17=0,"",生产日报5取值!E17) -> 1142 | H17: =IF(生产日报5取值!F17=0,"",生产日报5取值!F17) | J17: =IF(生产日报5取值!G17=0,"",生产日报5取值!G17) | L17: =IF(生产日报5取值!H17=0,"",生产日报5取值!H17) -> 1891
B18: 9.MTBE原料(C4) | F18: =IF(生产日报5取值!E18=0,"",生产日报5取值!E18) -> 116 | H18: =IF(生产日报5取值!F18=0,"",生产日报5取值!F18) | J18: =IF(生产日报5取值!G18=0,"",生产日报5取值!G18) | L18: =IF(生产日报5取值!H18=0,"",生产日报5取值!H18) -> 693
B19: 10.甲醇原料 | F19: =IF(生产日报5取值!E19=0,"",生产日报5取值!E19) -> 962 | H19: =IF(生产日报5取值!F19=0,"",生产日报5取值!F19) | J19: =IF(生产日报5取值!G19=0,"",生产日报5取值!G19) | L19: =IF(生产日报5取值!H19=0,"",生产日报5取值!H19) -> 4455
B20: 11.醋酸原料 | F20: =IF(生产日报5取值!E20=0,"",生产日报5取值!E20) -> 778 | H20: =IF(生产日报5取值!F20=0,"",生产日报5取值!F20) | J20: =IF(生产日报5取值!G20=0,"",生产日报5取值!G20) | L20: =IF(生产日报5取值!H20=0,"",生产日报5取值!H20)
B21: 12.醚后C4原料 | F21: =IF(生产日报5取值!E21=0,"",生产日报5取值!E21) -> 455 | H21: =IF(生产日报5取值!F21=0,"",生产日报5取值!F21) | J21: =IF(生产日报5取值!G21=0,"",生产日报5取值!G21) | L21: =IF(生产日报5取值!H21=0,"",生产日报5取值!H21) -> 1354
B22: 七、成品其他库存 | F22: =IF(生产日报5取值!E22=0,"",生产日报5取值!E22) | H22: =IF(生产日报5取值!F22=0,"",生产日报5取值!F22) | J22: =IF(生产日报5取值!G22=0,"",生产日报5取值!G22) | L22: =IF(生产日报5取值!H22=0,"",生产日报5取值!H22)
B23: 1.汽油 | F23: =IF(生产日报5取值!E23=0,"",生产日报5取值!E23) -> 10543 | H23: =IF(生产日报5取值!F23=0,"",生产日报5取值!F23) -> 6820 | J23: =IF(生产日报5取值!G23=0,"",生产日报5取值!G23) -> 72237 | L23: =IF(生产日报5取值!H23=0,"",生产日报5取值!H23)
B24: 乙醇汽油组分油 | F24: =IF(生产日报5取值!E24=0,"",生产日报5取值!E24) | H24: =IF(生产日报5取值!F24=0,"",生产日报5取值!F24) | J24: =IF(生产日报5取值!G24=0,"",生产日报5取值!G24) | L24: =IF(生产日报5取值!H24=0,"",生产日报5取值!H24)
B25: 92# | F25: =IF(生产日报5取值!E25=0,"",生产日报5取值!E25) -> 1394 | H25: =IF(生产日报5取值!F25=0,"",生产日报5取值!F25) -> 6820 | J25: =IF(生产日报5取值!G25=0,"",生产日报5取值!G25) -> 66749 | L25: =IF(生产日报5取值!H25=0,"",生产日报5取值!H25)
B26: 93# | F26: =IF(生产日报5取值!E26=0,"",生产日报5取值!E26) | H26: =IF(生产日报5取值!F26=0,"",生产日报5取值!F26) | J26: =IF(生产日报5取值!G26=0,"",生产日报5取值!G26) | L26: =IF(生产日报5取值!H26=0,"",生产日报5取值!H26)
B27: 95# | F27: =IF(生产日报5取值!E27=0,"",生产日报5取值!E27) -> 9149 | H27: =IF(生产日报5取值!F27=0,"",生产日报5取值!F27) | J27: =IF(生产日报5取值!G27=0,"",生产日报5取值!G27) -> 5488 | L27: =IF(生产日报5取值!H27=0,"",生产日报5取值!H27)
B28: 2.柴油 | F28: =IF(生产日报5取值!E28=0,"",生产日报5取值!E28) -> 18139 | H28: =IF(生产日报5取值!F28=0,"",生产日报5取值!F28) -> 13091 | J28: =IF(生产日报5取值!G28=0,"",生产日报5取值!G28) -> 81512 | L28: =IF(生产日报5取值!H28=0,"",生产日报5取值!H28)
B29: 0#（国ⅤI） | F29: =IF(生产日报5取值!E29=0,"",生产日报5取值!E29) | H29: =IF(生产日报5取值!F29=0,"",生产日报5取值!F29) | J29: =IF(生产日报5取值!G30=0,"",生产日报5取值!G30) -> 74746 | L29: =IF(生产日报5取值!H29=0,"",生产日报5取值!H29)
B30: 0#（国VI） | F30: =IF(生产日报5取值!E30=0,"",生产日报5取值!E30) -> 18139 | H30: =IF(生产日报5取值!F30=0,"",生产日报5取值!F30) -> 10158 | L30: =IF(生产日报5取值!H30=0,"",生产日报5取值!H30)
B31: -10# | F31: =IF(生产日报5取值!E31=0,"",生产日报5取值!E31) | H31: =IF(生产日报5取值!F31=0,"",生产日报5取值!F31) | J31: =IF(生产日报5取值!G31=0,"",生产日报5取值!G31) -> 4132 | L31: =IF(生产日报5取值!H31=0,"",生产日报5取值!H31)
B32: -20# | F32: =IF(生产日报5取值!E32=0,"",生产日报5取值!E32) | H32: =IF(生产日报5取值!F32=0,"",生产日报5取值!F32) -> 2933 | J32: =IF(生产日报5取值!G32=0,"",生产日报5取值!G32) -> 2634 | L32: =IF(生产日报5取值!H32=0,"",生产日报5取值!H32)
B33: 3.半成品汽油 | F33: =IF(生产日报5取值!E33=0,"",生产日报5取值!E33) -> 47417 | H33: =IF(生产日报5取值!F33=0,"",生产日报5取值!F33) -> 5985 | J33: =IF(生产日报5取值!G33=0,"",生产日报5取值!G33) -> 17391 | L33: =IF(生产日报5取值!H33=0,"",生产日报5取值!H33)
B34: 4.半成品柴油 | F34: =IF(生产日报5取值!E34=0,"",生产日报5取值!E34) -> 12610 | H34: =IF(生产日报5取值!F34=0,"",生产日报5取值!F34) -> 3743 | J34: =IF(生产日报5取值!G34=0,"",生产日报5取值!G34) -> 13556 | L34: =IF(生产日报5取值!H34=0,"",生产日报5取值!H34)
B35: 5.民用液化气 | F35: =IF(生产日报5取值!E35=0,"",生产日报5取值!E35) -> 1081 | H35: =IF(生产日报5取值!F35=0,"",生产日报5取值!F35) | J35: =IF(生产日报5取值!G35=0,"",生产日报5取值!G35) | L35: =IF(生产日报5取值!H35=0,"",生产日报5取值!H35) -> 3071
B36: 6.丙烷 | F36: =IF(生产日报5取值!E36=0,"",生产日报5取值!E36) | H36: =IF(生产日报5取值!F36=0,"",生产日报5取值!F36) | J36: =IF(生产日报5取值!G36=0,"",生产日报5取值!G36) | L36: =IF(生产日报5取值!H36=0,"",生产日报5取值!H36) -> 1018
B37: 7.醚后C4 | F37: =IF(生产日报5取值!E37=0,"",生产日报5取值!E37) -> 455 | H37: =IF(生产日报5取值!F37=0,"",生产日报5取值!F37) | J37: =IF(生产日报5取值!G37=0,"",生产日报5取值!G37) | L37: =IF(生产日报5取值!H37=0,"",生产日报5取值!H37) -> 1354
B38: 8.聚丙烯 | F38: =IF(生产日报5取值!E38=0,"",生产日报5取值!E38) -> 579 | H38: =IF(生产日报5取值!F38=0,"",生产日报5取值!F38) | J38: =IF(生产日报5取值!G38=0,"",生产日报5取值!G38) | L38: =IF(生产日报5取值!H38=0,"",生产日报5取值!H38) -> 597
B39: 9.MTBE | F39: =IF(生产日报5取值!E39=0,"",生产日报5取值!E39) -> 4002 | H39: =IF(生产日报5取值!F39=0,"",生产日报5取值!F39) -> 2825 | J39: =IF(生产日报5取值!G39=0,"",生产日报5取值!G39) -> 3312 | L39: =IF(生产日报5取值!H39=0,"",生产日报5取值!H39) -> 4402
B40: 10.苯 | F40: =IF(生产日报5取值!E40=0,"",生产日报5取值!E40) -> 2052 | H40: =IF(生产日报5取值!F40=0,"",生产日报5取值!F40) | J40: =IF(生产日报5取值!G40=0,"",生产日报5取值!G40) -> 762 | L40: =IF(生产日报5取值!H40=0,"",生产日报5取值!H40) -> 423
B41: 11.二甲苯 | F41: =IF(生产日报5取值!E41=0,"",生产日报5取值!E41) | H41: =IF(生产日报5取值!F41=0,"",生产日报5取值!F41) -> 2670 | J41: =IF(生产日报5取值!G41=0,"",生产日报5取值!G41) -> 3704 | L41: =IF(生产日报5取值!H41=0,"",生产日报5取值!H41)
B42: 12.乙苯 | F42: =IF(生产日报5取值!E42=0,"",生产日报5取值!E42) -> 3585 | H42: =IF(生产日报5取值!F42=0,"",生产日报5取值!F42) | J42: =IF(生产日报5取值!G42=0,"",生产日报5取值!G42) | L42: =IF(生产日报5取值!H42=0,"",生产日报5取值!H42)
... B48: 17.精制硫磺 | F48: =IF(生产日报5取值!E48=0,"",生产日报5取值!E48) | H48: =IF(生产日报5取值!F48=0,"",生产日报5取值!F48) | J48: =IF(生产日报5取值!G48=0,"",生产日报5取值!G48) | L48: =IF(生产日报5取值!H48=0,"",生产日报5取值!H48) -> 52
B49: 部门负责人: | D49: 郝新宇 | E49: 第5页 | F49: 审核人： | G49: =IF(生产日报6!I33=0,"",生产日报6!I33) -> 胡连鹏 | J49: 填报人： | L49: =IF(生产日报6!N33=0,"",生产日报6!N33) -> 李阿君

Sheet 生产日报5取值
A1: 炼化公司生产日报表
A2: 填报单位： | B2: 生产计划部 | E2: 填报日期： | G2: 2026-01-07 | I2: 陕油炼计统B900-1表
A3: 指标名称 | D3: 年计划 | E3: 延安炼油厂 | F3: 永坪炼油厂 | G3: 榆林炼油厂 | H3: 延安石化厂 | I3: 备注
A5: 六、原料库存
A6: 1.原油库存 | E6: =_xlfn.IFERROR(E51,"") -> 68776 | F6: =_xlfn.IFERROR(F69,"") -> 12261 | G6: =_xlfn.IFERROR(G51,"") -> 253649
A7: 原油入库 | E7: =SUM(E8:E9) -> 14688 | F7: =SUM(F8:F9) -> 8394 | G7: =SUM(G8:G9) -> 9127.376
A8: 其中:长庆交油 | E8: 0 | F8: 0 | G8: 0
A9: 管输交油 | E9: 14688 | F9: 8394 | G9: 9127.376
A10: 2.渣油 | E10: =_xlfn.IFERROR(E54,"") -> 44290 | F10: =_xlfn.IFERROR(F51,"") -> 2354 | G10: =_xlfn.IFERROR(G53,"") -> 28709 | J10: `
A11: 3.重整原料 | E11: =_xlfn.IFERROR(E56,"") -> 6337 | F11: =_xlfn.IFERROR(SUM(F85:F86),"") -> 7307 | G11: =G92 -> 21660 | H11: =_xlfn.IFERROR(H51,"") -> 8317
A12: 其中：外调石脑油 | F12: =F108 -> 6448 | G12: =G79 -> 19080
A13: 4.加氢原料 | E13: =_xlfn.IFERROR(E60,"") -> 5143 | F13: =_xlfn.IFERROR(SUM(F56:F59),"") -> 8544 | H13: =_xlfn.IFERROR(H53,"") -> 10165
A14: 5.汽油加氢精制原料 | E14: =_xlfn.IFERROR(E62,"") -> 1786 | G14: =_xlfn.IFERROR(G57,"") -> 5953 | H14: =_xlfn.IFERROR(H55,"") -> 1559
A15: 6.柴油加氢精制原料 | E15: =_xlfn.IFERROR(E64,"") -> 1364 | F15: =F71 -> 2817 | G15: =G94 -> 19080 | H15: =_xlfn.IFERROR(H57,"") -> 2284
A16: 7.原料液化气 | E16: =_xlfn.IFERROR(E66,"") -> 3269 | F16: =_xlfn.IFERROR(F62,"") -> 2360 | G16: =_xlfn.IFERROR(G59,"") -> 1174
A17: 8.丙烯原料 | E17: =_xlfn.IFERROR(E68,"") -> 1142 | H17: =H85 -> 1891
A18: 9.MTBE原料(C4) | E18: =_xlfn.IFERROR(E70,"") -> 116 | H18: =H87 -> 693
A19: 10.甲醇原料 | E19: =_xlfn.IFERROR(E72,"") -> 962 | H19: =_xlfn.IFERROR(H65,"") -> 4455
A20: 11.醋酸原料 | E20: =_xlfn.IFERROR(E74,"") -> 778
A21: 12.醚后C4原料 | E21: =_xlfn.IFERROR(E76,"") -> 455 | H21: =H89 -> 1354
A22: 七、成品其他库存
A23: 1.汽油 | E23: =_xlfn.IFERROR(E78,"") -> 10543 | F23: =_xlfn.IFERROR(SUM(F24:F26),"") -> 6820 | G23: =SUM(G24:G27) -> 72237
A24: 乙醇汽油组分油
A25: 92# | E25: =_xlfn.IFERROR(E79,"") -> 1394 | F25: =_xlfn.IFERROR(F63,"") -> 6820 | G25: =_xlfn.IFERROR(G63,"") -> 66749
A26: 93# | F26: =_xlfn.IFERROR(F53,"") -> 0
A27: 95# | E27: =_xlfn.IFERROR(E80,"") -> 9149 | G27: =_xlfn.IFERROR(G65,"") -> 5488
A28: 2.柴油 | E28: =_xlfn.IFERROR(E82,"") -> 18139 | F28: =_xlfn.IFERROR(SUM(F30:F32),"") -> 13091 | G28: =SUM(G30:G32) -> 81512
A29: 0#（国ⅤI）
A30: 0#（国VI） | E30: =_xlfn.IFERROR(E83,"") -> 18139 | F30: =_xlfn.IFERROR(F64,"") -> 10158 | G30: =_xlfn.IFERROR(G67,"") -> 74746
A31: -10# | E31: =_xlfn.IFERROR(E84,"") -> 0 | F31: =_xlfn.IFERROR(F65,"") -> 0 | G31: =_xlfn.IFERROR(G69,"") -> 4132
A32: -20# | F32: =_xlfn.IFERROR(F66,"") -> 2933 | G32: =_xlfn.IFERROR(G71,"") -> 2634
A33: 3.半成品汽油 | E33: =_xlfn.IFERROR(E87,"") -> 47417 | F33: =_xlfn.IFERROR(F90,"") -> 5985 | G33: =_xlfn.IFERROR(G73,"") -> 17391
A34: 4.半成品柴油 | E34: =_xlfn.IFERROR(E99,"") -> 12610 | F34: =_xlfn.IFERROR(F75,"") -> 3743 | G34: =_xlfn.IFERROR(G56,"") -> 13556
A35: 5.民用液化气 | E35: =_xlfn.IFERROR(E103,"") -> 1081 | F35: =_xlfn.IFERROR(F88,"") -> 0 | H35: =_xlfn.IFERROR(SUM(H60:H62),"") -> 3071
A36: 6.丙烷 | H36: =H96 -> 1018
A37: 7.醚后C4 | E37: =_xlfn.IFERROR(E105,"") -> 455 | H37: =H98 -> 1354
A38: 8.聚丙烯 | E38: =E133 -> 579 | H38: =_xlfn.IFERROR(H72,"") -> 597
A39: 9.MTBE | E39: =_xlfn.IFERROR(E107,"") -> 4002 | F39: =_xlfn.IFERROR(F80,"") -> 2825 | G39: =_xlfn.IFERROR(G61,"") -> 3312 | H39: =_xlfn.IFERROR(H67,"") -> 4402
A40: 10.苯 | E40: =_xlfn.IFERROR(E109,"") -> 2052 | G40: =_xlfn.IFERROR(G76,"") -> 762 | H40: =_xlfn.IFERROR(H74,"") -> 423
A41: 11.二甲苯 | F41: =_xlfn.IFERROR(F79,"") -> 2670 | G41: =_xlfn.IFERROR(G78,"") -> 3704
A42: 12.乙苯 | E42: =_xlfn.IFERROR(E111,"") -> 3585
A43: 13.苯乙烯 | E43: =_xlfn.IFERROR(E113,"") -> 2121
A44: 14.醋酸仲丁酯SBA | E44: =_xlfn.IFERROR(E115,"") -> 788
A45: 15.轻质精制油 | H45: =_xlfn.IFERROR(H76,"") -> 7395
A46: 15.油浆 | E46: =_xlfn.IFERROR(E117,"") -> 1366 | F46: =_xlfn.IFERROR(F93,"") -> 904 | G46: =_xlfn.IFERROR(G54,"") -> 4330
A47: 16.粗硫磺 | E47: =_xlfn.IFERROR(E119,"") -> 138.78 | F47: =_xlfn.IFERROR(F68,"") -> 123.32 | G47: =G96 -> 45.74 | H47: =H100 -> 0
A48: 17.精制硫磺 | H48: =_xlfn.IFERROR(H78,"") -> 52
A49: 部门负责人: | F49: 审核人： | H49: 填报人：
E51: 68776 | F51: 2354 | G51: 253649 | H51: 8317
F53: 0 | G53: 28709 | H53: 10165
E54: 44290 | G54: 4330
H55: 1559
E56: 6337 | F56: 2817 | G56: 13556
G57: 5953 | H57: 2284
F58: 5727
G59: 1174
E60: 5143 | H60: 699
G61: 3312 | H61: 1018
E62: 1786 | F62: 2360 | H62: 1354
F63: 6820 | G63: 66749
E64: 1364 | F64: 10158
F65: 0 | G65: 5488 | H65: 4455
E66: 3269 | F66: 2933
G67: 74746 | H67: 4402
E68: 1142 | F68: 123.32
F69: 12261 | G69: 4132
E70: 116
F71: 2817 | G71: 2634
E72: 962 | H72: 597
G73: 17391
E74: 778 | H74: 423
F75: 3743
E76: 455 | G76: 762 | H76: 7395
E78: 10543 | G78: 3704 | H78: 52
E79: 1394 | F79: 2670 | G79: 19080
E80: 9149 | F80: 2825
E82: 18139
E83: 18139
E84: 0
F85: 859 | H85: 1891
F86: 6448
E87: 47417 | H87: 693
F88: 0
H89: 1354
F90: 5985
G92: 21660
F93: 904
G94: 19080
G96: 45.74 | H96: 1018
F98: 5727 | H98: 1354
E99: 12610
H100: 0
E103: 1081
E105: 455
E107: 4002
F108: 6448
E109: 2052
E111: 3585
E113: 2121
E115: 788
...

Sheet 生产日报6
B1: 炼化公司生产日报表
B2: 填报单位：生产计划部 | E2: 统计日期： | G2: =P2 -> 2026-01-06 | I2: 填报日期： | K2: =Q2 -> 2026-01-07 | M2: 陕油炼计统B900-1表 | P2: 2026-01-06 | Q2: 2026-01-07
B3: 指标名称 | D3: 年计划 | J3: 月计划
D4: 进气量(万方) | F4: 液化量 | H4: 液化率% | J4: 进气量(万方) | L4: 液化量 | N4: 液化率%
B5: 天然气公司 | D5: =生产日报6取值!D5 -> 0 | F5: =生产日报6取值!F5 -> 0 | H5: =生产日报6取值!H5 | J5: =生产日报6取值!J5 -> 13300 | L5: =生产日报6取值!L5 -> 87900 | N5: =生产日报6取值!N5 -> 92.8
B6: 1.杨家湾液化站 | D6: =_xlfn.IFERROR(生产日报6取值!D6,"") -> 0 | F6: =_xlfn.IFERROR(生产日报6取值!F6,"") -> 0 | H6: =_xlfn.IFERROR(生产日报6取值!H6,"") -> 0 | J6: =_xlfn.IFERROR(生产日报6取值!J6,"") -> 2800 | L6: =_xlfn.IFERROR(生产日报6取值!L6,"") -> 17700 | N6: =_xlfn.IFERROR(生产日报6取值!N6,"") -> 92.8
B7: 2.临镇液化站 | D7: =_xlfn.IFERROR(生产日报6取值!D7,"") -> 0 | F7: =_xlfn.IFERROR(生产日报6取值!F7,"") -> 0 | H7: =_xlfn.IFERROR(生产日报6取值!H7,"") -> 0 | J7: =_xlfn.IFERROR(生产日报6取值!J7,"") -> 1500 | L7: =_xlfn.IFERROR(生产日报6取值!L7,"") -> 9000 | N7: =_xlfn.IFERROR(生产日报6取值!N7,"") -> 92.8
B8: 3.延川液化站 | D8: =_xlfn.IFERROR(生产日报6取值!D8,"") -> 0 | F8: =_xlfn.IFERROR(生产日报6取值!F8,"") -> 0 | H8: =_xlfn.IFERROR(生产日报6取值!H8,"") -> 0 | J8: =_xlfn.IFERROR(生产日报6取值!J8,"") -> 2300 | L8: =_xlfn.IFERROR(生产日报6取值!L8,"") -> 14400 | N8: =_xlfn.IFERROR(生产日报6取值!N8,"") -> 92.8
B9: 4.志丹液化站 | D9: =_xlfn.IFERROR(生产日报6取值!D9,"") -> 0 | F9: =_xlfn.IFERROR(生产日报6取值!F9,"") -> 0 | H9: =_xlfn.IFERROR(生产日报6取值!H9,"") -> 0 | J9: =_xlfn.IFERROR(生产日报6取值!J9,"") -> 4000 | L9: =_xlfn.IFERROR(生产日报6取值!L9,"") -> 29100 | N9: =_xlfn.IFERROR(生产日报6取值!N9,"") -> 92.8
B10: 5.安塞液化站 | D10: =_xlfn.IFERROR(生产日报6取值!D10,"") -> 0 | F10: =_xlfn.IFERROR(生产日报6取值!F10,"") -> 0 | H10: =_xlfn.IFERROR(生产日报6取值!H10,"") -> 0 | J10: =_xlfn.IFERROR(生产日报6取值!J10,"") -> 2700 | L10: =_xlfn.IFERROR(生产日报6取值!L10,"") -> 17700 | N10: =_xlfn.IFERROR(生产日报6取值!N10,"") -> 92.8
B11: 指标名称 | D11: 进气量（万方） | G11: 液化气量 | J11: 液化率% | M11: 销售量
D12: 当日 | E12: 月累 | F12: 年累 | G12: 当日 | H12: 月累 | I12: 年累 | J12: 当日 | K12: 月累 | L12: 年累 | M12: 当日 | N12: 月累 | O12: 年累
B13: 天然气公司 | D13: =生产日报6取值!D13 -> 340.31 | E13: =生产日报6取值!E13 -> 2450.94 | F13: =生产日报6取值!F13 -> 2450.94 | G13: =生产日报6取值!G13 -> 2119 | H13: =生产日报6取值!H13 -> 15226 | I13: =生产日报6取值!I13 -> 15226 | J13: =生产日报6取值!J13 -> 75.138 | K13: =生产日报6取值!K13 -> 92.982 | ... O13: =生产日报6取值!O13 -> 14347
B14: 1.杨家湾液化站 | D14: =_xlfn.IFERROR(生产日报6取值!D14,"") -> 61.02 | E14: =_xlfn.IFERROR(生产日报6取值!E14,"") -> 442.25 | F14: =_xlfn.IFERROR(生产日报6取值!F14,"") -> 442.25 | G14: =_xlfn.IFERROR(生产日报6取值!G14,"") -> 369 | H14: =_xlfn.IFERROR(生产日报6取值!H14,"") -> 2712 | I14: =_xlfn.IFERROR(生产日报6取值!I14,"") -> 2712 | J14: =_xlfn.IFERROR(生产日报6取值!J14,"") -> 91.25 | K14: =_xlfn.IFERROR(生产日报6取值!K14,"") -> 92.54 | ... O14: =_xlfn.IFERROR(生产日报6取值!O14,"") -> 1837
B15: 2.临镇液化站 | D15: =_xlfn.IFERROR(生产日报6取值!D15,"") -> 1.4 | E15: =_xlfn.IFERROR(生产日报6取值!E15,"") -> 154.83 | F15: =_xlfn.IFERROR(生产日报6取值!F15,"") -> 154.83 | G15: =_xlfn.IFERROR(生产日报6取值!G15,"") -> 0 | H15: =_xlfn.IFERROR(生产日报6取值!H15,"") -> 928 | I15: =_xlfn.IFERROR(生产日报6取值!I15,"") -> 928 | J15: =_xlfn.IFERROR(生产日报6取值!J15,"") -> 0 | K15: =_xlfn.IFERROR(生产日报6取值!K15,"") -> 89.8 | ... O15: =_xlfn.IFERROR(生产日报6取值!O15,"") -> 987
B16: 3.延川液化站 | D16: =_xlfn.IFERROR(生产日报6取值!D16,"") -> 72.79 | E16: =_xlfn.IFERROR(生产日报6取值!E16,"") -> 508.73 | F16: =_xlfn.IFERROR(生产日报6取值!F16,"") -> 508.73 | G16: =_xlfn.IFERROR(生产日报6取值!G16,"") -> 467 | H16: =_xlfn.IFERROR(生产日报6取值!H16,"") -> 3218 | I16: =_xlfn.IFERROR(生产日报6取值!I16,"") -> 3218 | J16: =_xlfn.IFERROR(生产日报6取值!J16,"") -> 96.35 | K16: =_xlfn.IFERROR(生产日报6取值!K16,"") -> 94.97 | ... O16: =_xlfn.IFERROR(生产日报6取值!O16,"") -> 2122
B17: 4.志丹液化站 | D17: =_xlfn.IFERROR(生产日报6取值!D17,"") -> 121.68 | E17: =_xlfn.IFERROR(生产日报6取值!E17,"") -> 770.19 | F17: =_xlfn.IFERROR(生产日报6取值!F17,"") -> 770.19 | G17: =_xlfn.IFERROR(生产日报6取值!G17,"") -> 762 | H17: =_xlfn.IFERROR(生产日报6取值!H17,"") -> 4771 | I17: =_xlfn.IFERROR(生产日报6取值!I17,"") -> 4771 | J17: =_xlfn.IFERROR(生产日报6取值!J17,"") -> 94.82 | K17: =_xlfn.IFERROR(生产日报6取值!K17,"") -> 94.02 | ... O17: =_xlfn.IFERROR(生产日报6取值!O17,"") -> 5660
B18: 5.安塞液化站 | D18: =_xlfn.IFERROR(生产日报6取值!D18,"") -> 83.42 | E18: =_xlfn.IFERROR(生产日报6取值!E18,"") -> 574.94 | F18: =_xlfn.IFERROR(生产日报6取值!F18,"") -> 574.94 | G18: =_xlfn.IFERROR(生产日报6取值!G18,"") -> 521 | H18: =_xlfn.IFERROR(生产日报6取值!H18,"") -> 3597 | I18: =_xlfn.IFERROR(生产日报6取值!I18,"") -> 3597 | J18: =_xlfn.IFERROR(生产日报6取值!J18,"") -> 93.27 | K18: =_xlfn.IFERROR(生产日报6取值!K18,"") -> 93.58 | ... O18: =_xlfn.IFERROR(生产日报6取值!O18,"") -> 3741
B19: 指标名称 | D19: 库存 | F19: 月完成率% | K19: 年完成率%
F20: 进气量（万方） | H20: 液化量 | J20: 液化率 | K20: 进气量（万方） | M20: 液化量 | O20: 液化率
B21: 天然气公司 | D21: =生产日报6取值!D21 -> 13212 | F21: =生产日报6取值!F21 -> 18.42812 | H21: =生产日报6取值!H21 -> 17.321957 | J21: =K13 -> 92.982 | K21: =生产日报6取值!K21 | M21: =生产日报6取值!M21 | O21: =L13 -> 92.982
B22: 1.杨家湾液化站 | D22: =_xlfn.IFERROR(生产日报6取值!D22,"") -> 2469 | F22: =生产日报6取值!F22 -> 15.794643 | H22: =生产日报6取值!H22 -> 15.322034 | J22: =K14 -> 92.54 | K22: =生产日报6取值!K22 | M22: =生产日报6取值!M22 | O22: =L14 -> 92.54
B23: 2.临镇液化站 | D23: =_xlfn.IFERROR(生产日报6取值!D23,"") -> 587 | F23: =生产日报6取值!F23 -> 10.322 | H23: =生产日报6取值!H23 -> 10.311111 | J23: =K15 -> 89.8 | K23: =生产日报6取值!K23 | M23: =生产日报6取值!M23 | O23: =L15 -> 89.8
B24: 3.延川液化站 | D24: =_xlfn.IFERROR(生产日报6取值!D24,"") -> 2918 | F24: =生产日报6取值!F24 -> 22.118696 | H24: =生产日报6取值!H24 -> 22.347222 | J24: =K16 -> 94.97 | K24: =生产日报6取值!K24 | M24: =生产日报6取值!M24 | O24: =L16 -> 94.97
B25: 4.志丹液化站 | D25: =_xlfn.IFERROR(生产日报6取值!D25,"") -> 4887 | F25: =生产日报6取值!F25 -> 19.25475 | H25: =生产日报6取值!H25 -> 16.395189 | J25: =K17 -> 94.02 | K25: =生产日报6取值!K25 | M25: =生产日报6取值!M25 | O25: =L17 -> 94.02
B26: 5.安塞液化站 | D26: =_xlfn.IFERROR(生产日报6取值!D26,"") -> 2351 | F26: =生产日报6取值!F26 -> 21.294074 | H26: =生产日报6取值!H26 -> 20.322034 | J26: =K18 -> 93.58 | K26: =生产日报6取值!K26 | M26: =生产日报6取值!M26 | O26: =L18 -> 93.58
B27: 备 注
B28: 名称 | D28: 丙烷加工量 | G28: 丙烯产量 | J28: 丙烯销售量 | M28: 丙烯库存 | N28: 丙烷库存 | O28: 备注
B29: 江苏延长中燃化学公司 | D29: 日加工量 | E29: 月加工量 | F29: 年加工量 | G29: 日产量 | H29: 月产量 | I29: 年产量 | J29: 日销售量 | K29: 月销售量 | L29: 年销售量
D30: =_xlfn.IFERROR(生产日报6取值!D30&"","") | E30: =_xlfn.IFERROR(生产日报6取值!E30&"","") | F30: =_xlfn.IFERROR(生产日报6取值!F30&"","") | G30: =_xlfn.IFERROR(生产日报6取值!G30&"","") | H30: =_xlfn.IFERROR(生产日报6取值!H30&"","") | I30: =_xlfn.IFERROR(生产日报6取值!I30&"","") | J30: =_xlfn.IFERROR(生产日报6取值!J30&"","") | K30: =_xlfn.IFERROR(生产日报6取值!K30&"","") | ... N30: =_xlfn.IFERROR(生产日报6取值!N30&"","")
D31: 计划 | E31: =_xlfn.IFERROR(生产日报6取值!E31&"","") | F31: =_xlfn.IFERROR(生产日报6取值!F31&"","") | G31: 计划 | H31: =_xlfn.IFERROR(生产日报6取值!H31&"","") | I31: =_xlfn.IFERROR(生产日报6取值!I31&"","") | J31: 计划 | K31: =_xlfn.IFERROR(生产日报6取值!K31&"","") | L31: =_xlfn.IFERROR(生产日报6取值!L31&"","")
D32: 完成率 | E32: =_xlfn.IFERROR(生产日报6取值!E32&"","") | F32: =_xlfn.IFERROR(生产日报6取值!F32&"","") | G32: 完成率 | H32: =_xlfn.IFERROR(生产日报6取值!H32&"","") | I32: =_xlfn.IFERROR(生产日报6取值!I32&"","") | J32: 完成率 | K32: =_xlfn.IFERROR(生产日报6取值!K32&"","") | L32: =_xlfn.IFERROR(生产日报6取值!L32&"","")
B33: 部门负责人： | D33: 郝新宇 | E33: 第6页 | G33: 审核人： | I33: 胡连鹏 | L33: 填报人： | N33: 李阿君

Sheet 生产日报6取值
B1: 炼化公司生产日报表
B2: 填报单位：生产计划部 | F2: 日期： | G2: 2026-01-06 | I2: 报表生成时间： | M2: 单位： | O2: 万方
B3: 指标名称 | D3: 年计划 | J3: 月计划
D4: 进气量(万方) | F4: 液化量 | H4: 液化率% | J4: 进气量(万方) | L4: 液化量 | N4: 液化率%
B5: 天然气公司 | D5: =_xlfn.IFERROR(SUM(D6:E10),"") -> 0 | F5: =_xlfn.IFERROR(SUM(F6:G10),"") -> 0 | H5: =_xlfn.IFERROR(AVERAGE(H6:I10),"") | J5: =_xlfn.IFERROR(SUM(J6:K10),"") -> 13300 | L5: =_xlfn.IFERROR(SUM(L6:M10),"") -> 87900 | N5: =_xlfn.IFERROR(AVERAGE(N6:O10),"") -> 92.8
B6: 1.杨家湾液化站 | J6: 2800 | L6: 17700 | N6: 92.8
B7: 2.临镇液化站 | J7: 1500 | L7: 9000 | N7: 92.8
B8: 3.延川液化站 | J8: 2300 | L8: 14400 | N8: 92.8
B9: 4.志丹液化站 | J9: 4000 | L9: 29100 | N9: 92.8
B10: 5.安塞液化站 | J10: 2700 | L10: 17700 | N10: 92.8
B11: 指标名称 | D11: 进气量（万方） | G11: 液化气量 | J11: 液化率% | M11: 销售量
D12: 当日 | E12: 月累 | F12: 年累 | G12: 当日 | H12: 月累 | I12: 年累 | J12: 当日 | K12: 月累 | L12: 年累 | M12: 当日 | N12: 月累 | O12: 年累
B13: 天然气公司 | D13: =_xlfn.IFERROR(SUM(D14:D18),"") -> 340.31 | E13: =_xlfn.IFERROR(SUM(E14:E18),"") -> 2450.94 | F13: =_xlfn.IFERROR(SUM(F14:F18),"") -> 2450.94 | G13: =_xlfn.IFERROR(SUM(G14:G18),"") -> 2119 | H13: =_xlfn.IFERROR(SUM(H14:H18),"") -> 15226 | I13: =_xlfn.IFERROR(SUM(I14:I18),"") -> 15226 | J13: =_xlfn.IFERROR(AVERAGE(J14:J18),"") -> 75.138 | K13: =_xlfn.IFERROR(AVERAGE(K14:K18),"") -> 92.982 | L13: =_xlfn.IFERROR(AVERAGE(L14:L18),"") -> 92.982 | M13: =_xlfn.IFERROR(SUM(M14:M18),"") -> 4099 | N13: =_xlfn.IFERROR(SUM(N14:N18),"") -> 14347 | O13: =_xlfn.IFERROR(SUM(O14:O18),"") -> 14347
B14: 1.杨家湾液化站 | D14: =D34 -> 61.02 | E14: =E34 -> 442.25 | F14: =F34 -> 442.25 | G14: =G34 -> 369 | H14: =H34 -> 2712 | I14: =I34 -> 2712 | J14: =J34 -> 91.25 | K14: =K34 -> 92.54 | ... O14: =O34 -> 1837
B15: 2.临镇液化站 | D15: =D35 -> 1.4 | E15: =E35 -> 154.83 | F15: =F35 -> 154.83 | G15: =G35 -> 0 | H15: =H35 -> 928 | I15: =I35 -> 928 | J15: =J35 -> 0 | K15: =K35 -> 89.8 | ... O15: =O35 -> 987
B16: 3.延川液化站 | D16: =D36 -> 72.79 | E16: =E36 -> 508.73 | F16: =F36 -> 508.73 | G16: =G36 -> 467 | H16: =H36 -> 3218 | I16: =I36 -> 3218 | J16: =J36 -> 96.35 | K16: =K36 -> 94.97 | ... O16: =O36 -> 2122
B17: 4.志丹液化站 | D17: =D37 -> 121.68 | E17: =E37 -> 770.19 | F17: =F37 -> 770.19 | G17: =G37 -> 762 | H17: =H37 -> 4771 | I17: =I37 -> 4771 | J17: =J37 -> 94.82 | K17: =K37 -> 94.02 | ... O17: =O37 -> 5660
B18: 5.安塞液化站 | D18: =D38 -> 83.42 | E18: =E38 -> 574.94 | F18: =F38 -> 574.94 | G18: =G38 -> 521 | H18: =H38 -> 3597 | I18: =I38 -> 3597 | J18: =J38 -> 93.27 | K18: =K38 -> 93.58 | ... O18: =O38 -> 3741
B19: 指标名称 | D19: 库存 | F19: 月完成率% | K19: 年完成率%
F20: 进气量（万方） | H20: 液化量 | J20: 液化率 | K20: 进气量（万方） | M20: 液化量 | O20: 液化率
B21: 天然气公司 | D21: =_xlfn.IFERROR(SUM(D22:E26),"") -> 13212 | F21: =_xlfn.IFERROR(E13/J5*100,"") -> 18.42812 | H21: =_xlfn.IFERROR(H13/L5*100,"") -> 17.321957 | K21: =_xlfn.IFERROR(F13/D5*100,"") | M21: =_xlfn.IFERROR(I13/F5*100,"")
B22: 1.杨家湾液化站 | D22: 2469 | F22: =_xlfn.IFERROR(E14/J6*100,"") -> 15.794643 | H22: =_xlfn.IFERROR(H14/L6*100,"") -> 15.322034 | J22: =_xlfn.IFERROR(K14/N6*100,"") -> 99.719828 | K22: =_xlfn.IFERROR(F14/D6*100,"") | M22: =_xlfn.IFERROR(I14/F6*100,"") | O22: =_xlfn.IFERROR(L14/H6,"")
B23: 2.临镇液化站 | D23: 587 | F23: =_xlfn.IFERROR(E15/J7*100,"") -> 10.322 | H23: =_xlfn.IFERROR(H15/L7*100,"") -> 10.311111 | J23: =_xlfn.IFERROR(K15/N7*100,"") -> 96.767241 | K23: =_xlfn.IFERROR(F15/D7*100,"") | M23: =_xlfn.IFERROR(I15/F7*100,"") | O23: =_xlfn.IFERROR(L15/H7,"")
B24: 3.延川液化站 | D24: 2918 | F24: =_xlfn.IFERROR(E16/J8*100,"") -> 22.118696 | H24: =_xlfn.IFERROR(H16/L8*100,"") -> 22.347222 | J24: =_xlfn.IFERROR(K16/N8*100,"") -> 102.33836 | K24: =_xlfn.IFERROR(F16/D8*100,"") | M24: =_xlfn.IFERROR(I16/F8*100,"") | O24: =_xlfn.IFERROR(L16/H8,"")
B25: 4.志丹液化站 | D25: 4887 | F25: =_xlfn.IFERROR(E17/J9*100,"") -> 19.25475 | H25: =_xlfn.IFERROR(H17/L9*100,"") -> 16.395189 | J25: =_xlfn.IFERROR(K17/N9*100,"") -> 101.31466 | K25: =_xlfn.IFERROR(F17/D9*100,"") | M25: =_xlfn.IFERROR(I17/F9*100,"") | O25: =_xlfn.IFERROR(L17/H9,"")
B26: 5.安塞液化站 | D26: 2351 | F26: =_xlfn.IFERROR(E18/J10*100,"") -> 21.294074 | H26: =_xlfn.IFERROR(H18/L10*100,"") -> 20.322034 | J26: =_xlfn.IFERROR(K18/N10*100,"") -> 100.84052 | K26: =_xlfn.IFERROR(F18/D10*100,"") | M26: =_xlfn.IFERROR(I18/F10*100,"") | O26: =_xlfn.IFERROR(L18/H10,"")
B27: 备 注
B28: 名称 | D28: 丙烷加工量 | G28: 丙烯产量 | J28: 丙烯销售量 | M28: 丙烯库存 | N28: 丙烷库存 | O28: 备注
B29: 江苏延长中燃化学公司 | D29: 日加工量 | E29: 月加工量 | F29: 年加工量 | G29: 日产量 | H29: 月产量 | I29: 年产量 | J29: 日销售量 | K29: 月销售量 | L29: 年销售量
D31: 计划 | G31: 计划 | J31: 计划
D32: 完成率 | G32: 完成率 | J32: 完成率
D34: 61.02 | E34: 442.25 | F34: 442.25 | G34: 369 | H34: 2712 | I34: 2712 | J34: 91.25 | K34: 92.54 | L34: 92.54 | M34: 873 | N34: 1837 | O34: 1837
D35: 1.4 | E35: 154.83 | F35: 154.83 | G35: 0 | H35: 928 | I35: 928 | J35: 0 | K35: 89.8 | L35: 89.8 | M35: 0 | N35: 987 | O35: 987
D36: 72.79 | E36: 508.73 | F36: 508.73 | G36: 467 | H36: 3218 | I36: 3218 | J36: 96.35 | K36: 94.97 | L36: 94.97 | M36: 750 | N36: 2122 | O36: 2122
D37: 121.68 | E37: 770.19 | F37: 770.19 | G37: 762 | H37: 4771 | I37: 4771 | J37: 94.82 | K37: 94.02 | L37: 94.02 | M37: 1830 | N37: 5660 | O37: 5660
D38: 83.42 | E38: 574.94 | F38: 574.94 | G38: 521 | H38: 3597 | I38: 3597 | J38: 93.27 | K38: 93.58 | L38: 93.58 | M38: 646 | N38: 3741 | O38: 3741
D40: 60万吨/年丙烷脱氢装置
D41: 指标名称 | F41: 月计划 | G41: 年计划 | H41: 当日量 | I41: 月累量 | J41: 年累量 | K41: 月完成率 | L41: 年完成率
D42: 江苏延长中燃化学有限公司生产日报表
D43: 一、生产加工量
D44: 1.丙烷加工量
D45: 二、装置收率
D46: 三、产品产量
D47: 1.丙烯
D48: 2.C4+
D49: 3.氢气
D50: 四、产品销售 | K50: 价 格
D51: 1.丙烯
D52: 2.C4+
D53: 3.氢气
D54: 五、外购原料
D55: 1.丙烷
D56: 六、库存情况
D57: 1.丙烯
D58: 2.C4+
D59: 3.丙烷
D60: 备 注

Sheet 生产日报8
B1: 炼化公司上报调度日报表
B2: 填报单位：生产计划部 | D2: 统计日期： | E2: =K2 -> 2026-01-06 | G2: 填报日期： | H2: =L2 -> 2026-01-07 | J2: 陕油炼计统B900-1表 | K2: 2026-01-06 | L2: 2026-01-07
B3: 项目 | C3: 炼化当日生产情况 | E3: 库存情况 | J3: 备注
E4: 名称 | G4: 库存 | H4: 安全库存 | I4: 空量
B5: 炼化公司 | C5: 常压加工量 | D5: 汽油产量 | E5: 汽油 | F5: 合计 | G5: =生产日报8取值!G5 -> 143187 | H5: =生产日报8取值!H5 -> 219341 | I5: =H5-G5 -> 76154
F6: 成品 | G6: =生产日报8取值!G6 -> 89600 | H6: =生产日报8取值!H6 -> 144341 | I6: =H6-G6 -> 54741
C7: =生产日报8取值!C7:C8 -> 39021 | D7: =生产日报8取值!D7:D8 -> 15472 | F7: 半成品 | G7: =生产日报8取值!G7 -> 53587 | H7: =生产日报8取值!H7 -> 75000 | I7: =H7-G7 -> 21413
E8: 柴油 | F8: 合计 | G8: =生产日报8取值!G8 -> 136144 | H8: =生产日报8取值!H8 -> 244309 | I8: =H8-G8 -> 108165
C9: 催化加工量 | D9: 柴油产量 | F9: 成品 | G9: =生产日报8取值!G9 -> 112742 | H9: =生产日报8取值!H9 -> 179250 | I9: =H9-G9 -> 66508
F10: 半成品 | G10: =生产日报8取值!G10 -> 23402 | H10: =生产日报8取值!H10 -> 65059 | I10: =H10-G10 -> 41657
C11: =生产日报8取值!C11:C12 -> 16945 | D11: =生产日报8取值!D11:D12 -> 11918 | E11: 原油合计 | G11: =生产日报8取值!G11 -> 350194 | H11: =生产日报8取值!H11 -> 441649 | I11: =H11-G11 -> 91455
E12: 渣油合计 | G12: =生产日报8取值!G12 -> 75353 | H12: =生产日报8取值!H12 -> 164000 | I12: =H12-G12 -> 88647
B13: 延炼 | C13: 常压加工量 | D13: 汽油产量 | E13: 汽油 | F13: 合计 | G13: =生产日报8取值!G13 -> 40754 | H13: =生产日报8取值!H13 -> 90000 | I13: =H13-G13 -> 49246
F14: 成品 | G14: =生产日报8取值!C67 -> 10543 | H14: =生产日报8取值!H14 -> 55000 | I14: =H14-G14 -> 44457
C15: =生产日报8取值!C63 -> 16826 | D15: =生产日报8取值!C64 -> 8490 | F15: 半成品 | G15: =生产日报8取值!C68 -> 30211 | H15: =生产日报8取值!H15 -> 35000 | I15: =H15-G15 -> 4789
E16: 柴油 | F16: 合计 | G16: =生产日报8取值!G16 -> 24242 | H16: =生产日报8取值!H16 -> 84000 | I16: =H16-G16 -> 59758
C17: 催化加工量 | D17: 柴油产量 | F17: 成品 | G17: =生产日报8取值!C69 -> 18139 | H17: =生产日报8取值!H17 -> 54000 | I17: =H17-G17 -> 35861
F18: 半成品 | G18: =生产日报8取值!C70 -> 6103 | H18: =生产日报8取值!H18 -> 30000 | I18: =H18-G18 -> 23897
C19: =生产日报8取值!C65 -> 8867 | D19: =生产日报8取值!C66 -> 6405 | E19: 原油合计 | G19: =生产日报8取值!C71 -> 68776 | H19: =生产日报8取值!H19 -> 90000 | I19: =H19-G19 -> 21224
E20: 渣油合计 | G20: =生产日报8取值!C72 -> 44290 | H20: =生产日报8取值!H20 -> 75000 | I20: =H20-G20 -> 30710
B21: 永炼 | C21: 常压加工量 | D21: 汽油产量 | E21: 汽油 | F21: 合计 | G21: =生产日报8取值!G21 -> 12805 | H21: =生产日报8取值!H21 -> 24000 | I21: =H21-G21 -> 11195
F22: 成品 | G22: =生产日报8取值!G22 -> 6820 | H22: =生产日报8取值!H22 -> 12000 | I22: =H22-G22 -> 5180
C23: =生产日报8取值!C23:C24 -> 9194 | D23: =生产日报8取值!D23:D24 -> 2596 | F23: 半成品 | G23: =生产日报8取值!G23 -> 5985 | H23: =生产日报8取值!H23 -> 12000 | I23: =H23-G23 -> 6015
E24: 柴油 | F24: 合计 | G24: =生产日报8取值!G24 -> 16834 | H24: =生产日报8取值!H24 -> 36750 | I24: =H24-G24 -> 19916
C25: 催化加工量 | D25: 柴油产量 | F25: 成品 | G25: =生产日报8取值!G25 -> 13091 | H25: =生产日报8取值!H25 -> 25250 | I25: =H25-G25 -> 12159
F26: 半成品 | G26: =生产日报8取值!G26 -> 3743 | H26: =生产日报8取值!H26 -> 11500 | I26: =H26-G26 -> 7757
C27: =生产日报8取值!C27:C28 -> 3431 | D27: =生产日报8取值!D27:D28 -> 2495 | E27: 原油合计 | G27: =生产日报8取值!G27 -> 27769 | H27: =生产日报8取值!H27 -> 98000 | I27: =H27-G27 -> 70231
E28: 渣油合计 | G28: =生产日报8取值!G28 -> 2354 | H28: =生产日报8取值!H28 -> 38000 | I28: =H28-G28 -> 35646
B29: 榆炼 | C29: 常压加工量 | D29: 汽油产量 | E29: 汽油 | F29: 合计 | G29: =生产日报8取值!G29 -> 89628 | H29: =生产日报8取值!H29 -> 105341 | I29: =H29-G29 -> 15713
F30: 成品 | G30: =生产日报8取值!G30 -> 72237 | H30: =生产日报8取值!H30 -> 77341 | I30: =H30-G30 -> 5104
C31: =生产日报8取值!C31:C32 -> 13001 | D31: =生产日报8取值!D31:D32 -> 4386 | F31: 半成品 | G31: =生产日报8取值!G31 -> 17391 | H31: =生产日报8取值!H31 -> 28000 | I31: =H31-G31 -> 10609
E32: 柴油 | F32: 合计 | G32: =生产日报8取值!G32 -> 95068 | H32: =生产日报8取值!H32 -> 123559 | I32: =H32-G32 -> 28491
C33: 催化加工量 | D33: 柴油产量 | F33: 成品 | G33: =生产日报8取值!G33 -> 81512 | H33: =生产日报8取值!H33 -> 100000 | I33: =H33-G33 -> 18488
F34: 半成品 | G34: =生产日报8取值!G34 -> 13556 | H34: =生产日报8取值!H34 -> 23559 | I34: =H34-G34 -> 10003
C35: =生产日报8取值!C35:C36 -> 4647 | D35: =生产日报8取值!D35:D36 -> 3018 | E35: 原油合计 | G35: =生产日报8取值!G35 -> 253649 | H35: =生产日报8取值!H35 -> 253649 | I35: =H35-G35 -> 0
E36: 渣油合计 | G36: =生产日报8取值!G36 -> 28709 | H36: =生产日报8取值!H36 -> 51000 | I36: =H36-G36 -> 22291
B37: 部门负责人： | C37: 郝新宇 | E37: 审核人： | F37: =IF(生产日报6!I33=0,"",生产日报6!I33) -> 胡连鹏 | H37: 填报人： | I37: =IF(生产日报6!N33=0,"",生产日报6!N33) -> 李阿君

Sheet 生产日报8取值
B1: 炼化公司上报调度日报表
B2: 填报单位:炼化公司 | E2: 单位：吨_x0009__x0009_ | I2: 2026-01-07 | J2: 8:00:00
B3: 项目 | C3: 炼化当日生产情况 | E3: 库存情况 | J3: 备注
E4: 名称 | G4: 库存 | H4: 安全库存 | I4: 空量
B5: 炼化公司 | C5: 常压加工量 | D5: 汽油产量 | E5: 汽油 | F5: 合计 | G5: =SUM(G6:G7) -> 143187 | H5: =SUM(H13,H21,H29) -> 219341 | I5: =H5-G5 -> 76154
F6: 成品 | G6: =SUM(G22,G14,G30) -> 89600 | H6: =SUM(H14,H22,H30) -> 144341 | I6: =H6-G6 -> 54741
C7: =_xlfn.IFERROR(SUM(C23:C24,C15:C16,C31:C32),"") -> 39021 | D7: =_xlfn.IFERROR(SUM(D23:D24,D15:D16,D31:D32),"") -> 15472 | F7: 半成品 | G7: =SUM(G23,G15,G31) -> 53587 | H7: =SUM(H15,H23,H31) -> 75000 | I7: =H7-G7 -> 21413
E8: 柴油 | F8: 合计 | G8: =SUM(G9:G10) -> 136144 | H8: =SUM(H16,H24,H32) -> 244309 | I8: =H8-G8 -> 108165
C9: 催化加工量 | D9: 柴油产量 | F9: 成品 | G9: =SUM(G25,G17,G33) -> 112742 | H9: =SUM(H17,H25,H33) -> 179250 | I9: =H9-G9 -> 66508
F10: 半成品 | G10: =SUM(G26,G18,G34) -> 23402 | H10: =SUM(H18,H26,H34) -> 65059 | I10: =H10-G10 -> 41657
C11: =_xlfn.IFERROR(SUM(C27:C28,C19:C20,C35:C36),"") -> 16945 | D11: =_xlfn.IFERROR(SUM(D27:D28,D19:D20,D35:D36),"") -> 11918 | E11: 原油合计 | G11: =SUM(G27,G19,G35) -> 350194 | H11: =SUM(H19,H27,H35) -> 441649 | I11: =H11-G11 -> 91455
E12: 渣油合计 | G12: =SUM(G28,G20,G36) -> 75353 | H12: =SUM(H20,H28,H36) -> 164000 | I12: =H12-G12 -> 88647
B13: 延炼公司 | C13: 常压加工量 | D13: 汽油产量 | E13: 汽油 | F13: 合计 | G13: =SUM(G14:G15) -> 40754 | H13: =SUM(H14:H15) -> 90000 | I13: =H13-G13 -> 49246
F14: 成品 | G14: =_xlfn.IFERROR(SUM(C67),"") -> 10543 | H14: =H62 -> 55000 | I14: =H14-G14 -> 44457
C15: =_xlfn.IFERROR(SUM(C63),"") -> 16826 | D15: =_xlfn.IFERROR(SUM(C64),"") -> 8490 | F15: 半成品 | G15: =_xlfn.IFERROR(SUM(C68),"") -> 30211 | H15: =H63 -> 35000 | I15: =H15-G15 -> 4789
E16: 柴油 | F16: 合计 | G16: =SUM(G17:G18) -> 24242 | H16: =SUM(H17:H18) -> 84000 | I16: =H16-G16 -> 59758
C17: 催化加工量 | D17: 柴油产量 | F17: 成品 | G17: =_xlfn.IFERROR(SUM(C69),"") -> 18139 | H17: =H64 -> 54000 | I17: =H17-G17 -> 35861
F18: 半成品 | G18: =_xlfn.IFERROR(SUM(C70),"") -> 6103 | H18: =H65 -> 30000 | I18: =H18-G18 -> 23897
C19: =_xlfn.IFERROR(SUM(C65),"") -> 8867 | D19: =_xlfn.IFERROR(SUM(C66),"") -> 6405 | E19: 原油合计 | G19: =_xlfn.IFERROR(SUM(C71),"") -> 68776 | H19: =H66 -> 90000 | I19: =H19-G19 -> 21224
E20: 渣油合计 | G20: =_xlfn.IFERROR(SUM(C72),"") -> 44290 | H20: =H67 -> 75000 | I20: =H20-G20 -> 30710
B21: 永炼公司 | C21: 常压加工量 | D21: 汽油产量 | E21: 汽油 | F21: 合计 | G21: =_xlfn.IFERROR(SUM(G22:G23),"") -> 12805 | H21: =SUM(H22:H23) -> 24000 | I21: =H21-G21 -> 11195
F22: 成品 | G22: =_xlfn.IFERROR(SUM(C44),"") -> 6820 | H22: =H39 -> 12000 | I22: =H22-G22 -> 5180
C23: =_xlfn.IFERROR(SUM(C40),"") -> 9194 | D23: =_xlfn.IFERROR(SUM(C41),"") -> 2596 | F23: 半成品 | G23: =_xlfn.IFERROR(C45,"") -> 5985 | H23: =H40 -> 12000 | I23: =H23-G23 -> 6015
E24: 柴油 | F24: 合计 | G24: =_xlfn.IFERROR(SUM(G25:G26),"") -> 16834 | H24: =SUM(H25:H26) -> 36750 | I24: =H24-G24 -> 19916
C25: 催化加工量 | D25: 柴油产量 | F25: 成品 | G25: =_xlfn.IFERROR(SUM(C46),"") -> 13091 | H25: =H41 -> 25250 | I25: =H25-G25 -> 12159
F26: 半成品 | G26: =_xlfn.IFERROR(C47,"") -> 3743 | H26: =H42 -> 11500 | I26: =H26-G26 -> 7757
C27: =_xlfn.IFERROR(SUM(C42),"") -> 3431 | D27: =_xlfn.IFERROR(SUM(C43),"") -> 2495 | E27: 原油合计 | G27: =_xlfn.IFERROR(C48,"") -> 27769 | H27: =H43 -> 98000 | I27: =H27-G27 -> 70231
E28: 渣油合计 | G28: =_xlfn.IFERROR(SUM(C49),"") -> 2354 | H28: =H44 -> 38000 | I28: =H28-G28 -> 35646
B29: 榆炼公司 | C29: 常压加工量 | D29: 汽油产量 | E29: 汽油 | F29: 合计 | G29: =SUM(G30:G31) -> 89628 | H29: =SUM(H30:H31) -> 105341 | I29: =H29-G29 -> 15713
F30: 成品 | G30: =_xlfn.IFERROR(SUM(C54),"") -> 72237 | H30: =H51 -> 77341 | I30: =H30-G30 -> 5104
C31: =_xlfn.IFERROR(SUM(C52),"") -> 13001 | D31: =_xlfn.IFERROR(SUM(C53),"") -> 4386 | F31: 半成品 | G31: =_xlfn.IFERROR(SUM(C57),"") -> 17391 | H31: =H52 -> 28000 | I31: =H31-G31 -> 10609
E32: 柴油 | F32: 合计 | G32: =SUM(G33:G34) -> 95068 | H32: =SUM(H33:H34) -> 123559 | I32: =H32-G32 -> 28491
C33: 催化加工量 | D33: 柴油产量 | F33: 成品 | G33: =_xlfn.IFERROR(SUM(C58),"") -> 81512 | H33: =H53 -> 100000 | I33: =H33-G33 -> 18488
F34: 半成品 | G34: =_xlfn.IFERROR(SUM(C59),"") -> 13556 | H34: =H54 -> 23559 | I34: =H34-G34 -> 10003
C35: =_xlfn.IFERROR(SUM(C55),"") -> 4647 | D35: =_xlfn.IFERROR(SUM(C56),"") -> 3018 | E35: 原油合计 | G35: =_xlfn.IFERROR(SUM(C60),"") -> 253649 | H35: =H55 -> 253649 | I35: =H35-G35 -> 0
E36: 渣油合计 | G36: =_xlfn.IFERROR(SUM(C61),"") -> 28709 | H36: =H56 -> 51000 | I36: =H36-G36 -> 22291
H39: 12000
B40: 永练分厂 | C40: 9194 | H40: 12000
C41: 2596 | H41: 25250
C42: 3431 | H42: 11500
C43: 2495 | H43: 98000
C44: 6820 | H44: 38000
C45: 5985
C46: 13091
C47: 3743
C48: 27769
C49: 2354
B51: 榆炼 | H51: 77341
C52: 13001 | H52: 28000
C53: 4386 | H53: 100000
C54: 72237 | H54: 23559
C55: 4647 | H55: 253649
C56: 3018 | H56: 51000
C57: 17391
C58: 81512
C59: 13556
C60: 253649
C61: 28709
B62: 延炼 | H62: 55000
C63: 16826 | H63: 35000
C64: 8490 | H64: 54000
C65: 8867 | H65: 30000
C66: 6405 | H66: 90000
C67: 10543 | H67: 75000
C68: 30211
C69: 18139
C70: 6103
C71: 68776
C72: 44290
