Workbook

Sheet 油田气物料动态台账
A1: 油田气化工科技公司物料动态台账
K3: 日期： | L3: 2026-01-07
A4: 储罐库存信息 | B4: 罐区 | C4: 罐号 | D4: 液位（米） | E4: 液位（%） | F4: 储量(吨) | G4: 空量(吨) | H4: 罐区 | I4: 罐号 | J4: 液位（米） | K4: 液位（%） | L4: 储量(吨) | M4: 空量(吨)
B5: 原料成品罐区 | C5: 甲醇 | H5: 原料成品罐区 | I5: 聚四氢呋喃
C6: V-001A | D6: =_xlfn.IFERROR(ROUND(取值!D6,2),"") -> 7.96 | E6: =_xlfn.IFERROR(ROUND(取值!F6,4),"") -> 0.496 | F6: =取值!E6 -> 1429.0258 | G6: =_xlfn.IFERROR(2316.08-F6,"") -> 887.05415 | I6: V-008A | J6: =_xlfn.IFERROR(ROUND(取值!I6,2),"") -> 8.48 | K6: =_xlfn.IFERROR(ROUND(取值!K6,4),"") -> 0.7745 | L6: =取值!J6 -> 854.17456 | M6: =_xlfn.IFERROR(846.32-L6,"") -> -7.8545583
C7: V-001B | D7: =_xlfn.IFERROR(ROUND(取值!D7,2),"") -> 4.27 | E7: =_xlfn.IFERROR(ROUND(取值!F7,4),"") -> 0.269 | F7: =取值!E7 -> 767.05077 | G7: =_xlfn.IFERROR(2316.08-F7,"") -> 1549.0292 | I7: V-008B | J7: =_xlfn.IFERROR(ROUND(取值!I7,2),"") -> 7.19 | K7: =_xlfn.IFERROR(ROUND(取值!K7,4),"") -> 0.6495 | L7: =取值!J7 -> 723.86302 | M7: =_xlfn.IFERROR(846.32-L7,"") -> 122.45698
C8: 合计 | D8: / | E8: / | F8: =SUM(F6:F7) -> 2196.0766 | G8: =SUM(G6:G7) -> 2436.0834 | I8: V-008C | J8: =_xlfn.IFERROR(ROUND(取值!I8,2),"") -> 8.5 | K8: =_xlfn.IFERROR(ROUND(取值!K8,4),"") -> 0.7705 | L8: =取值!J8 -> 855.47379 | M8: =_xlfn.IFERROR(846.32-L8,"") -> -9.1537897
C9: 碳酸二甲酯 | I9: V-008D | J9: =_xlfn.IFERROR(ROUND(取值!I95,2),"") -> 8.39 | K9: =_xlfn.IFERROR(ROUND(取值!K95,4),"") -> 0.7619 | L9: =取值!J95 -> 844.66999 | M9: =_xlfn.IFERROR(846.32-L9,"") -> 1.6500112
C10: V-002 | D10: =_xlfn.IFERROR(ROUND(取值!D10,2),"") -> 4.71 | E10: =_xlfn.IFERROR(ROUND(取值!F10,4),"") -> 0.4479 | F10: =取值!E10 -> 226.3 | G10: =_xlfn.IFERROR(464.01-F10,"") -> 237.71 | I10: V-008E | J10: =_xlfn.IFERROR(ROUND(取值!I96,2),"") -> 1.27 | K10: =_xlfn.IFERROR(ROUND(取值!K96,4),"") -> 0.1064 | L10: =取值!J96 -> 127.44572 | M10: =_xlfn.IFERROR(846.32-L10,"") -> 718.87428
C11: 四氢呋喃 | I11: V-008F | J11: =_xlfn.IFERROR(ROUND(取值!I97,2),"") -> 2.18 | K11: =_xlfn.IFERROR(ROUND(取值!K97,4),"") -> 0.1897 | L11: =取值!J97 -> 219.50777 | M11: =_xlfn.IFERROR(846.32-L11,"") -> 626.81223
C12: V-003A | D12: =_xlfn.IFERROR(ROUND(取值!D12,2),"") -> 8.99 | E12: =_xlfn.IFERROR(ROUND(取值!F12,4),"") -> 0.721 | F12: =取值!E12 -> 531.81351 | G12: =_xlfn.IFERROR(585.72-F12,"") -> 53.906495 | I12: V-008G | J12: =_xlfn.IFERROR(ROUND(取值!I98,2),"") -> 5.76 | K12: =_xlfn.IFERROR(ROUND(取值!K98,4),"") -> 0.5167 | L12: =取值!J98 -> 580.43168 | M12: =_xlfn.IFERROR(846.32-L12,"") -> 265.88832
C13: V-003B | D13: =_xlfn.IFERROR(ROUND(取值!D13,2),"") -> 9.12 | E13: =_xlfn.IFERROR(ROUND(取值!F13,4),"") -> 0.728 | F13: =取值!E13 -> 539.34614 | G13: =_xlfn.IFERROR(585.72-F13,"") -> 46.373865 | I13: V-008H | J13: =_xlfn.IFERROR(ROUND(取值!I99,2),"") -> 5.88 | K13: =_xlfn.IFERROR(ROUND(取值!K99,4),"") -> 0.5277 | L13: =取值!J99 -> 591.95659 | M13: =_xlfn.IFERROR(846.32-L13,"") -> 254.36341
C14: 合计 | D14: / | E14: / | F14: =SUM(F12:F13) -> 1071.1596 | G14: =SUM(G12:G13) -> 100.28036 | I14: V-008I | J14: =_xlfn.IFERROR(ROUND(取值!I100,2),"") -> 7.66 | K14: =_xlfn.IFERROR(ROUND(取值!K100,4),"") -> 0.6864 | L14: =取值!J100 -> 771.61204 | M14: =_xlfn.IFERROR(846.32-L14,"") -> 74.707962
C15: 正丁醇 | I15: 合计 | J15: / | K15: / | L15: =SUM(L6:L14) -> 5569.1352 | M15: =SUM(M6:M14) -> 2047.7448
C16: V-004 | D16: =_xlfn.IFERROR(ROUND(取值!D16,2),"") -> 4.6 | E16: =_xlfn.IFERROR(ROUND(取值!F16,4),"") -> 0.423 | F16: =取值!E16 -> 196.66672 | G16: =_xlfn.IFERROR(359.32-F16,"") -> 162.65328 | I16: 1,4-丁二醇
C17: 醋酐 | I17: V-009A | J17: =_xlfn.IFERROR(ROUND(取值!I11,2),"") -> 1.66 | K17: =_xlfn.IFERROR(ROUND(取值!K11,4),"") -> 0.1422 | L17: =取值!J11 -> 471.53963 | M17: =_xlfn.IFERROR(2676.75-L17,"") -> 2205.2104
C18: V-005A | D18: =_xlfn.IFERROR(ROUND(取值!D18,2),"") -> 2.98 | E18: =_xlfn.IFERROR(ROUND(取值!F18,4),"") -> 0.6122 | F18: =取值!E18 -> 68.254408 | G18: =_xlfn.IFERROR(89.45-F18,"") -> 21.195592 | I18: V-009B | J18: =_xlfn.IFERROR(ROUND(取值!I12,2),"") -> 3.33 | K18: =_xlfn.IFERROR(ROUND(取值!K12,4),"") -> 0.2684 | L18: =取值!J12 -> 947.3386 | M18: =_xlfn.IFERROR(2676.75-L18,"") -> 1729.4114
C19: V-005B | D19: =_xlfn.IFERROR(ROUND(取值!D19,2),"") -> 3.21 | E19: =_xlfn.IFERROR(ROUND(取值!F19,4),"") -> 0.61 | F19: =取值!E19 -> 73.5 | G19: =_xlfn.IFERROR(89.45-F19,"") -> 15.95 | I19: V-009C | J19: =_xlfn.IFERROR(ROUND(取值!I13,2),"") -> 2.6 | K19: =_xlfn.IFERROR(ROUND(取值!K13,4),"") -> 0.1761 | L19: =取值!J13 -> 739.9787 | M19: =_xlfn.IFERROR(2676.75-L19,"") -> 1936.7713
C20: 合计 | D20: / | E20: / | F20: =SUM(F18:F19) -> 141.75441 | G20: =SUM(G18:G19) -> 37.145592 | I20: 合计 | J20: / | K20: / | L20: =SUM(L17:L19) -> 2158.8569 | M20: =SUM(M17:M19) -> 5871.3931
C21: 聚酯级乙二醇 | I21: 粗乙醇
C22: V-006A | D22: =_xlfn.IFERROR(ROUND(取值!D20,2),"") -> 5.04 | E22: =_xlfn.IFERROR(ROUND(取值!F20,4),"") -> 0.4133 | F22: =取值!E20 -> 1350.0736 | G22: =_xlfn.IFERROR(2465.13-F22,"") -> 1115.0564 | I22: V-010 | J22: =_xlfn.IFERROR(ROUND(取值!I15,2),"") -> 4.48 | K22: =_xlfn.IFERROR(ROUND(取值!K15,4),"") -> 0.4299 | L22: =取值!J15 -> 234.5 | M22: =_xlfn.IFERROR(350.45-L22,"") -> 115.95
C23: V-006B | D23: =_xlfn.IFERROR(ROUND(取值!D21,2),"") -> 4.84 | E23: =_xlfn.IFERROR(ROUND(取值!F21,4),"") -> 0.3909 | F23: =取值!E21 -> 1295.3485 | G23: =_xlfn.IFERROR(2465.13-F23,"") -> 1169.7815 | I23: 混合醇
C24: 合计 | D24: / | E24: / | F24: =SUM(F22:F23) -> 2645.4221 | G24: =SUM(G22:G23) -> 2284.8379 | I24: V-011 | J24: =_xlfn.IFERROR(ROUND(取值!I17,2),"") -> 1.93 | K24: =_xlfn.IFERROR(ROUND(取值!K17,4),"") -> 0.2934 | L24: =取值!J17 -> 57.014188 | M24: =_xlfn.IFERROR(139.2-L24,"") -> 82.185812
C25: 轻质多元醇 | I25: 副产油
C26: V-007 | D26: =_xlfn.IFERROR(ROUND(取值!D24,2),"") -> 2.85 | E26: =_xlfn.IFERROR(ROUND(取值!F24,4),"") -> 0.3448 | F26: =取值!E24 -> 198.52226 | G26: =_xlfn.IFERROR(480.78-F26,"") -> 282.25774 | I26: V-012 | J26: =_xlfn.IFERROR(ROUND(取值!I19,2),"") -> 3.62 | K26: =_xlfn.IFERROR(ROUND(取值!K19,4),"") -> 0.3443 | L26: =取值!J19 -> 174.5849 | M26: =_xlfn.IFERROR(405.46-L26,"") -> 230.8751
C27: 焦油 | H27: 原料煤 | I27: 筒仓A | J27: / | K27: / | L27: =取值!J22 -> 4161.79 | M27: =_xlfn.IFERROR(6000-L27,"") -> 1838.21
C28: V-013 | D28: =_xlfn.IFERROR(ROUND(取值!I14,2),"") -> 1.46 | E28: =_xlfn.IFERROR(ROUND(取值!K14,4),"") -> 0.2809 | F28: =取值!J14 -> 44.291699 | G28: =_xlfn.IFERROR(148.88-F28,"") -> 104.5883 | I28: 筒仓B | J28: / | K28: / | L28: =取值!J23 -> 1694.53 | M28: =_xlfn.IFERROR(6000-L28,"") -> 4305.47
B29: 乙二醇中间罐区 | C29: 聚酯级乙二醇 | I29: 合计 | J29: / | K29: / | L29: =_xlfn.IFERROR(L27+L28,"") -> 5856.32 | M29: =_xlfn.IFERROR(M27+M28,"") -> 6143.68
C30: TK-001A | D30: =_xlfn.IFERROR(E30*5.8,"") -> 2.726 | E30: =_xlfn.IFERROR(ROUND(取值!E26,4),"") -> 0.47 | F30: =_xlfn.IFERROR(E30*1.74*100,"") -> 81.78 | G30: =_xlfn.IFERROR(174-F30,"") -> 92.22 | H30: BDO中间罐区 | I30: 循环BYD储罐
C31: TK-001B | D31: =_xlfn.IFERROR(E31*5.8,"") -> 0.0058 | E31: =_xlfn.IFERROR(ROUND(取值!E27,4),"") -> 0.001 | F31: =_xlfn.IFERROR(E31*1.74*100,"") -> 0.174 | G31: =_xlfn.IFERROR(174-F31,"") -> 173.826 | I31: V-401 | J31: =_xlfn.IFERROR(K31*8.5+0.3,"") -> 2.4505 | K31: =_xlfn.IFERROR(ROUND(取值!J26,4),"") -> 0.253 | L31: =_xlfn.IFERROR(K31*500*1.1*0.4,"") -> 55.66 | M31: =_xlfn.IFERROR(500-L31,"") -> 444.34
C32: 合计 | D32: / | E32: / | F32: =SUM(F30:F31) -> 81.954 | G32: =SUM(G30:G31) -> 266.046 | I32: 粗BYD储罐
C33: 轻质多元醇 | I33: V-402 | J33: =_xlfn.IFERROR(K33*8.5+0.3,"") -> 2.629 | K33: =_xlfn.IFERROR(ROUND(取值!J28,4),"") -> 0.274 | L33: =_xlfn.IFERROR(K33*500*1.1*0.4,"") -> 60.28 | M33: =_xlfn.IFERROR(500-L33,"") -> 439.72
C34: TK-002 | D34: =_xlfn.IFERROR(E34*4.5,"") -> 1.69875 | E34: =_xlfn.IFERROR(ROUND(取值!E30,4),"") -> 0.3775 | F34: =_xlfn.IFERROR(E34*0.81*100,"") -> 30.5775 | G34: =_xlfn.IFERROR(81-F34,"") -> 50.4225 | I34: BYD产品储罐
C35: 混合醇 | I35: V-403A | J35: =_xlfn.IFERROR(K35*8.5+0.3,"") -> 5.944 | K35: =_xlfn.IFERROR(ROUND(取值!J30,4),"") -> 0.664 | L35: =_xlfn.IFERROR(K35*500*1.1*0.4,"") -> 146.08 | M35: =_xlfn.IFERROR(500-L35,"") -> 353.92
C36: TK-005 | D36: =_xlfn.IFERROR(E36*3,"") -> 0.0786 | E36: =_xlfn.IFERROR(ROUND(取值!E32,4),"") -> 0.0262 | F36: =_xlfn.IFERROR(E36*0.094*100,"") -> 0.24628 | G36: =_xlfn.IFERROR(9.354-F36,"") -> 9.10772 | I36: V-403B | J36: =_xlfn.IFERROR(K36*8.5+0.3,"") -> 5.944 | K36: =_xlfn.IFERROR(ROUND(取值!J31,4),"") -> 0.664 | L36: =_xlfn.IFERROR(K36*500*1.1*0.4,"") -> 146.08 | M36: =_xlfn.IFERROR(500-L36,"") -> 353.92
C37: 粗乙醇 | I37: 合计 | J37: / | K37: / | L37: =SUM(L35:L36) -> 292.16 | M37: =SUM(M35:M36) -> 707.84
C38: TK-006 | D38: =_xlfn.IFERROR(E38*3.4,"") -> 1.33926 | E38: =_xlfn.IFERROR(ROUND(取值!E34,4),"") -> 0.3939 | F38: =_xlfn.IFERROR(E38*0.136*100,"") -> 5.35704 | G38: =_xlfn.IFERROR(13.6-F38,"") -> 8.24296 | I38: 粗BDO储罐
C39: 甲醇 | I39: V-404A | J39: =_xlfn.IFERROR(K39*8.5+0.3,"") -> 4.805 | K39: =_xlfn.IFERROR(ROUND(取值!J38,4),"") -> 0.53 | L39: =_xlfn.IFERROR(K39*550,"") -> 291.5 | M39: =_xlfn.IFERROR(550-L39,"") -> 258.5
C40: TK-009 | D40: =_xlfn.IFERROR(E40*5.8,"") -> 3.7729 | E40: =_xlfn.IFERROR(ROUND(取值!E36,4),"") -> 0.6505 | F40: =_xlfn.IFERROR(E40*0.75*100,"") -> 48.7875 | G40: =_xlfn.IFERROR(75.4-F40,"") -> 26.6125 | I40: V-404B | J40: =_xlfn.IFERROR(K40*8.5+0.3,"") -> 4.9155 | K40: =_xlfn.IFERROR(ROUND(取值!J39,4),"") -> 0.543 | L40: =_xlfn.IFERROR(K40*550,"") -> 298.65 | M40: =_xlfn.IFERROR(550-L40,"") -> 251.35
C41: 多元醇 | I41: 合计 | J41: / | K41: / | L41: =SUM(L39:L40) -> 590.15 | M41: =SUM(M39:M40) -> 509.85
C42: TK-013 | D42: =_xlfn.IFERROR(E42*6.5,"") -> 0.76635 | E42: =_xlfn.IFERROR(ROUND(取值!E38,4),"") -> 0.1179 | F42: =_xlfn.IFERROR(E42*1.365*100,"") -> 16.09335 | G42: =_xlfn.IFERROR(136.5-F42,"") -> 120.40665 | I42: BDO产品储罐
B43: PTMEG中间罐区 | C43: BDO储罐 | I43: V-407A | J43: =_xlfn.IFERROR(K43*4.8+0.3,"") -> 2.268 | K43: =_xlfn.IFERROR(ROUND(取值!J42,4),"") -> 0.41 | L43: =_xlfn.IFERROR(K43*163*1.017,"") -> 67.96611 | M43: =_xlfn.IFERROR(163-L43,"") -> 95.03389
C44: TK-800 | D44: =_xlfn.IFERROR(E44*5.1,"") -> 0 | E44: =_xlfn.IFERROR(ROUND(取值!E40,4),"") -> 0 | F44: =_xlfn.IFERROR(E44*70.481+2.877,"") -> 2.877 | G44: =_xlfn.IFERROR(89.578-F44,"") -> 86.701 | I44: V-407B | J44: =_xlfn.IFERROR(K44*4.8+0.3,"") -> 0.8136 | K44: =_xlfn.IFERROR(ROUND(取值!J43,4),"") -> 0.107 | L44: =_xlfn.IFERROR(K44*163*1.017,"") -> 17.737497 | M44: =_xlfn.IFERROR(163-L44,"") -> 145.2625
C45: 醋酐罐 | I45: 合计 | J45: / | K45: / | L45: =SUM(L43:L44) -> 85.703607 | M45: =SUM(M43:M44) -> 240.29639
C46: TK-102 | D46: =_xlfn.IFERROR(E46*3.5,"") -> 0 | E46: =_xlfn.IFERROR(ROUND(取值!E42,4),"") -> 0 | F46: =_xlfn.IFERROR(E46*23.834+1.444,"") -> 1.444 | G46: =_xlfn.IFERROR(25.278-F46,"") -> 23.834 | I46: 软化BYD产品罐
C47: 甲醇罐 | I47: V-408A | J47: =_xlfn.IFERROR(K47*8.5+0.3,"") -> 6.4455 | K47: =_xlfn.IFERROR(ROUND(取值!J34,4),"") -> 0.723 | L47: =_xlfn.IFERROR(K47*550,"") -> 397.65 | M47: =_xlfn.IFERROR(550-L47,"") -> 152.35
C48: TK-202 | D48: =_xlfn.IFERROR(E48*3.5,"") -> 1.0486 | E48: =_xlfn.IFERROR(ROUND(取值!E44,4),"") -> 0.2996 | F48: =_xlfn.IFERROR(E48/100*123.364+3.855,"") -> 4.2245985 | G48: =_xlfn.IFERROR(25.278-F48,"") -> 21.053401 | I48: V-408B | J48: =_xlfn.IFERROR(K48*8.5+0.3,"") -> 6.3775 | K48: =_xlfn.IFERROR(ROUND(取值!J35,4),"") -> 0.715 | L48: =_xlfn.IFERROR(K48*550,"") -> 393.25 | M48: =_xlfn.IFERROR(550-L48,"") -> 156.75
C49: 四氢呋喃产品罐 | I49: 合计 | J49: / | K49: / | L49: =SUM(L47:L48) -> 790.9 | M49: =SUM(M47:M48) -> 309.1
C50: TK-880A | D50: =_xlfn.IFERROR(E50*6,"") -> 3.723 | E50: =_xlfn.IFERROR(ROUND(取值!E46,4),"") -> 0.6205 | F50: =_xlfn.IFERROR(E50*102.318+3.528,"") -> 67.016319 | G50: =_xlfn.IFERROR(105.846-F50,"") -> 38.829681 | H50: 废液罐区 | I50: 油类废液储罐
C51: TK-880B | D51: =_xlfn.IFERROR(E51*6,"") -> 4.3452 | E51: =_xlfn.IFERROR(ROUND(取值!E47,4),"") -> 0.7242 | F51: =_xlfn.IFERROR(E51*102.318+3.528,"") -> 77.626696 | G51: =_xlfn.IFERROR(105.846-F51,"") -> 28.219304 | I51: TK-001 | J51: =_xlfn.IFERROR(取值!I46*12.2,"") -> 9.2232 | K51: =_xlfn.IFERROR(取值!I46,"") -> 0.756 | L51: =_xlfn.IFERROR(K51*410,"") -> 309.96 | M51: =_xlfn.IFERROR(410-L51,"") -> 100.04
C52: 合计 | D52: / | E52: / | F52: =SUM(F50:F51) -> 144.64301 | G52: =SUM(G50:G51) -> 67.048985 | I52: 醇类废液储罐
C53: 副产油罐 | I53: TK-002 | J53: =_xlfn.IFERROR(取值!I48*12.2,"") -> 4.7458 | K53: =_xlfn.IFERROR(取值!I48,"") -> 0.389 | L53: =_xlfn.IFERROR(K53*800,"") -> 311.2 | M53: =_xlfn.IFERROR(800-L53,"") -> 488.8
C54: TK-760 | D54: =_xlfn.IFERROR(E54*5,"") -> 2.0075 | E54: =_xlfn.IFERROR(ROUND(取值!E50,4),"") -> 0.4015 | F54: =_xlfn.IFERROR(E54*86.099+3.587,"") -> 38.155749 | G54: =_xlfn.IFERROR(89.686-F54,"") -> 51.530251 | H54: 甲醛罐区 | I54: 甲醛储罐
C55: PTMEG产品罐 | I55: V-001A | J55: =_xlfn.IFERROR(K55*9.6,"") -> 3.744 | K55: =_xlfn.IFERROR(ROUND(取值!J50,4),"") -> 0.39 | L55: =_xlfn.IFERROR(K55*650*1.1*0.5/0.37,"") -> 376.82432 | M55: =_xlfn.IFERROR(966-L55,"") -> 589.17568
C56: TK-330A | D56: =_xlfn.IFERROR(E56*6.9,"") -> 0 | E56: =_xlfn.IFERROR(ROUND(取值!E52,4),"") -> 0 | F56: =_xlfn.IFERROR(E56*189.009+5.324,"") -> 5.324 | G56: =_xlfn.IFERROR(194.333-F56,"") -> 189.009 | I56: V-001B | J56: =_xlfn.IFERROR(K56*9.6,"") -> 1.248 | K56: =_xlfn.IFERROR(ROUND(取值!J51,4),"") -> 0.13 | L56: =_xlfn.IFERROR(K56*650*1.1*0.5/0.37,"") -> 125.60811 | M56: =_xlfn.IFERROR(966-L56,"") -> 840.39189
C57: TK-330B | D57: =_xlfn.IFERROR(E57*6.9,"") -> 0 | E57: =_xlfn.IFERROR(ROUND(取值!E53,4),"") -> 0 | F57: =_xlfn.IFERROR(E57*189.009+5.324,"") -> 5.324 | G57: =_xlfn.IFERROR(194.333-F57,"") -> 189.009 | I57: V-001C | J57: =_xlfn.IFERROR(K57*9.6,"") -> 1.44 | K57: =_xlfn.IFERROR(ROUND(取值!J52,4),"") -> 0.15 | L57: =_xlfn.IFERROR(K57*650*1.1*0.5/0.37,"") -> 144.93243 | M57: =_xlfn.IFERROR(966-L57,"") -> 821.06757
C58: TK-330C | D58: =_xlfn.IFERROR(E58*6.9,"") -> 0.24288 | E58: =_xlfn.IFERROR(ROUND(取值!E54,4),"") -> 0.0352 | F58: =_xlfn.IFERROR(E58*189.009+5.324,"") -> 11.977117 | G58: =_xlfn.IFERROR(194.333-F58,"") -> 182.35588 | I58: V-001D | J58: =_xlfn.IFERROR(K58*9.6,"") -> 6.432 | K58: =_xlfn.IFERROR(ROUND(取值!J53,4),"") -> 0.67 | L58: =_xlfn.IFERROR(K58*650*1.1*0.5/0.37,"") -> 647.36486 | M58: =_xlfn.IFERROR(966-L58,"") -> 318.63514
C59: 合计 | D59: / | E59: / | F59: =SUM(F56:F58) -> 22.625117 | G59: =SUM(G56:G58) -> 560.37388 | I59: 合计 | J59: / | K59: / | L59: =SUM(L56:L58) -> 917.90541 | M59: =SUM(M55:M58) -> 2569.2703
B60: 产品外购/物料消耗 | C60: 外购甲醇（吨） | F60: =取值!E56 -> 293.18 | H60: 产品产量 | I60: BDO产量（吨） | L60: =取值!I56 -> 236.55
C61: 外购燃料煤（吨） | F61: =取值!E58 -> 1953 | I61: 聚酯级乙二醇产量（吨） | L61: =取值!I57 -> 178
C62: 外购醋酐（吨） | F62: =取值!E57 -> 0
C63: 甲醛（37%）用量（吨） | F63: =取值!E59 -> 449.59 | I63: 轻质多元醇产量（吨） | L63: =取值!I59 -> 19.4
C64: 引黄水用量（吨） | F64: =取值!E60 -> 9331 | I64: PTMEG产量（吨） | L64: =取值!I60 -> 0
C65: 天然气用量(Nm3) | F65: =取值!E61 -> 644000 | I65: 甲醇库存 | L65: =F8 -> 2196.0766
A66: 物料动态 | B66: 产品销售 | C66: BDO销售量（吨） | F66: =取值!E62 -> 226.98 | H66: 总库存 | I66: 甲醛库存（37%） | L66: =(L59) -> 917.90541
C67: 聚酯级乙二醇销售量（吨） | F67: =取值!E63 -> 223.72 | I67: BDO库存 | L67: =L20 -> 2158.8569
C68: PT合格品销售量（吨） | F68: =取值!E67 -> 0 | I68: 聚酯级乙二醇库存 | L68: =F24 -> 2645.4221
C69: 混合醇销售量（吨） | F69: =取值!E68 -> 32.64 | I69: 轻质多元醇库存 | L69: =F26 -> 198.52226
C70: PT过渡料销售量（吨） | F70: =取值!E66 -> 0
C71: 副产油销售量（吨） | F71: =取值!E69 -> 0 | I71: PTMEG库存 | L71: =L15 -> 5569.1352
C72: 轻质多元醇销售量（吨） | F72: =取值!E65 -> 32.68 | I72: 四氢呋喃库存 | L72: =F14 -> 1071.1596
C73: 含水混合醇A类(TK-001)（吨） | F73: =取值!E71 -> 0 | I73: 混合醇库存 | L73: =L24 -> 57.014188
C74: 含水混合醇B类(TK-002)（吨） | F74: =取值!E72 -> 0 | I74: 燃料煤库存 | L74: =L29 -> 5856.32
K75: 填报人：

Sheet 取值
C6: V-001A | D6: 7.963365 | E6: 1429.0258 | F6: 0.4959999 | H6: V-008A | I6: 8.482369 | J6: 854.17456 | K6: 0.7745393
C7: V-001B | D7: 4.274454 | E7: 767.05077 | F7: 0.269 | H7: V-008B | I7: 7.188312 | J7: 723.86302 | K7: 0.6495383
C8: 合计 | H8: V-008C | I8: 8.495271 | J8: 855.47379 | K8: 0.7705435
C10: V-002 | D10: 4.710176 | E10: 226.3 | F10: 0.447888
H11: V-009A | I11: 1.656734 | J11: 471.53963 | K11: 0.1422495
C12: V-003A | D12: 8.993971 | E12: 531.81351 | F12: 0.721 | H12: V-009B | I12: 3.328433 | J12: 947.3386 | K12: 0.2683797
C13: V-003B | D13: 9.121362 | E13: 539.34614 | F13: 0.728 | I13: 2.599883 | J13: 739.9787 | K13: 0.1761465
C14: 合计 | I14: 1.458403 | J14: 44.291699 | K14: 0.2808748
H15: V-010 | I15: 4.481348 | J15: 234.5 | K15: 0.4299367
C16: V-004 | D16: 4.600391 | E16: 196.66672 | F16: 0.423
H17: V-011 | I17: 1.926155 | J17: 57.014188 | K17: 0.2933841
C18: V-005 | D18: 2.977941 | E18: 68.254408 | F18: 0.6121968
D19: 3.206043 | E19: 73.5 | F19: 0.61 | H19: V-012 | I19: 3.61909 | J19: 174.5849 | K19: 0.3442585
C20: V-006A | D20: 5.041162 | E20: 1350.0736 | F20: 0.4132661
C21: V-006B | D21: 4.836819 | E21: 1295.3485 | F21: 0.3909142 | H21: V-013 | I21: 1.458403 | J21: 44.291699 | K21: 0.2808748
C22: 合计 | H22: 筒仓A | J22: 4161.79
H23: 筒仓B | J23: 1694.53
C24: V-007 | D24: 2.850693 | E24: 198.52226 | F24: 0.3448228
C26: TK-001A | E26: 0.4699766 | F26: 81.775928 | H26: V-401 | J26: 0.253 | K26: 55.66
C27: TK-001B | E27: 0.001 | F27: 0.174
C28: 合计 | H28: V-402 | J28: 0.274 | K28: 60.28
C30: TK-002 | E30: 0.3775072 | F30: 30.578083 | H30: V-403A | J30: 0.664 | K30: 146.08
H31: V-403B | J31: 0.664 | K31: 146.08
C32: TK-005 | E32: 0.02621675 | F32: 0.24643745 | H32: 合计
C34: TK-006 | E34: 0.3938565 | F34: 5.3564484 | H34: V-408A | J34: 0.723 | K34: 397.65
H35: V-408B | J35: 0.715 | K35: 393.25
C36: TK-009 | E36: 0.650498 | F36: 48.78735 | H36: 合计
C38: TK-013 | E38: 0.1178876 | F38: 16.091657 | H38: V-404A | J38: 0.53 | K38: 291.5
H39: V-404B | J39: 0.543 | K39: 298.65
C40: TK-800 | D40: 0 | H40: 合计
C42: TK-102 | D42: 0 | H42: V-407A | J42: 0.41 | K42: 67.96611
H43: V-407B | J43: 0.107 | K43: 17.737497
C44: TK-202 | D44: 29.96479 | E44: 0.2996479 | H44: 合计
C46: TK-880A | D46: 62.05003 | E46: 0.6205003 | H46: TK-001 | I46: 0.756
C47: TK-880B | D47: 72.4225 | E47: 0.724225
H48: TK-002 | I48: 0.389
C50: TK-760 | D50: 40.14898 | E50: 0.4014898 | H50: V-001A | J50: 0.39 | K50: 376.82432
H51: V-001B | J51: 0.13 | K51: 125.60811
C52: TK-330A | D52: 7.140135E-17 | E52: 7.140135e-19 | H52: V-001C | J52: 0.15 | K52: 144.93243
C53: TK-330B | D53: 1.177014E-19 | E53: 1.177014e-21 | H53: V-001D | J53: 0.67 | K53: 647.36486
C54: TK-330C | D54: 3.515 | E54: 0.03515 | H54: 合计
C55: 合计
B56: 产品外购/物料消耗 | C56: 外购甲醇（吨） | E56: 293.18 | F56: 产品产量 | G56: BDO产量（吨） | I56: =_xlfn.IFERROR(SUM(I73,I74,I75),"") -> 236.55
C57: 外购醋酐（吨） | G57: 聚酯级乙二醇产量（吨） | I57: =_xlfn.IFERROR(SUM(I78,I79,I80),"") -> 178
C58: 外购燃料煤（吨） | E58: =_xlfn.IFERROR(SUM(E73,E74,E75,E76,E77,E78),"") -> 1953 | G58: 工业级乙二醇产量（吨）
C59: 甲醛（37%）用量（吨） | E59: =_xlfn.IFERROR(SUM(E81,E82,E83),"") -> 449.59 | G59: 轻质多元醇产量（吨） | I59: =_xlfn.IFERROR(SUM(I82,I83,I84),"") -> 19.4
C60: 引黄水用量（吨） | E60: 9331 | G60: PTMEG产量（吨） | I60: =_xlfn.IFERROR(SUM(I87,I88,I89),"") -> 0
C61: 天然气用量(Nm3) | E61: =_xlfn.IFERROR(SUM(E86,E87,E88),"") -> 644000 | F61: 总库存 | G61: 甲醇库存
B62: 产品销售 | C62: BDO销售量（吨） | E62: 226.98 | G62: 甲醛库存（37%）
C63: 聚酯级乙二醇销售量（吨） | E63: 223.72 | G63: BDO库存
C64: 工业级乙二醇销售量（吨） | E64: 0 | G64: 聚酯级乙二醇库存
C65: 轻质多元醇销售量（吨） | E65: 32.68 | G65: 轻质多元醇库存
C66: PT过渡料销售量（吨） | E66: 0 | G66: PTMEG库存
C67: PT合格品销售量（吨） | E67: =_xlfn.IFERROR(SUM(E91,E92),"") -> 0 | G67: 四氢呋喃库存
C68: 混合醇销售量（吨） | E68: 32.64 | G68: 混合醇库存
C69: 副产油销售量（吨） | E69: 0 | G69: 燃料煤库存
E73: 0 | I73: 80.35
E74: 0 | I74: 76.73
E75: 1953 | I75: 79.47
E76: 0
E77: 0
E78: 0 | I78: 57
I79: 62
I80: 59
E81: 155.59
E82: 139 | I82: 7
E83: 155 | I83: 7
I84: 5.4
E86: 230932
E87: 179279 | I87: 0
E88: 233789 | I88: 0
I89: 0
E91: 0
I95: 8.387984 | J95: 844.66999 | K95: 0.7619019
I96: 1.265598 | J96: 127.44572 | K96: 0.106399
I97: 2.179819 | J97: 219.50777 | K97: 0.1896973
I98: 5.763969 | J98: 580.43168 | K98: 0.5166664
I99: 5.878417 | J99: 591.95659 | K99: 0.5277252
I100: 7.662483 | J100: 771.61204 | K100: 0.6864474
