Workbook

Sheet 半成品收拨平衡表
B2: 半成品收拨平衡表(本年累计）
B3: 填报单位：延安石油化工厂 | D3: 日期： | E3: 2025-12 | G3: =半成品收拨取值!A27&半成品收拨取值!B27&半成品收拨取值!C27 -> 报表生成时间：2026-01-01 8:00:00 | M3: 陕延油炼化计统B206表
B4: 指标名称 | C4: 单位 | D4: 期初库存 | E4: 外购量 | F4: 生产量 | G4: 装置 加工量 | H4: 销 售 | I4: 生产自用 | J4: 内部调拨量 | L4: 内移量 | N4: 盈（+） | O4: 期末库存
J5: 调入 | K5: 调出 | L5: 移进 | M5: 移出 | N5: 亏（-）
B6: 一、汽油
B7: 其中:重整精制油 | C7: 吨 | D7: =半成品收拨取值!C4 -> 7277 | E7: =半成品收拨取值!D4 -> 0 | F7: =半成品收拨取值!E4 -> 1849 | G7: =半成品收拨取值!G4 -> 1777 | H7: =半成品收拨取值!H4 -> 0 | I7: =半成品收拨取值!J4 -> 0 | J7: =半成品收拨取值!K4 -> 0 | K7: =半成品收拨取值!L4 -> 0 | L7: =半成品收拨取值!M4 -> 0 | M7: =半成品收拨取值!N4 -> 0 | N7: =_xlfn.IFERROR(SUM(O7,M7,K7,I7,H7,G7)-SUM(D7,E7,F7,J7,L7),0) -> 61 | O7: =半成品收拨取值!P4 -> 7410 | P7: =_xlfn.IFERROR(SUM(D7,E7,F7,J7,L7,N7)-SUM(M7,K7,I7,H7,G7),0) -> 7410 | Q7: =P7-O7 -> 0
B8: C6馏分 | C8: 吨 | D8: =半成品收拨取值!C5 -> 0 | E8: =半成品收拨取值!D5 -> 0 | F8: =半成品收拨取值!E5 -> 187561 | G8: =半成品收拨取值!G5 -> 187561 | H8: =半成品收拨取值!H5 -> 0 | I8: =半成品收拨取值!J5 -> 0 | J8: =半成品收拨取值!K5 -> 0 | K8: =半成品收拨取值!L5 -> 0 | L8: =半成品收拨取值!M5 -> 0 | M8: =半成品收拨取值!N5 -> 0 | N8: =_xlfn.IFERROR(SUM(O8,M8,K8,I8,H8,G8)-SUM(D8,E8,F8,J8,L8),0) -> 0 | O8: =半成品收拨取值!P5 -> 0 | P8: =_xlfn.IFERROR(SUM(D8,E8,F8,J8,L8,N8)-SUM(M8,K8,I8,H8,G8),0) -> 0 | Q8: =P8-O8 -> 0
B9: 粗汽油 | C9: 吨 | D9: =半成品收拨取值!C6 -> 0 | E9: =半成品收拨取值!D6 -> 0 | F9: =半成品收拨取值!E6 -> 121561 | G9: =半成品收拨取值!G6 -> 0 | H9: =半成品收拨取值!H6 -> 0 | I9: =半成品收拨取值!J6 -> 0 | J9: =半成品收拨取值!K6 -> 0 | K9: =半成品收拨取值!L6 -> 0 | L9: =半成品收拨取值!M6 -> 0 | M9: =半成品收拨取值!N6 -> 121561 | O9: =半成品收拨取值!P6 -> 0
B10: 精制石脑油 | C10: 吨 | D10: =半成品收拨取值!C7 -> 0 | E10: =半成品收拨取值!D7 -> 0 | F10: =半成品收拨取值!E7 -> 74643 | G10: =半成品收拨取值!G7 -> 0 | H10: =半成品收拨取值!H7 -> 0 | I10: =半成品收拨取值!J7 -> 0 | J10: =半成品收拨取值!K7 -> 0 | K10: =半成品收拨取值!L7 -> 0 | L10: =半成品收拨取值!M7 -> 0 | M10: =半成品收拨取值!N7 -> 74643 | O10: =半成品收拨取值!P7 -> 0
B11: 二、液化气
B12: 其中：饱和液化气 | C12: 吨 | D12: =半成品收拨取值!C9 -> 0 | E12: =半成品收拨取值!D9 -> 0 | G12: =半成品收拨取值!G9 -> 110180 | H12: =半成品收拨取值!H9 -> 0 | J12: =半成品收拨取值!K9 -> 54059 | K12: =半成品收拨取值!L9 -> 0 | L12: =半成品收拨取值!M9 -> 65158 | N12: =_xlfn.IFERROR(SUM(O12,M12,K12,I12,H12,G12)-SUM(D12,E12,F12,J12,L12),0) -> -8316 | O12: =半成品收拨取值!P10 -> 721 | P12: =_xlfn.IFERROR(SUM(D12,E12,F12,J12,L12,N12)-SUM(M12,K12,I12,H12,G12),0) -> 721 | Q12: =P12-O12 -> 0
B13: 重整液化气 | C13: 吨 | F13: =半成品收拨取值!E10 -> 69265 | I13: =半成品收拨取值!J10 -> 4107 | M13: =L12 -> 65158 | N13: =_xlfn.IFERROR(SUM(O13,M13,K13,I13,H13,G13)-SUM(D13,E13,F13,J13,L13),0) -> 0 | P13: =_xlfn.IFERROR(SUM(D13,E13,F13,J13,L13,N13)-SUM(M13,K13,I13,H13,G13),0) -> 0
B14: 丙烷 | C14: 吨 | D14: =半成品收拨取值!C11 -> 996 | E14: =半成品收拨取值!D11 -> 0 | F14: =半成品收拨取值!E11 -> 81368 | G14: =半成品收拨取值!G11 -> 85819 | H14: =半成品收拨取值!H11 -> 0 | I14: =半成品收拨取值!J11 -> 6451 | J14: =半成品收拨取值!K11 -> 30403 | K14: =半成品收拨取值!L11 -> 20852 | L14: =半成品收拨取值!M11 -> 0 | M14: =半成品收拨取值!N11 -> 800 | N14: =_xlfn.IFERROR(SUM(O14,M14,K14,I14,H14,G14)-SUM(D14,E14,F14,J14,L14),0) -> 2189 | O14: =半成品收拨取值!P11 -> 1034 | P14: =_xlfn.IFERROR(SUM(D14,E14,F14,J14,L14,N14)-SUM(M14,K14,I14,H14,G14),0) -> 1034 | Q14: =P14-O14 -> 0
B15: 醚后C4 | C15: 吨 | D15: =半成品收拨取值!C12 -> 1095 | E15: =半成品收拨取值!D12 -> 0 | F15: =半成品收拨取值!E12 -> 558139 | G15: =半成品收拨取值!G12 -> 565774 | H15: =半成品收拨取值!H12 -> 0 | I15: =半成品收拨取值!J12 -> 0 | J15: =半成品收拨取值!K12 -> 74611 | K15: =半成品收拨取值!L12 -> 68876 | L15: =半成品收拨取值!M12 -> 4343 | M15: =半成品收拨取值!N12 -> 3010 | N15: =_xlfn.IFERROR(SUM(O15,M15,K15,I15,H15,G15)-SUM(D15,E15,F15,J15,L15),0) -> 602 | O15: =半成品收拨取值!P12 -> 1130 | P15: =_xlfn.IFERROR(SUM(D15,E15,F15,J15,L15,N15)-SUM(M15,K15,I15,H15,G15),0) -> 1130 | Q15: =P15-O15 -> 0
B16: 精制液化气 | C16: 吨 | D16: =半成品收拨取值!C13 -> 2202 | E16: =半成品收拨取值!D13 -> 0 | F16: =半成品收拨取值!E13 -> 656868 | G16: =半成品收拨取值!G13 -> 662215 | H16: =半成品收拨取值!H13 -> 0 | I16: =半成品收拨取值!J13 -> 0 | J16: =半成品收拨取值!K13 -> 0 | K16: =半成品收拨取值!L13 -> 0 | L16: =半成品收拨取值!M13 -> 5830 | M16: =半成品收拨取值!N13 -> 0 | N16: =_xlfn.IFERROR(SUM(O16,M16,K16,I16,H16,G16)-SUM(D16,E16,F16,J16,L16),0) -> -349 | O16: =半成品收拨取值!P13 -> 2336 | P16: =_xlfn.IFERROR(SUM(D16,E16,F16,J16,L16,N16)-SUM(M16,K16,I16,H16,G16),0) -> 2336 | Q16: =P16-O16 -> 0
B17: 气分碳四 | C17: 吨 | D17: =半成品收拨取值!C14 -> 437 | E17: =半成品收拨取值!D14 -> 0 | F17: =半成品收拨取值!E14 -> 385084 | G17: =半成品收拨取值!G14 -> 382615 | H17: =半成品收拨取值!H14 -> 0 | I17: =半成品收拨取值!J14 -> 0 | J17: =半成品收拨取值!K14 -> 0 | K17: =半成品收拨取值!L14 -> 14274 | L17: =半成品收拨取值!M14 -> 3110 | M17: =半成品收拨取值!N14 -> 843 | N17: =_xlfn.IFERROR(SUM(O17,M17,K17,I17,H17,G17)-SUM(D17,E17,F17,J17,L17),0) -> 9995 | O17: =半成品收拨取值!P14 -> 894 | P17: =_xlfn.IFERROR(SUM(D17,E17,F17,J17,L17,N17)-SUM(M17,K17,I17,H17,G17),0) -> 894 | Q17: =P17-O17 -> 0
B18: 烷基化碳四 | C18: 吨 | D18: =半成品收拨取值!C15 -> 613 | E18: =半成品收拨取值!D15 -> 0 | F18: =半成品收拨取值!E15 -> 61856 | G18: =半成品收拨取值!G15 -> 132805 | H18: =半成品收拨取值!H15 -> 0 | I18: =半成品收拨取值!J15 -> 0 | J18: =半成品收拨取值!K15 -> 0 | K18: =半成品收拨取值!L15 -> 2999 | L18: =半成品收拨取值!M15 -> 74490.86 | M18: =半成品收拨取值!N15 -> 0 | N18: =_xlfn.IFERROR(SUM(O18,M18,K18,I18,H18,G18)-SUM(D18,E18,F18,J18,L18),0) -> -599.86 | O18: =半成品收拨取值!P15 -> 556 | P18: =_xlfn.IFERROR(SUM(D18,E18,F18,J18,L18,N18)-SUM(M18,K18,I18,H18,G18),0) -> 556 | Q18: =P18-O18 -> 0
B19: 富异丁烯碳四 | C19: 吨 | D19: =半成品收拨取值!C16 -> 244 | E19: =半成品收拨取值!D16 -> 0 | F19: =半成品收拨取值!E16 -> 288599 | G19: =半成品收拨取值!G16 -> 286232 | H19: =半成品收拨取值!H16 -> 0 | I19: =半成品收拨取值!J16 -> 0 | J19: =半成品收拨取值!K16 -> 0 | K19: =半成品收拨取值!L16 -> 0 | L19: =半成品收拨取值!M16 -> 0 | M19: =半成品收拨取值!N16 -> 0 | N19: =_xlfn.IFERROR(SUM(O19,M19,K19,I19,H19,G19)-SUM(D19,E19,F19,J19,L19),0) -> -2279 | O19: =半成品收拨取值!P16 -> 332 | P19: =_xlfn.IFERROR(SUM(D19,E19,F19,J19,L19,N19)-SUM(M19,K19,I19,H19,G19),0) -> 332 | Q19: =P19-O19 -> 0
B20: 再生碳四 | C20: 吨 | D20: =半成品收拨取值!C17 -> 0 | E20: =半成品收拨取值!D17 -> 0 | F20: =半成品收拨取值!E17 -> 66081 | G20: =半成品收拨取值!G17 -> 66081 | H20: =半成品收拨取值!H17 -> 0 | I20: =半成品收拨取值!J17 -> 0 | J20: =半成品收拨取值!K17 -> 0 | K20: =半成品收拨取值!L17 -> 0 | L20: =半成品收拨取值!M17 -> 0 | M20: =半成品收拨取值!N17 -> 0 | O20: =半成品收拨取值!P17 -> 0 | P20: =_xlfn.IFERROR(SUM(D20,E20,F20,J20,L20,N20)-SUM(M20,K20,I20,H20,G20),0) -> 0
B21: 三、丙烯 | C21: 吨 | D21: =半成品收拨取值!C18 -> 2301 | E21: =半成品收拨取值!D18 -> 0 | F21: =半成品收拨取值!E18 -> 283477 | G21: =半成品收拨取值!G18 -> 224400 | H21: =半成品收拨取值!H18 -> 0 | I21: =半成品收拨取值!J18 -> 0 | J21: =半成品收拨取值!K18 -> 0 | K21: =半成品收拨取值!L18 -> 53588 | L21: =半成品收拨取值!M18 -> 0 | M21: =半成品收拨取值!N18 -> 5830 | N21: =_xlfn.IFERROR(SUM(O21,M21,K21,I21,H21,G21)-SUM(D21,E21,F21,J21,L21),0) -> 17 | O21: =半成品收拨取值!P18 -> 1977 | P21: =_xlfn.IFERROR(SUM(D21,E21,F21,J21,L21,N21)-SUM(M21,K21,I21,H21,G21),0) -> 1977 | Q21: =P21-O21 -> 0
B22: 四、粗硫磺 | C22: 吨 | D22: =半成品收拨取值!C19 -> 0 | E22: =半成品收拨取值!D19 -> 0 | F22: =半成品收拨取值!E19 -> 3393 | G22: =半成品收拨取值!G19 -> 3194 | H22: =半成品收拨取值!H19 -> 0 | I22: =半成品收拨取值!J19 -> 0 | J22: =半成品收拨取值!K19 -> 0 | K22: =半成品收拨取值!L19 -> 0 | L22: =半成品收拨取值!M19 -> 0 | M22: =半成品收拨取值!N19 -> 0 | N22: =_xlfn.IFERROR(SUM(O22,M22,K22,I22,H22,G22)-SUM(D22,E22,F22,J22,L22),0) -> -199 | O22: =半成品收拨取值!P19 -> 0 | P22: =_xlfn.IFERROR(SUM(D22,E22,F22,J22,L22,N22)-SUM(M22,K22,I22,H22,G22),0) -> 0 | Q22: =P22-O22 -> 0
B23: 五、次品 | D23: =半成品收拨取值!C20 -> 0 | E23: =半成品收拨取值!D20 -> 0 | F23: =半成品收拨取值!E20 -> 0 | G23: =半成品收拨取值!G20 -> 0 | H23: =半成品收拨取值!H20 -> 0 | I23: =半成品收拨取值!J20 -> 0 | J23: =半成品收拨取值!K20 -> 0 | K23: =半成品收拨取值!L20 -> 0 | L23: =半成品收拨取值!M20 -> 0 | M23: =半成品收拨取值!N20 -> 0 | O23: =半成品收拨取值!P20 -> 0 | P23: =_xlfn.IFERROR(SUM(D23,E23,F23,J23,L23,N23)-SUM(M23,K23,I23,H23,G23),0) -> 0
B24: 其中：不合格汽油（C6） | C24: 吨 | D24: =半成品收拨取值!C21 -> 0 | E24: =半成品收拨取值!D21 -> 0 | F24: =半成品收拨取值!E21 -> 854 | G24: =半成品收拨取值!G21 -> 0 | H24: =半成品收拨取值!H21 -> 0 | I24: =半成品收拨取值!J21 -> 0 | J24: =半成品收拨取值!K21 -> 0 | K24: =半成品收拨取值!L21 -> 0 | L24: =半成品收拨取值!M21 -> 0 | M24: =半成品收拨取值!N21 -> 854 | N24: =_xlfn.IFERROR(SUM(O24,M24,K24,I24,H24,G24)-SUM(D24,E24,F24,J24,L24),0) -> 0 | O24: =半成品收拨取值!P21 -> 0 | P24: =_xlfn.IFERROR(SUM(D24,E24,F24,J24,L24,N24)-SUM(M24,K24,I24,H24,G24),0) -> 0 | Q24: =P24-O24 -> 0
B25: 不合格柴油 | C25: 吨 | D25: =半成品收拨取值!C22 -> 0 | E25: =半成品收拨取值!D22 -> 0 | F25: =半成品收拨取值!E22 -> 2533.8 | G25: =半成品收拨取值!G22 -> 0 | H25: =半成品收拨取值!H22 -> 0 | I25: =半成品收拨取值!J22 -> 0 | J25: =半成品收拨取值!K22 -> 0 | K25: =半成品收拨取值!L22 -> 0 | L25: =半成品收拨取值!M22 -> 0 | M25: =半成品收拨取值!N22 -> 2534 | N25: =_xlfn.IFERROR(SUM(O25,M25,K25,I25,H25,G25)-SUM(D25,E25,F25,J25,L25),0) -> 0.2 | O25: =半成品收拨取值!P22 -> 0 | P25: =_xlfn.IFERROR(SUM(D25,E25,F25,J25,L25,N25)-SUM(M25,K25,I25,H25,G25),0) -> 0 | Q25: =P25-O25 -> 0
B26: 轻污油（石化厂） | C26: 吨 | D26: =半成品收拨取值!C23 -> 1687 | E26: =半成品收拨取值!D23 -> 0 | F26: =半成品收拨取值!E23 -> 13851 | G26: =半成品收拨取值!G23 -> 0 | H26: =半成品收拨取值!H23 -> 0 | I26: =半成品收拨取值!J23 -> 0 | J26: =半成品收拨取值!K23 -> 0 | K26: =半成品收拨取值!L23 -> 0 | L26: =半成品收拨取值!M23 -> 0 | M26: =半成品收拨取值!N23 -> 11946 | N26: =_xlfn.IFERROR(SUM(O26,M26,K26,I26,H26,G26)-SUM(D26,E26,F26,J26,L26),0) -> -3068 | O26: =半成品收拨取值!P23 -> 524 | P26: =_xlfn.IFERROR(SUM(D26,E26,F26,J26,L26,N26)-SUM(M26,K26,I26,H26,G26),0) -> 524 | Q26: =P26-O26 -> 0
B27: 轻污油（轻烃） | C27: 吨 | D27: =半成品收拨取值!C24 -> 573 | E27: =半成品收拨取值!D24 -> 0 | F27: =半成品收拨取值!E24 -> 323 | G27: =半成品收拨取值!G24 -> 0 | H27: =半成品收拨取值!H24 -> 0 | I27: =半成品收拨取值!J24 -> 0 | J27: =半成品收拨取值!K24 -> 0 | K27: =半成品收拨取值!L24 -> 0 | L27: =半成品收拨取值!M24 -> 0 | M27: =半成品收拨取值!N24 -> 486 | N27: =_xlfn.IFERROR(SUM(O27,M27,K27,I27,H27,G27)-SUM(D27,E27,F27,J27,L27),0) -> 980 | O27: =半成品收拨取值!P24 -> 1390 | P27: =_xlfn.IFERROR(SUM(D27,E27,F27,J27,L27,N27)-SUM(M27,K27,I27,H27,G27),0) -> 1390 | Q27: =P27-O27 -> 0
B28: 污水车间污油 | D28: =半成品收拨取值!C25 -> 0 | E28: =半成品收拨取值!D25 -> 0 | F28: =半成品收拨取值!E25 -> 0 | G28: =半成品收拨取值!G25 -> 0 | H28: =半成品收拨取值!H25 -> 0 | I28: =半成品收拨取值!J25 -> 0 | J28: =半成品收拨取值!K25 -> 0 | K28: =半成品收拨取值!L25 -> 0 | L28: =半成品收拨取值!M25 -> 0 | M28: =半成品收拨取值!N25 -> 0 | O28: =半成品收拨取值!P25 -> 0
B29: 备 注 | C29: =半成品收拨取值!C26 -> 0

Sheet 半成品收拨取值
A1: 指标名称 | B1: 单位 | C1: 期初库存 | D1: 外购量 | E1: 生产量 | F1: 成品交库 | G1: 装置 加工量 | H1: 销 售 | I1: 油品调合 | J1: 生产自用 | K1: 内部调拨量 | M1: 内移量 | O1: 盈（+） | P1: 期末库存
K2: 调入 | L2: 调出 | M2: 移进 | N2: 移出 | O2: 亏（-）
A3: 一、汽油
A4: 其中:重整精制油 | C4: 7277 | E4: 1849 | G4: 1777 | M4: 0 | N4: 0 | P4: 7410
A5: C6馏分 | C5: 0 | E5: 187561 | G5: 187561
A6: 粗汽油 | C6: 0 | E6: 121561 | N6: 121561
A7: 柴油精制石脑油 | C7: 0 | E7: 74643 | N7: 74643
A8: 二、液化气
A9: 其中：饱和液化气 | E9: 69265 | G9: 110180 | J9: 4107 | K9: 54059 | M9: 65158 | N9: 65158
A10: 重整液化气 | C10: 1164 | D10: 0 | E10: 69265 | G10: 110180 | J10: 4107 | K10: 54059 | L10: 6846 | M10: 65158 | N10: 65158 | P10: 721
A11: 丙烷 | C11: 996 | E11: 81368 | G11: 85819 | J11: 6451 | K11: 30403 | L11: 20852 | M11: 0 | N11: 800 | P11: 1034
A12: 醚后C4 | C12: 1095 | E12: 558139 | G12: 565774 | K12: 74611 | L12: 68876 | M12: 4343 | N12: 3010 | P12: 1130
A13: 精制液化气 | C13: 2202 | E13: 656868 | G13: 662215 | M13: 5830 | N13: 0 | P13: 2336
A14: 气分C4馏分 | C14: 437 | E14: 385084 | G14: 382615 | L14: 14274 | M14: 3110 | N14: 843 | P14: 894
A15: 烷基化C4 | C15: 613 | E15: 61856 | G15: 132805 | L15: 2999 | M15: 74490.86 | N15: 0 | P15: 556
A16: 富异丁烯 | C16: 244 | E16: 288599 | G16: 286232 | L16: 0 | P16: 332
A17: 再生C4 | C17: 0 | E17: 66081 | G17: 66081
A18: 三、丙烯 | C18: 2301 | E18: 283477 | G18: 224400 | L18: 53588 | M18: 0 | N18: 5830 | P18: 1977
A19: 四、粗硫磺 | C19: 0 | E19: 3393 | G19: 3194 | P19: 0
A20: 五、次品
A21: 其中：不合格汽油（C6） | C21: 0 | E21: 854 | G21: 0 | L21: 0 | M21: 0 | N21: 854
A22: 不合格柴油 | C22: 0 | E22: 2533.8 | G22: 0 | M22: 0 | N22: 2534
A23: 轻污油（石化厂） | C23: 1687 | E23: 13851 | G23: 0 | M23: 0 | N23: 11946 | P23: 524
A24: 轻污油（轻烃） | C24: 573 | E24: 323 | G24: 0 | N24: 486 | P24: 1390
A25: 污水车间污油 | E25: 0 | G25: 0
A27: 报表生成时间： | B27: 2026-01-01 | C27: 8:00:00
