Workbook

Sheet 原料、成品收拨平衡表（本年累计）
B2: 原料、成品收拨平衡表（本年累计）
B3: 填报单位：延安炼油厂 | H3: 日期： | J3: 2025-12 | P3: 陕油炼计统B205表 | Q3: 陕油炼计统B205表 | R3: 陕油炼计统B205表
B4: 指标名称 | C4: 单位 | D4: 期初 | E4: 外购量 | F4: 生产量 | G4: 成品 | H4: 装置 | I4: 销售 | J4: 油品 | K4: 生产 | L4: 内部调拨量 | N4: 内移量 | O4: 内移量 | P4: 盈（+） | Q4: 期末 | R4: 备 注
B5: 指标名称 | C5: 单位 | D5: 库存 | E5: 外购量 | F5: 生产量 | G5: 交库 | H5: 加工量 | I5: 销售 | J5: 调合 | K5: 自用 | L5: 调入 | M5: 调出 | N5: 移进 | O5: 移出 | P5: 亏（-） | Q5: 库存 | R5: 备 注
B6: 一、原料
B7: 原油 | C7: 吨 | D7: =_xlfn.IFERROR(取值!D7,0) -> 86399 | E7: =_xlfn.IFERROR(取值!E7,0) -> 6289398.4 | F7: =_xlfn.IFERROR(取值!F7,0) -> 0 | G7: =_xlfn.IFERROR(取值!G7,0) -> 0 | H7: =_xlfn.IFERROR(取值!H7,0) -> 6294543 | I7: =_xlfn.IFERROR(取值!I7,0) -> 0 | J7: =_xlfn.IFERROR(取值!J7,0) -> 0 | K7: =_xlfn.IFERROR(取值!K7,0) -> 0 | ... O7: =_xlfn.IFERROR(取值!O7,0) -> 0 | P7: =_xlfn.IFERROR(SUM(Q7,O7,M7,K7,J7,I7,H7)-SUM(D7,E7,F7,G7,L7,N7),0) -> -16498.653 | Q7: =_xlfn.IFERROR(取值!Q7,0) -> 64831 | R7: =IF(取值!R7=0,"",取值!R7)
B8: 1#渣油 | C8: 吨 | D8: =_xlfn.IFERROR(取值!D8,0) -> 17937 | E8: =_xlfn.IFERROR(取值!E8,0) -> 0 | F8: =_xlfn.IFERROR(取值!F8,0) -> 3219561 | G8: =_xlfn.IFERROR(取值!G8,0) -> 0 | H8: =_xlfn.IFERROR(取值!H8,0) -> 3217197 | I8: =_xlfn.IFERROR(取值!I8,0) -> 0 | J8: =_xlfn.IFERROR(取值!J8,0) -> 0 | K8: =_xlfn.IFERROR(取值!K8,0) -> 0 | ... O8: =_xlfn.IFERROR(取值!O8,0) -> 0 | P8: =_xlfn.IFERROR(SUM(Q8,O8,M8,K8,J8,I8,H8)-SUM(D8,E8,F8,G8,L8,N8),0) -> -0.322 | Q8: =_xlfn.IFERROR(取值!Q8,0) -> 46026 | R8: =IF(取值!R8=0,"",取值!R8)
B9: 甲醇 | C9: 吨 | D9: =_xlfn.IFERROR(取值!D11,0) -> 1003 | E9: =_xlfn.IFERROR(取值!E11,0) -> 14876.06 | F9: =_xlfn.IFERROR(取值!F11,0) -> 0 | G9: =_xlfn.IFERROR(取值!G11,0) -> 0 | H9: =_xlfn.IFERROR(取值!H11,0) -> 14925 | I9: =_xlfn.IFERROR(取值!I11,0) -> 0 | J9: =_xlfn.IFERROR(取值!J11,0) -> 0 | K9: =_xlfn.IFERROR(取值!K11,0) -> 0 | ... O9: =_xlfn.IFERROR(取值!O11,0) -> 0 | P9: =_xlfn.IFERROR(SUM(Q9,O9,M9,K9,J9,I9,H9)-SUM(D9,E9,F9,G9,L9,N9),0) -> -0.06 | Q9: =_xlfn.IFERROR(取值!Q11,0) -> 954 | R9: =IF(取值!R11=0,"",取值!R11)
B10: 醋酸 | C10: 吨 | D10: =_xlfn.IFERROR(取值!D12,0) -> 751 | E10: =_xlfn.IFERROR(取值!E12,0) -> 28048 | F10: =_xlfn.IFERROR(取值!F12,0) -> 0 | G10: =_xlfn.IFERROR(取值!G12,0) -> 0 | H10: =_xlfn.IFERROR(取值!H12,0) -> 27999 | I10: =_xlfn.IFERROR(取值!I12,0) -> 0 | J10: =_xlfn.IFERROR(取值!J12,0) -> 0 | K10: =_xlfn.IFERROR(取值!K12,0) -> 0 | ... O10: =_xlfn.IFERROR(取值!O12,0) -> 0 | P10: =_xlfn.IFERROR(SUM(Q10,O10,M10,K10,J10,I10,H10)-SUM(D10,E10,F10,G10,L10,N10),0) -> 0 | Q10: =_xlfn.IFERROR(取值!Q12,0) -> 800 | R10: =IF(取值!R12=0,"",取值!R12)
B11: DCC裂解石脑油 | C11: 吨
B12: VGO（减压渣油） | C12: 吨
B13: 沥青 | C13: 吨
B14: 罚没油 | C14: 吨
B15: 二、成品
B16: 汽油 | C16: 吨 | D16: =_xlfn.IFERROR(取值!D14,0) -> 16548 | E16: =_xlfn.IFERROR(取值!E14,0) -> 0 | F16: =_xlfn.IFERROR(取值!F14,0) -> 3152292 | G16: =_xlfn.IFERROR(取值!G14,0) -> 0 | H16: =_xlfn.IFERROR(取值!H14,0) -> 0 | I16: =_xlfn.IFERROR(取值!I14,0) -> 3151601.4 | J16: =_xlfn.IFERROR(取值!J14,0) -> 0 | K16: =_xlfn.IFERROR(取值!K14,0) -> 0 | ... O16: =_xlfn.IFERROR(取值!O14,0) -> 16210 | P16: =_xlfn.IFERROR(SUM(Q16,O16,M16,K16,J16,I16,H16)-SUM(D16,E16,F16,G16,L16,N16),0) -> 5093.43 | Q16: =_xlfn.IFERROR(取值!Q14,0) -> 22332 | R16: =IF(取值!R14=0,"",取值!R14)
B17: 92# | C17: 吨 | D17: =_xlfn.IFERROR(取值!D17,0) -> 10077 | E17: =_xlfn.IFERROR(取值!E17,0) -> 0 | F17: =_xlfn.IFERROR(取值!F17,0) -> 1788672 | G17: =_xlfn.IFERROR(取值!G17,0) -> 0 | H17: =_xlfn.IFERROR(取值!H17,0) -> 0 | I17: =_xlfn.IFERROR(取值!I17,0) -> 1794865.8 | J17: =_xlfn.IFERROR(取值!J17,0) -> 0 | K17: =_xlfn.IFERROR(取值!K17,0) -> 0 | ... O17: =_xlfn.IFERROR(取值!O17,0) -> 8105 | P17: =_xlfn.IFERROR(SUM(Q17,O17,M17,K17,J17,I17,H17)-SUM(D17,E17,F17,G17,L17,N17),0) -> 6205.84 | Q17: =_xlfn.IFERROR(取值!Q17,0) -> 10089 | R17: =IF(取值!R17=0,"",取值!R17)
B18: 95# | C18: 吨 | D18: =_xlfn.IFERROR(取值!D18,0) -> 6471 | E18: =_xlfn.IFERROR(取值!E18,0) -> 0 | F18: =_xlfn.IFERROR(取值!F18,0) -> 1338521 | G18: =_xlfn.IFERROR(取值!G18,0) -> 0 | H18: =_xlfn.IFERROR(取值!H18,0) -> 0 | I18: =_xlfn.IFERROR(取值!I18,0) -> 1331636.4 | J18: =_xlfn.IFERROR(取值!J18,0) -> 0 | K18: =_xlfn.IFERROR(取值!K18,0) -> 0 | ... O18: =_xlfn.IFERROR(取值!O18,0) -> 8105 | P18: =_xlfn.IFERROR(SUM(Q18,O18,M18,K18,J18,I18,H18)-SUM(D18,E18,F18,G18,L18,N18),0) -> -1112.57 | Q18: =_xlfn.IFERROR(取值!Q18,0) -> 12243 | R18: =IF(取值!R18=0,"",取值!R18)
B19: 98# | C19: 吨 | D19: =_xlfn.IFERROR(取值!D16,0) -> 0 | E19: =_xlfn.IFERROR(取值!E16,0) -> 0 | F19: =_xlfn.IFERROR(取值!F16,0) -> 25099 | G19: =_xlfn.IFERROR(取值!G16,0) -> 0 | H19: =_xlfn.IFERROR(取值!H16,0) -> 0 | I19: =_xlfn.IFERROR(取值!I16,0) -> 25099 | J19: =_xlfn.IFERROR(取值!J16,0) -> 0 | K19: =_xlfn.IFERROR(取值!K16,0) -> 0 | ... O19: =_xlfn.IFERROR(取值!O16,0) -> 0 | P19: =_xlfn.IFERROR(SUM(Q19,O19,M19,K19,J19,I19,H19)-SUM(D19,E19,F19,G19,L19,N19),0) -> 0 | Q19: =_xlfn.IFERROR(取值!Q16,0) -> 0 | R19: =IF(取值!R16=0,"",取值!R16)
B20: 柴油 | C20: 吨 | D20: =_xlfn.IFERROR(取值!D19,0) -> 21731 | E20: =_xlfn.IFERROR(取值!E19,0) -> 0 | F20: =_xlfn.IFERROR(取值!F19,0) -> 2575563 | G20: =_xlfn.IFERROR(取值!G19,0) -> 0 | H20: =_xlfn.IFERROR(取值!H19,0) -> 0 | I20: =_xlfn.IFERROR(取值!I19,0) -> 2590713 | J20: =_xlfn.IFERROR(取值!J19,0) -> 0 | K20: =_xlfn.IFERROR(取值!K19,0) -> 3.98 | ... O20: =_xlfn.IFERROR(取值!O19,0) -> 0 | P20: =_xlfn.IFERROR(SUM(Q20,O20,M20,K20,J20,I20,H20)-SUM(D20,E20,F20,G20,L20,N20),0) -> 4801.997 | Q20: =_xlfn.IFERROR(取值!Q19,0) -> 10548 | R20: =IF(取值!R19=0,"",取值!R19)
B21: 0# | C21: 吨 | D21: =_xlfn.IFERROR(取值!D22,0) -> 21731 | E21: =_xlfn.IFERROR(取值!E22,0) -> 0 | F21: =_xlfn.IFERROR(取值!F22,0) -> 2575563 | G21: =_xlfn.IFERROR(取值!G22,0) -> 0 | H21: =_xlfn.IFERROR(取值!H22,0) -> 0 | I21: =_xlfn.IFERROR(取值!I22,0) -> 2590713 | J21: =_xlfn.IFERROR(取值!J22,0) -> 0 | K21: =_xlfn.IFERROR(取值!K22,0) -> 3.98 | ... O21: =_xlfn.IFERROR(取值!O22,0) -> 0 | P21: =_xlfn.IFERROR(SUM(Q21,O21,M21,K21,J21,I21,H21)-SUM(D21,E21,F21,G21,L21,N21),0) -> 4801.997 | Q21: =_xlfn.IFERROR(取值!Q22,0) -> 10548 | R21: =IF(取值!R22=0,"",取值!R22)
B22: -10# | C22: 吨 | D22: =_xlfn.IFERROR(取值!D24,0) -> 0 | E22: =_xlfn.IFERROR(取值!E24,0) -> 0 | F22: =_xlfn.IFERROR(取值!F24,0) -> 0 | G22: =_xlfn.IFERROR(取值!G24,0) -> 0 | H22: =_xlfn.IFERROR(取值!H24,0) -> 0 | I22: =_xlfn.IFERROR(取值!I24,0) -> 0 | J22: =_xlfn.IFERROR(取值!J24,0) -> 0 | K22: =_xlfn.IFERROR(取值!K24,0) -> 0 | ... O22: =_xlfn.IFERROR(取值!O24,0) -> 0 | P22: =_xlfn.IFERROR(SUM(Q22,O22,M22,K22,J22,I22,H22)-SUM(D22,E22,F22,G22,L22,N22),0) -> 0 | Q22: =_xlfn.IFERROR(取值!Q24,0) -> 0 | R22: =IF(取值!R24=0,"",取值!R24)
B23: -20# | C23: 吨
B24: -35# | C24: 吨
B25: 聚丙烯 | C25: 吨 | D25: =_xlfn.IFERROR(取值!D27,0) -> 501 | E25: =_xlfn.IFERROR(取值!E27,0) -> 0 | F25: =_xlfn.IFERROR(取值!F27,0) -> 103425 | G25: =_xlfn.IFERROR(取值!G27,0) -> 0 | H25: =_xlfn.IFERROR(取值!H27,0) -> 0 | I25: =_xlfn.IFERROR(取值!I27,0) -> 103015 | J25: =_xlfn.IFERROR(取值!J27,0) -> 0 | K25: =_xlfn.IFERROR(取值!K27,0) -> 0 | ... O25: =_xlfn.IFERROR(取值!O27,0) -> 0 | P25: =_xlfn.IFERROR(SUM(Q25,O25,M25,K25,J25,I25,H25)-SUM(D25,E25,F25,G25,L25,N25),0) -> 0 | Q25: =_xlfn.IFERROR(取值!Q27,0) -> 911 | R25: =IF(取值!R27=0,"",取值!R27)
B26: 苯乙烯焦油 | C26: 吨
B27: 苯乙烯 | C27: 吨 | D27: =_xlfn.IFERROR(取值!D28,0) -> 2091 | E27: =_xlfn.IFERROR(取值!E28,0) -> 0 | F27: =_xlfn.IFERROR(取值!F28,0) -> 59047 | G27: =_xlfn.IFERROR(取值!G28,0) -> 0 | H27: =_xlfn.IFERROR(取值!H28,0) -> 0 | I27: =_xlfn.IFERROR(取值!I28,0) -> 58520.48 | J27: =_xlfn.IFERROR(取值!J28,0) -> 0 | K27: =_xlfn.IFERROR(取值!K28,0) -> 0 | ... O27: =_xlfn.IFERROR(取值!O28,0) -> 0 | P27: =_xlfn.IFERROR(SUM(Q27,O27,M27,K27,J27,I27,H27)-SUM(D27,E27,F27,G27,L27,N27),0) -> -0.12 | Q27: =_xlfn.IFERROR(取值!Q28,0) -> 2617.4 | R27: =IF(取值!R28=0,"",取值!R28)
B28: 3#喷气燃料 | C28: 吨 | D28: =_xlfn.IFERROR(取值!D25,0) -> 30059 | E28: =_xlfn.IFERROR(取值!E25,0) -> 0 | F28: =_xlfn.IFERROR(取值!F25,0) -> 0 | G28: =_xlfn.IFERROR(取值!G25,0) -> 127332 | H28: =_xlfn.IFERROR(取值!H25,0) -> 0 | I28: =_xlfn.IFERROR(取值!I25,0) -> 119058 | J28: =_xlfn.IFERROR(取值!J25,0) -> 0 | K28: =_xlfn.IFERROR(取值!K25,0) -> 0 | ... O28: =_xlfn.IFERROR(取值!O25,0) -> 425 | P28: =_xlfn.IFERROR(SUM(Q28,O28,M28,K28,J28,I28,H28)-SUM(D28,E28,F28,G28,L28,N28),0) -> 0 | Q28: =_xlfn.IFERROR(取值!Q25,0) -> 37908 | R28: =IF(取值!R25=0,"",取值!R25)
B29: 粗硫磺 | C29: 吨 | D29: =_xlfn.IFERROR(取值!D35,0) -> 0 | E29: =_xlfn.IFERROR(取值!E35,0) -> 0 | F29: =_xlfn.IFERROR(取值!F35,0) -> 0 | G29: =_xlfn.IFERROR(取值!G35,0) -> 4597 | H29: =_xlfn.IFERROR(取值!H35,0) -> 0 | I29: =_xlfn.IFERROR(取值!I35,0) -> 4597 | J29: =_xlfn.IFERROR(取值!J35,0) -> 0 | K29: =_xlfn.IFERROR(取值!K35,0) -> 0 | ... O29: =_xlfn.IFERROR(取值!O35,0) -> 0 | P29: =_xlfn.IFERROR(SUM(Q29,O29,M29,K29,J29,I29,H29)-SUM(D29,E29,F29,G29,L29,N29),0) -> 0 | Q29: =_xlfn.IFERROR(取值!Q35,0) -> 0 | R29: =IF(取值!R35=0,"",取值!R35)
B30: 精制粗硫磺 | C30: 吨
B31: 醋酸仲丁酯 | C31: 吨 | D31: =_xlfn.IFERROR(取值!D33,0) -> 953 | E31: =_xlfn.IFERROR(取值!E33,0) -> 0 | F31: =_xlfn.IFERROR(取值!F33,0) -> 52640 | G31: =_xlfn.IFERROR(取值!G33,0) -> 0 | H31: =_xlfn.IFERROR(取值!H33,0) -> 0 | I31: =_xlfn.IFERROR(取值!I33,0) -> 52676 | J31: =_xlfn.IFERROR(取值!J33,0) -> 0 | K31: =_xlfn.IFERROR(取值!K33,0) -> 0 | ... O31: =_xlfn.IFERROR(取值!O33,0) -> 0 | P31: =_xlfn.IFERROR(SUM(Q31,O31,M31,K31,J31,I31,H31)-SUM(D31,E31,F31,G31,L31,N31),0) -> 0 | Q31: =_xlfn.IFERROR(取值!Q33,0) -> 917 | R31: =IF(取值!R33=0,"",取值!R33)
B32: 石脑油Ⅲ | C32: 吨 | D32: =取值!D34 -> 535 | E32: =取值!E34 -> 0 | F32: =取值!F34 -> 27456 | G32: =取值!G34 -> 0 | H32: =取值!H34 -> 0 | I32: =取值!I34 -> 27051.92 | J32: =取值!J34 -> 0 | K32: =取值!K34 -> 0 | ... O32: =取值!O34 -> 0 | P32: =_xlfn.IFERROR(SUM(Q32,O32,M32,K32,J32,I32,H32)-SUM(D32,E32,F32,G32,L32,N32),0) -> -0.08 | Q32: =_xlfn.IFERROR(取值!Q34,0) -> 939
B33: 2#渣油 | C33: 吨 | D33: =_xlfn.IFERROR(取值!D31,0) -> 1338 | E33: =_xlfn.IFERROR(取值!E31,0) -> 0 | F33: =_xlfn.IFERROR(取值!F31,0) -> 23244 | G33: =_xlfn.IFERROR(取值!G31,0) -> 0 | H33: =_xlfn.IFERROR(取值!H31,0) -> 0 | I33: =_xlfn.IFERROR(取值!I31,0) -> 23150.62 | J33: =_xlfn.IFERROR(取值!J31,0) -> 0 | K33: =_xlfn.IFERROR(取值!K31,0) -> 0 | ... O33: =_xlfn.IFERROR(取值!O31,0) -> 0 | P33: =_xlfn.IFERROR(SUM(Q33,O33,M33,K33,J33,I33,H33)-SUM(D33,E33,F33,G33,L33,N33),0) -> -0.88 | Q33: =_xlfn.IFERROR(取值!Q31,0) -> 1430.5 | R33: =IF(取值!R31=0,"",取值!R31)
B34: 硫酸铵 | C34: 吨 | D34: =_xlfn.IFERROR(取值!D32,0) -> 0 | E34: =_xlfn.IFERROR(取值!E32,0) -> 0 | F34: =_xlfn.IFERROR(取值!F32,0) -> 207.14 | G34: =_xlfn.IFERROR(取值!G32,0) -> 0 | H34: =_xlfn.IFERROR(取值!H32,0) -> 0 | I34: =_xlfn.IFERROR(取值!I32,0) -> 177.14 | J34: =_xlfn.IFERROR(取值!J32,0) -> 0 | K34: =_xlfn.IFERROR(取值!K32,0) -> 0 | ... O34: =_xlfn.IFERROR(取值!O32,0) -> 0 | P34: =_xlfn.IFERROR(SUM(Q34,O34,M34,K34,J34,I34,H34)-SUM(D34,E34,F34,G34,L34,N34),0) -> 0 | Q34: =_xlfn.IFERROR(取值!Q32,0) -> 30 | R34: =IF(取值!R32=0,"",取值!R32)
B35: 液氮 | C35: 吨
B36: 粗白油 | C36: 吨
B37: 液氨 | C37: 吨
B38: 煤液化沥青 | C38: 吨
B39: 含固渣油 | C39: 吨
B40: 单位负责人： | D40: 王静 | H40: 填报人： | J40: 黄宏飞 | P40: 报出日期： | R40: =_xlfn.IFERROR(取值!B3,"") -> 46022

Sheet 取值
A1: 报表生成时间： | B1: 2025-12 | C1: 8:00:00
B2: =EDATE(B1,1) -> 46023
B3: =B2-1 -> 46022
D7: 86399 | E7: 6289398.4 | F7: 0 | G7: 0 | H7: 6294543 | J7: 0 | K7: 0 | L7: 0 | M7: 0 | N7: 75.27 | O7: 0 | Q7: 64831
D8: 17937 | E8: 0 | F8: 3219561 | G8: 0 | H8: 3217197 | J8: 0 | K8: 0 | L8: 25725.322 | M8: 0 | N8: 0 | O8: 0 | Q8: 46026
D11: 1003 | E11: 14876.06 | F11: 0 | G11: 0 | H11: 14925 | J11: 0 | K11: 0 | L11: 0 | M11: 0 | N11: 0 | O11: 0 | Q11: 954
D12: 751 | E12: 28048 | F12: 0 | G12: 0 | H12: 27999 | I12: 0 | J12: 0 | K12: 0 | L12: 0 | M12: 0 | N12: 0 | O12: 0 | Q12: 800
D14: 16548 | E14: 0 | F14: 3152292 | H14: 0 | I14: 3151601.4 | J14: 0 | K14: 0 | L14: 0 | M14: 0 | N14: 16210 | O14: 16210 | Q14: 22332
D16: 0 | E16: 0 | F16: 25099 | H16: 0 | I16: 25099 | J16: 0 | K16: 0 | L16: 0 | M16: 0 | N16: 0 | O16: 0 | Q16: 0
D17: 10077 | E17: 0 | F17: 1788672 | H17: 0 | I17: 1794865.8 | J17: 0 | K17: 0 | L17: 0 | M17: 0 | N17: 8105 | O17: 8105 | Q17: 10089
D18: 6471 | E18: 0 | F18: 1338521 | H18: 0 | I18: 1331636.4 | J18: 0 | K18: 0 | L18: 0 | M18: 0 | N18: 8105 | O18: 8105 | Q18: 12243
D19: 21731 | E19: 0 | F19: 2575563 | H19: 0 | I19: 2590713 | J19: 0 | K19: 3.98 | L19: 0 | M19: 831.02 | N19: 0 | O19: 0 | Q19: 10548
D22: 21731 | E22: 0 | F22: 2575563 | H22: 0 | I22: 2590713 | J22: 0 | K22: 3.98 | L22: 0 | M22: 831.02 | N22: 0 | O22: 0 | Q22: 10548
D24: 0 | E24: 0 | F24: 0 | H24: 0 | I24: 0 | J24: 0 | K24: 0 | L24: 0 | M24: 0 | N24: 0 | O24: 0 | Q24: 0
D25: 30059 | E25: 0 | F25: 0 | G25: 127332 | H25: 0 | I25: 119058 | J25: 0 | K25: 0 | L25: 0 | M25: 0 | N25: 0 | O25: 425 | Q25: 37908
D27: 501 | F27: 103425 | I27: 103015 | Q27: 911
D28: 2091 | E28: 0 | F28: 59047 | G28: 0 | H28: 0 | I28: 58520.48 | J28: 0 | K28: 0 | L28: 0 | M28: 0 | N28: 0 | O28: 0 | Q28: 2617.4
D31: 1338 | E31: 0 | F31: 23244 | G31: 0 | H31: 0 | I31: 23150.62 | J31: 0 | K31: 0 | L31: 0 | M31: 0 | N31: 0 | O31: 0 | Q31: 1430.5
D32: 0 | F32: 207.14 | I32: 177.14 | Q32: 30
D33: 953 | F33: 52640 | I33: 52676 | L33: 0 | M33: 0 | N33: 0 | O33: 0 | Q33: 917
D34: 535 | E34: 0 | F34: 27456 | G34: 0 | H34: 0 | I34: 27051.92 | J34: 0 | K34: 0 | Q34: 939
G35: 4597 | I35: 4597
D38: 王静
D39: 黄宏飞
