Workbook

Sheet 延安炼油厂装置生产完成情况表（一）
B2: 延安炼油厂装置生产完成情况表（一）
B3: 填报单位：生产计划部 | H3: 日期： | I3: 2025-12 | M3: 陕油延炼计统YB106-1表
B4: 装置名称 | C4: 指标名称 | D4: 产量（吨） | F4: 收率（％） | H4: 去年同期 | J4: 装置名称 | K4: 指标名称 | L4: 产量（吨） | N4: 收率（％） | P4: 去年同期
D5: 本 月 | E5: 累 计 | F5: 本 月 | G5: 平 均 | H5: 产量 | I5: 收 率 | L5: 本 月 | M5: 累 计 | N5: 本 月 | O5: 平 均 | P5: 产量 | Q5: 收 率
B6: 常 压 装 置 合 计 | C6: 原料处理量 | D6: =_xlfn.IFERROR(SUM(IF(L6="",0,L6),IF(D18="",0,D18)),"") -> 504164 | E6: =_xlfn.IFERROR(SUM(IF(M6="",0,M6),IF(E18="",0,E18)),"") -> 6409543 | F6: / | G6: / | H6: =_xlfn.IFERROR(SUM(IF(P6="",0,P6),IF(H18="",0,H18)),"") -> 506558 | I6: / | J6: 300 万 常 压 装 置 | K6: 原料处理量 | L6: =_xlfn.IFERROR(SUM(L7:L8),"") -> 279009 | M6: =_xlfn.IFERROR(SUM(L6,取值!M7),"") -> 3555204 | N6: / | O6: / | P6: =取值!P7 -> 290664 | Q6: /
C7: 其中：原油 | D7: =_xlfn.IFERROR(SUM(IF(L7="",0,L7),IF(D19="",0,D19)),"") -> 504164 | E7: =_xlfn.IFERROR(SUM(IF(M7="",0,M7),IF(E19="",0,E19)),"") -> 6409543 | F7: / | G7: / | H7: =_xlfn.IFERROR(SUM(IF(P7="",0,P7),IF(H19="",0,H19)),"") -> 506558 | I7: / | K7: 其中：原油 | L7: =取值!L7 -> 279009 | M7: =_xlfn.IFERROR(SUM(L7,取值!M8),"") -> 3555204 | N7: / | O7: / | P7: =取值!P8 -> 290664 | Q7: /
C8: 回炼量 | D8: =_xlfn.IFERROR(SUM(IF(L8="",0,L8),IF(D20="",0,D20)),"") -> 0 | E8: =_xlfn.IFERROR(SUM(IF(M8="",0,M8),IF(E20="",0,E20)),"") -> 0 | F8: / | G8: / | H8: =_xlfn.IFERROR(SUM(IF(P8="",0,P8),IF(H20="",0,H20)),"") -> 0 | I8: / | K8: 回炼量 | L8: =取值!L8 -> 0 | M8: =_xlfn.IFERROR(SUM(L8,取值!M9),"") -> 0 | N8: / | O8: / | P8: =取值!P9 -> 0 | Q8: /
C9: 轻质油产量 | D9: =_xlfn.IFERROR(SUM(IF(L9="",0,L9),IF(D21="",0,D21)),"") -> 245435 | E9: =_xlfn.IFERROR(SUM(IF(M9="",0,M9),IF(E21="",0,E21)),"") -> 3113595 | F9: =_xlfn.IFERROR(D9/D6*100,0) -> 48.68158 | G9: =_xlfn.IFERROR(E9/E6*100,0) -> 48.577488 | H9: =_xlfn.IFERROR(SUM(IF(P9="",0,P9),IF(H21="",0,H21)),"") -> 246296 | I9: =_xlfn.IFERROR(H9/H6*100,0) -> 48.621481 | K9: 轻质油产量 | L9: =_xlfn.IFERROR(SUM(L10:L11),"") -> 136072 | M9: =_xlfn.IFERROR(SUM(L9,取值!M10),"") -> 1734980 | N9: =_xlfn.IFERROR(L9/L6*100,0) -> 48.769753 | O9: =_xlfn.IFERROR(M9/M6*100,0) -> 48.801138 | P9: =取值!P10 -> 141381 | Q9: =_xlfn.IFERROR(P9/P6*100,0) -> 48.640699
C10: 其中：常压石脑油 | D10: =_xlfn.IFERROR(SUM(IF(L10="",0,L10),IF(D22="",0,D22)),"") -> 77900 | E10: =_xlfn.IFERROR(SUM(IF(M10="",0,M10),IF(E22="",0,E22)),"") -> 950693 | F10: =_xlfn.IFERROR(D10/D6*100,0) -> 15.451321 | G10: =_xlfn.IFERROR(E10/E6*100,0) -> 14.832462 | H10: =_xlfn.IFERROR(SUM(IF(P10="",0,P10),IF(H22="",0,H22)),"") -> 74242 | I10: =_xlfn.IFERROR(H10/H6*100,0) -> 14.65617 | K10: 其中：常压石脑油 | L10: =取值!L10 -> 43578 | M10: =_xlfn.IFERROR(SUM(L10,取值!M11),"") -> 526897 | N10: =_xlfn.IFERROR(L10/L6*100,0) -> 15.618851 | O10: =_xlfn.IFERROR(M10/M6*100,0) -> 14.820443 | P10: =取值!P11 -> 42026 | Q10: =_xlfn.IFERROR(P10/P6*100,0) -> 14.458619
C11: 柴油合计 | D11: =_xlfn.IFERROR(SUM(IF(L11="",0,L11),IF(D23="",0,D23)),"") -> 167535 | E11: =_xlfn.IFERROR(SUM(IF(M11="",0,M11),IF(E23="",0,E23)),"") -> 2162902 | F11: =_xlfn.IFERROR(D11/D6*100,0) -> 33.230258 | G11: =_xlfn.IFERROR(E11/E6*100,0) -> 33.745027 | H11: =_xlfn.IFERROR(SUM(IF(P11="",0,P11),IF(H23="",0,H23)),"") -> 172054 | I11: =_xlfn.IFERROR(H11/H6*100,0) -> 33.965311 | K11: 柴油合计 | L11: =_xlfn.IFERROR(SUM(L12:L14),"") -> 92494 | M11: =_xlfn.IFERROR(SUM(L11,取值!M12),"") -> 1208083 | N11: =_xlfn.IFERROR(L11/L6*100,0) -> 33.150902 | O11: =_xlfn.IFERROR(M11/M6*100,0) -> 33.980694 | P11: =取值!P12 -> 99355 | Q11: =_xlfn.IFERROR(P11/P6*100,0) -> 34.18208
C12: 常一线油 | D12: =_xlfn.IFERROR(SUM(IF(L12="",0,L12),IF(D24="",0,D24)),"") -> 39546 | E12: =_xlfn.IFERROR(SUM(IF(M12="",0,M12),IF(E24="",0,E24)),"") -> 481048 | F12: =_xlfn.IFERROR(D12/D6*100,0) -> 7.8438762 | G12: =_xlfn.IFERROR(E12/E6*100,0) -> 7.5051841 | H12: =_xlfn.IFERROR(SUM(IF(P12="",0,P12),IF(H24="",0,H24)),"") -> 39201 | I12: =_xlfn.IFERROR(H12/H6*100,0) -> 7.7386992 | K12: 常一线油 | L12: =取值!L12 -> 24103 | M12: =_xlfn.IFERROR(SUM(L12,取值!M13),"") -> 297258 | N12: =_xlfn.IFERROR(L12/L6*100,0) -> 8.6387894 | O12: =_xlfn.IFERROR(M12/M6*100,0) -> 8.361208 | P12: =取值!P13 -> 25437 | Q12: =_xlfn.IFERROR(P12/P6*100,0) -> 8.7513418
C13: 常二线油 | D13: =_xlfn.IFERROR(SUM(IF(L13="",0,L13),IF(D25="",0,D25)),"") -> 45347 | E13: =_xlfn.IFERROR(SUM(IF(M13="",0,M13),IF(E25="",0,E25)),"") -> 613017 | F13: =_xlfn.IFERROR(D13/D6*100,0) -> 8.9944939 | G13: =_xlfn.IFERROR(E13/E6*100,0) -> 9.5641296 | H13: =_xlfn.IFERROR(SUM(IF(P13="",0,P13),IF(H25="",0,H25)),"") -> 45673 | I13: =_xlfn.IFERROR(H13/H6*100,0) -> 9.0163417 | K13: 常二线油 | L13: =取值!L13 -> 11175 | M13: =_xlfn.IFERROR(SUM(L13,取值!M14),"") -> 189143 | N13: =_xlfn.IFERROR(L13/L6*100,0) -> 4.0052471 | O13: =_xlfn.IFERROR(M13/M6*100,0) -> 5.3201729 | P13: =取值!P14 -> 15246 | Q13: =_xlfn.IFERROR(P13/P6*100,0) -> 5.2452316
C14: 常三线油 | D14: =_xlfn.IFERROR(SUM(IF(L14="",0,L14),IF(D26="",0,D26)),"") -> 82642 | E14: =_xlfn.IFERROR(SUM(IF(M14="",0,M14),IF(E26="",0,E26)),"") -> 1068837 | F14: =_xlfn.IFERROR(D14/D6*100,0) -> 16.391888 | G14: =_xlfn.IFERROR(E14/E6*100,0) -> 16.675713 | H14: =_xlfn.IFERROR(SUM(IF(P14="",0,P14),IF(H26="",0,H26)),"") -> 87180 | I14: =_xlfn.IFERROR(H14/H6*100,0) -> 17.21027 | K14: 常三线油 | L14: =取值!L14 -> 57216 | M14: =_xlfn.IFERROR(SUM(L14,取值!M15),"") -> 721682 | N14: =_xlfn.IFERROR(L14/L6*100,0) -> 20.506865 | O14: =_xlfn.IFERROR(M14/M6*100,0) -> 20.299313 | P14: =取值!P15 -> 58672 | Q14: =_xlfn.IFERROR(P14/P6*100,0) -> 20.185506
C15: 1#渣油产量 | D15: =_xlfn.IFERROR(SUM(IF(L15="",0,L15),IF(D27="",0,D27)),"") -> 256952 | E15: =_xlfn.IFERROR(SUM(IF(M15="",0,M15),IF(E27="",0,E27)),"") -> 3257686 | F15: =_xlfn.IFERROR(D15/D6*100,0) -> 50.965956 | G15: =_xlfn.IFERROR(E15/E6*100,0) -> 50.825558 | H15: =_xlfn.IFERROR(SUM(IF(P15="",0,P15),IF(H27="",0,H27)),"") -> 256774 | I15: =_xlfn.IFERROR(H15/H6*100,0) -> 50.689951 | K15: 1#渣油产量 | L15: =取值!L15 -> 142118 | M15: =_xlfn.IFERROR(SUM(L15,取值!M16),"") -> 1795463 | N15: =_xlfn.IFERROR(L15/L6*100,0) -> 50.936708 | O15: =_xlfn.IFERROR(M15/M6*100,0) -> 50.50239 | P15: =取值!P16 -> 146568 | Q15: =_xlfn.IFERROR(P15/P6*100,0) -> 50.425233
C16: 其中：自用 | D16: =_xlfn.IFERROR(SUM(IF(L16="",0,L16),IF(D28="",0,D28)),"") -> 0 | E16: =_xlfn.IFERROR(SUM(IF(M16="",0,M16),IF(E28="",0,E28)),"") -> 0 | F16: =_xlfn.IFERROR(D16/D6*100,0) -> 0 | G16: =_xlfn.IFERROR(E16/E6*100,0) -> 0 | H16: =_xlfn.IFERROR(SUM(IF(P16="",0,P16),IF(H28="",0,H28)),"") -> 0 | I16: =_xlfn.IFERROR(H16/H6*100,0) -> 0 | K16: 其中：自用 | L16: =取值!L16 -> 0 | M16: =_xlfn.IFERROR(SUM(L16,取值!M17),"") -> 0 | N16: =_xlfn.IFERROR(L16/L6*100,0) -> 0 | O16: / | P16: =取值!P17 -> 0 | Q16: /
C17: 加工损失 | D17: =_xlfn.IFERROR(SUM(IF(L17="",0,L17),IF(D29="",0,D29)),"") -> 1777 | E17: =_xlfn.IFERROR(SUM(IF(M17="",0,M17),IF(E29="",0,E29)),"") -> 38262 | F17: =_xlfn.IFERROR(D17/D6*100,0) -> 0.35246467 | G17: =_xlfn.IFERROR(E17/E6*100,0) -> 0.59695364 | H17: =_xlfn.IFERROR(SUM(IF(P17="",0,P17),IF(H29="",0,H29)),"") -> 3488 | I17: =_xlfn.IFERROR(H17/H6*100,0) -> 0.68856873 | K17: 加工损失 | L17: =_xlfn.IFERROR(L6-SUM(L10,L12,L13,L14,L15),"") -> 819 | M17: =_xlfn.IFERROR(SUM(L17,取值!M18),"") -> 24761 | N17: =_xlfn.IFERROR(L17/L6*100,0) -> 0.29353892 | O17: =_xlfn.IFERROR(M17/M6*100,0) -> 0.69647199 | P17: =取值!P18 -> 2715 | Q17: =_xlfn.IFERROR(P17/P6*100,0) -> 0.9340682
B18: 260 万 常 压 装 置 | C18: 原料处理量 | D18: =_xlfn.IFERROR(SUM(D19,D20),"") -> 225155 | E18: =_xlfn.IFERROR(SUM(D18,取值!D21),"") -> 2854339 | F18: =_xlfn.IFERROR(IF(F19="",0,F19),"") -> / | G18: =_xlfn.IFERROR(IF(G19="",0,G19),"") -> / | H18: =取值!H21 -> 215894 | I18: /
C19: 其中：原油 | D19: =取值!C21 -> 225155 | E19: =_xlfn.IFERROR(SUM(D19,取值!D22),"") -> 2854339 | F19: / | G19: / | H19: =取值!H22 -> 215894 | I19: /
C20: 回炼量 | D20: =取值!C22 -> 0 | E20: =_xlfn.IFERROR(SUM(D20,取值!D23),"") -> 0 | F20: / | G20: / | H20: =取值!H23 -> 0 | I20: /
C21: 轻质油产量 | D21: =_xlfn.IFERROR(SUM(D22:D23),"") -> 109363 | E21: =_xlfn.IFERROR(SUM(D21,取值!D24),"") -> 1378615 | F21: =_xlfn.IFERROR(D21/D18*100,0) -> 48.572317 | G21: =_xlfn.IFERROR(E21/E18*100,0) -> 48.298923 | H21: =取值!H24 -> 104915 | I21: =_xlfn.IFERROR(H21/H18*100,0) -> 48.595607
C22: 其中： 常压石脑油 | D22: =取值!C24 -> 34322 | E22: =_xlfn.IFERROR(SUM(D22,取值!D25),"") -> 423796 | F22: =_xlfn.IFERROR(D22/D18*100,0) -> 15.243721 | G22: =_xlfn.IFERROR(E22/E18*100,0) -> 14.847431 | H22: =取值!H25 -> 32216 | I22: =_xlfn.IFERROR(H22/H18*100,0) -> 14.922138
C23: 柴油合计 | D23: =_xlfn.IFERROR(SUM(D24:D26),"") -> 75041 | E23: =_xlfn.IFERROR(SUM(D23,取值!D26),"") -> 954819 | F23: =_xlfn.IFERROR(D23/D18*100,0) -> 33.328596 | G23: =_xlfn.IFERROR(E23/E18*100,0) -> 33.451493 | H23: =取值!H26 -> 72699 | I23: =_xlfn.IFERROR(H23/H18*100,0) -> 33.673469
C24: 常一线油 | D24: =取值!C26 -> 15443 | E24: =_xlfn.IFERROR(SUM(D24,取值!D27),"") -> 183790 | F24: =_xlfn.IFERROR(D24/D18*100,0) -> 6.8588306 | G24: =_xlfn.IFERROR(E24/E18*100,0) -> 6.4389689 | H24: =取值!H27 -> 13764 | I24: =_xlfn.IFERROR(H24/H18*100,0) -> 6.3753509
C25: 常二线油 | D25: =取值!C27 -> 34172 | E25: =_xlfn.IFERROR(SUM(D25,取值!D28),"") -> 423874 | F25: =_xlfn.IFERROR(D25/D18*100,0) -> 15.1771 | G25: =_xlfn.IFERROR(E25/E18*100,0) -> 14.850163 | H25: =取值!H28 -> 30427 | I25: =_xlfn.IFERROR(H25/H18*100,0) -> 14.09349
C26: 常三线油 | D26: =取值!C28 -> 25426 | E26: =_xlfn.IFERROR(SUM(D26,取值!D29),"") -> 347155 | F26: =_xlfn.IFERROR(D26/D18*100,0) -> 11.292665 | G26: =_xlfn.IFERROR(E26/E18*100,0) -> 12.162361 | H26: =取值!H29 -> 28508 | I26: =_xlfn.IFERROR(H26/H18*100,0) -> 13.204628
C27: 1#渣油产量 | D27: =取值!C29 -> 114834 | E27: =_xlfn.IFERROR(SUM(D27,取值!D30),"") -> 1462223 | F27: =_xlfn.IFERROR(D27/D18*100,0) -> 51.002198 | G27: =_xlfn.IFERROR(E27/E18*100,0) -> 51.228078 | H27: =取值!H30 -> 110206 | I27: =_xlfn.IFERROR(H27/H18*100,0) -> 51.046347
C28: 其中：自用 | D28: =取值!C30 -> 0 | E28: =_xlfn.IFERROR(SUM(D28,取值!D31),"") -> 0 | H28: =取值!H31 -> 0
C29: 加工损失 | D29: =_xlfn.IFERROR(D18-SUM(D22,D24,D25,D26,D27),"") -> 958 | E29: =_xlfn.IFERROR(SUM(D29,取值!D32),"") -> 13501 | F29: =_xlfn.IFERROR(D29/D18*100,0) -> 0.42548467 | G29: =_xlfn.IFERROR(E29/E18*100,0) -> 0.47299918 | H29: =取值!H32 -> 773 | I29: =_xlfn.IFERROR(H29/H18*100,0) -> 0.35804608
C32: 单位领导： | D32: 王静 | I32: 填报人： | K32: 黄宏飞 | O32: 报出日期： | P32: =_xlfn.IFERROR(取值!B3,"") -> 46022

Sheet 取值
A1: 报表生成时间： | B1: 2025-12 | C1: 8:00:00
B2: =EDATE(B1,1) -> 46023
B3: =B2-1 -> 46022
P6: YL_SC_Year_Compare
L7: 279009 | M7: 3276195 | P7: 290664
M8: 3276195 | P8: 290664
M9: 0 | P9: 0
L10: 43578 | M10: 1598908 | P10: 141381
M11: 483319 | P11: 42026
L12: 24103 | M12: 1115589 | P12: 99355
L13: 11175 | M13: 273155 | P13: 25437
L14: 57216 | M14: 177968 | P14: 15246
L15: 142118 | M15: 664466 | P15: 58672
M16: 1653345 | P16: 146568
M17: 0 | P17: 0
M18: 23942 | P18: 2715
D20: YL_SC_ALL_YearSum | H20: YL_SC_Year_Compare
C21: 225155 | D21: 2629184 | H21: 215894
D22: 2629184 | H22: 215894
D23: 0 | H23: 0
C24: 34322 | D24: 1269252 | H24: 104915
D25: 389474 | H25: 32216
C26: 15443 | D26: 879778 | H26: 72699
C27: 34172 | D27: 168347 | H27: 13764
C28: 25426 | D28: 389702 | H28: 30427
C29: 114834 | D29: 321729 | H29: 28508
D30: 1347389 | H30: 110206
D31: 0 | H31: 0
D32: 12543 | H32: 773
C34: 王静
C35: 黄宏飞
