Workbook

Sheet 延安炼油厂装置生产完成情况表（四）
B2: 延安炼油厂装置生产完成情况表（四）
B3: 填报单位：生产计划部 | F3: 日期： | I3: 2025-12 | L3: 陕油延炼计统YB106-4表
B4: 装置名称 | C4: 指标名称 | D4: 产量（吨） | F4: 收率（％） | H4: 去年同期 | J4: 装置名称 | K4: 指标名称 | L4: 产量（吨） | N4: 收率（％） | P4: 去年同期
D5: 本 月 | E5: 累 计 | F5: 本 月 | G5: 平 均 | H5: 产 量 | I5: 收 率 | L5: 本 月 | M5: 累 计 | N5: 本 月 | O5: 平 均 | P5: 产 量 | Q5: 收 率
B6: 18 万 吨 干 气 精 制 装 置 | C6: 原料处理量 | D6: =取值!D6 -> 9597 | E6: =_xlfn.IFERROR(SUM(D6,取值!E6),"") -> 108528 | F6: / | G6: / | H6: =取值!H6 -> 8694 | I6: / | J6: 12 万 吨 乙 苯 装 置 | K6: 原料处理量 | L6: =_xlfn.IFERROR(SUM(L7:L9),"") -> 11473 | M6: =_xlfn.IFERROR(SUM(L6,取值!M6),"") -> 136612 | N6: / | O6: / | P6: =取值!P6 -> 10898 | Q6: /
C7: 净化干气产量 | D7: =取值!D7 -> 7270 | E7: =_xlfn.IFERROR(SUM(D7,取值!E7),"") -> 85319 | F7: =_xlfn.IFERROR(D7/D6*100,0) -> 75.752839 | G7: =_xlfn.IFERROR(E7/E6*100,0) -> 78.614735 | H7: =取值!H7 -> 6917 | I7: =_xlfn.IFERROR(H7/H6*100,0) -> 79.560617 | K7: 其中：净化干气 | L7: =取值!L7 -> 7270 | M7: =_xlfn.IFERROR(SUM(L7,取值!M7),"") -> 85319 | N7: / | O7: / | P7: =取值!P7 -> 6917 | Q7: /
C8: 酸性气产量 | D8: =取值!D8 -> 1769 | E8: =_xlfn.IFERROR(SUM(D8,取值!E8),"") -> 16721 | F8: =_xlfn.IFERROR(D8/D6*100,0) -> 18.432844 | G8: =_xlfn.IFERROR(E8/E6*100,0) -> 15.407084 | H8: =取值!H8 -> 1234 | I8: =_xlfn.IFERROR(H8/H6*100,0) -> 14.193697 | K8: 苯 | L8: =取值!L8 -> 4203 | M8: =_xlfn.IFERROR(SUM(L8,取值!M8),"") -> 51293 | N8: / | O8: / | P8: =取值!P8 -> 3981 | Q8: /
C9: 液化气组分产量 | D9: =取值!D9 -> 0 | E9: =_xlfn.IFERROR(SUM(D9,取值!E9),"") -> 0 | F9: =_xlfn.IFERROR(D9/D6*100,0) -> 0 | G9: =_xlfn.IFERROR(E9/E6*100,0) -> 0 | H9: =取值!H9 -> 0 | I9: =_xlfn.IFERROR(H9/H6*100,0) -> 0 | K9: 烃化液 | L9: =取值!L9 -> 0 | M9: =_xlfn.IFERROR(SUM(L9,取值!M9),"") -> 0 | N9: / | O9: / | P9: =取值!P9 -> 0 | Q9: /
C10: 瓦斯气 | D10: =取值!D10 -> 465 | E10: =_xlfn.IFERROR(SUM(D10,取值!E10),"") -> 5452 | F10: =_xlfn.IFERROR(D10/D6*100,0) -> 4.8452641 | G10: =_xlfn.IFERROR(E10/E6*100,0) -> 5.0235884 | H10: =取值!H10 -> 462 | I10: =_xlfn.IFERROR(H10/H6*100,0) -> 5.3140097 | K10: 乙苯产量 | L10: =取值!L10 -> 5293 | M10: =_xlfn.IFERROR(SUM(L10,取值!M10),"") -> 65411 | N10: =_xlfn.IFERROR(L10/L6*100,0) -> 46.134403 | O10: =_xlfn.IFERROR(M10/M6*100,0) -> 47.88086 | P10: =取值!P10 -> 4959 | Q10: =_xlfn.IFERROR(P10/P6*100,0) -> 45.503762
C11: 损失量 | D11: =_xlfn.IFERROR(D6-SUM(D7:D10),"") -> 93 | E11: =_xlfn.IFERROR(SUM(D11,取值!E11),"") -> 1036 | F11: =_xlfn.IFERROR(D11/D6*100,0) -> 0.96905283 | G11: =_xlfn.IFERROR(E11/E6*100,0) -> 0.95459236 | H11: =取值!H11 -> 81 | I11: =_xlfn.IFERROR(H11/H6*100,0) -> 0.93167702 | K11: 丙苯产量 | L11: =取值!L11 -> 225 | M11: =_xlfn.IFERROR(SUM(L11,取值!M11),"") -> 2430 | N11: =_xlfn.IFERROR(L11/L6*100,0) -> 1.9611261 | O11: =_xlfn.IFERROR(M11/M6*100,0) -> 1.7787603 | P11: =取值!P11 -> 32 | Q11: =_xlfn.IFERROR(P11/P6*100,0) -> 0.29363186
K12: 高沸物 | L12: =取值!L12 -> 58 | M12: =_xlfn.IFERROR(SUM(L12,取值!M12),"") -> 700 | N12: =_xlfn.IFERROR(L12/L6*100,0) -> 0.50553473 | O12: =_xlfn.IFERROR(M12/M6*100,0) -> 0.51240008 | P12: =取值!P12 -> 56 | Q12: =_xlfn.IFERROR(P12/P6*100,0) -> 0.51385575
K13: 烃化尾气 | L13: =取值!L13 -> 5751 | M13: =_xlfn.IFERROR(SUM(L13,取值!M13),"") -> 66484 | N13: =_xlfn.IFERROR(L13/L6*100,0) -> 50.126384 | O13: =_xlfn.IFERROR(M13/M6*100,0) -> 48.666296 | P13: =取值!P13 -> 5700 | Q13: =_xlfn.IFERROR(P13/P6*100,0) -> 52.303175
K14: 损失量 | L14: =_xlfn.IFERROR(L6-SUM(L10:L13),"") -> 146 | M14: =_xlfn.IFERROR(SUM(L14,取值!M14),"") -> 1587 | N14: =_xlfn.IFERROR(L14/L6*100,0) -> 1.272553 | O14: =_xlfn.IFERROR(M14/M6*100,0) -> 1.1616842 | P14: =取值!P14 -> 151 | Q14: =_xlfn.IFERROR(P14/P6*100,0) -> 1.3855753
B18: 12 万 吨 苯 乙 烯 装 置 300 单 元 | C18: 原料处理量 | D18: =_xlfn.IFERROR(SUM(D19:D20),"") -> 5107 | E18: =_xlfn.IFERROR(SUM(D18,取值!E19),"") -> 64164 | F18: / | G18: / | H18: =取值!H19 -> 5712 | I18: / | J18: 12 万 吨 苯 乙 烯 装 置 400 单 元 | K18: 原料处理量 | L18: =取值!L18 -> 4901 | M18: =_xlfn.IFERROR(SUM(L18,取值!M19),"") -> 62252 | N18: / | O18: / | P18: =取值!P19 -> 5193 | Q18: /
C19: 其中：乙苯 | D19: =取值!D19 -> 5107 | E19: =_xlfn.IFERROR(SUM(D19,取值!E20),"") -> 64164 | F19: / | G19: / | H19: =取值!H20 -> 5712 | I19: / | K19: 苯乙烯产量 | L19: =取值!L19 -> 4676 | M19: =_xlfn.IFERROR(SUM(L19,取值!M20),"") -> 59047 | N19: =_xlfn.IFERROR(L19/L18*100,0) -> 95.4091 | O19: =_xlfn.IFERROR(M19/M18*100,0) -> 94.851571 | P19: =取值!P20 -> 4927 | Q19: =_xlfn.IFERROR(P19/P18*100,0) -> 94.87772
C20: 高沸物 | D20: =取值!D20 -> 0 | E20: =_xlfn.IFERROR(SUM(D20,取值!E21),"") -> 0 | F20: / | G20: / | H20: =取值!H21 -> 0 | I20: / | K20: 甲苯产量 | L20: =取值!L20 -> 133 | M20: =_xlfn.IFERROR(SUM(L20,取值!M21),"") -> 1725 | N20: =_xlfn.IFERROR(L20/L18*100,0) -> 2.7137319 | O20: =_xlfn.IFERROR(M20/M18*100,0) -> 2.7709953 | P20: =取值!P21 -> 148 | Q20: =_xlfn.IFERROR(P20/P18*100,0) -> 2.8499904
C21: 脱氢液 | D21: =取值!D21 -> 4953 | E21: =_xlfn.IFERROR(SUM(D21,取值!E22),"") -> 62340 | F21: =_xlfn.IFERROR(D21/D18*100,0) -> 96.984531 | G21: =_xlfn.IFERROR(E21/E18*100,0) -> 97.157284 | H21: =取值!H22 -> 5557 | I21: =_xlfn.IFERROR(H21/H18*100,0) -> 97.286415 | K21: 苯产量 | L21: =取值!L21 -> 0 | M21: =_xlfn.IFERROR(SUM(L21,取值!M22),"") -> 0 | N21: =_xlfn.IFERROR(L21/L18*100,0) -> 0 | O21: =_xlfn.IFERROR(M21/M18*100,0) -> 0 | P21: =取值!P22 -> 0 | Q21: =_xlfn.IFERROR(P21/P18*100,0) -> 0
C22: 脱氢尾气 | D22: =取值!D22 -> 93 | E22: =_xlfn.IFERROR(SUM(D22,取值!E23),"") -> 1092 | F22: =_xlfn.IFERROR(D22/D18*100,0) -> 1.82103 | G22: =_xlfn.IFERROR(E22/E18*100,0) -> 1.7018889 | H22: =取值!H23 -> 90 | I22: =_xlfn.IFERROR(H22/H18*100,0) -> 1.5756303 | K22: 焦油产量 | L22: =取值!L22 -> 53 | M22: =_xlfn.IFERROR(SUM(L22,取值!M23),"") -> 721 | N22: =_xlfn.IFERROR(L22/L18*100,0) -> 1.081412 | O22: =_xlfn.IFERROR(M22/M18*100,0) -> 1.1581957 | P22: =取值!P23 -> 62 | Q22: =_xlfn.IFERROR(P22/P18*100,0) -> 1.1939149
C23: 损失量 | D23: =_xlfn.IFERROR(D18-SUM(D21,D22),"") -> 61 | E23: =_xlfn.IFERROR(SUM(D23,取值!E24),"") -> 732 | F23: =_xlfn.IFERROR(D23/D18*100,0) -> 1.194439 | G23: =_xlfn.IFERROR(E23/E18*100,0) -> 1.1408266 | H23: =取值!H24 -> 65 | I23: =_xlfn.IFERROR(H23/H18*100,0) -> 1.1379552 | K23: 乙苯产量 | L23: =取值!L23 -> 0 | M23: =_xlfn.IFERROR(SUM(L23,取值!M24),"") -> 0 | N23: =_xlfn.IFERROR(L23/L18*100,0) -> 0 | O23: =_xlfn.IFERROR(M23/M18*100,0) -> 0 | P23: =取值!P24 -> 0 | Q23: =_xlfn.IFERROR(P23/P18*100,0) -> 0
K24: 损失量 | L24: =_xlfn.IFERROR(L18-SUM(L19:L23),"") -> 39 | M24: =_xlfn.IFERROR(SUM(L24,取值!M25),"") -> 759 | N24: =_xlfn.IFERROR(L24/L18*100,0) -> 0.79575597 | O24: =_xlfn.IFERROR(M24/M18*100,0) -> 1.2192379 | P24: =取值!P25 -> 56 | Q24: =_xlfn.IFERROR(P24/P18*100,0) -> 1.0783747
K28: 苯乙烯收率 | N28: =_xlfn.IFERROR(L19/D18*100,0) -> 91.560603 | O28: =_xlfn.IFERROR(M19/E18*100,0) -> 92.025123
C30: 单位领导： | D30: 王静 | I30: 填报人： | K30: 黄宏飞 | N30: 报出日期： | P30: =_xlfn.IFERROR(取值!B3,"") -> 46022

Sheet 取值
A1: 报表生成时间： | B1: 2025-12 | C1: 8:00:00
B2: =EDATE(B1,1) -> 46023
B3: =B2-1 -> 46022
E5: YL_SC_ALL_YearSum | H5: YL_SC_Year_Compare | M5: YL_SC_ALL_YearSum | P5: YL_SC_Year_Compare
D6: 9597 | E6: 98931 | H6: 8694 | M6: 125139 | P6: 10898
D7: 7270 | E7: 78049 | H7: 6917 | L7: 7270 | M7: 78049 | P7: 6917
D8: 1769 | E8: 14952 | H8: 1234 | L8: 4203 | M8: 47090 | P8: 3981
D9: 0 | E9: 0 | H9: 0 | L9: 0 | M9: 0 | P9: 0
D10: 465 | E10: 4987 | H10: 462 | L10: 5293 | M10: 60118 | P10: 4959
D11: 93 | E11: 943 | H11: 81 | L11: 225 | M11: 2205 | P11: 32
L12: 58 | M12: 642 | P12: 56
L13: 5751 | M13: 60733 | P13: 5700
L14: 146 | M14: 1441 | P14: 151
E18: YL_SC_ALL_YearSum | H18: YL_SC_Year_Compare | L18: 4901 | M18: YL_SC_ALL_YearSum | P18: YL_SC_Year_Compare
D19: 5107 | E19: 59057 | H19: 5712 | L19: 4676 | M19: 57351 | P19: 5193
D20: 0 | E20: 59057 | H20: 5712 | L20: 133 | M20: 54371 | P20: 4927
D21: 4953 | E21: 0 | H21: 0 | M21: 1592 | P21: 148
D22: 93 | E22: 57387 | H22: 5557 | L22: 53 | M22: 0 | P22: 0
D23: 61 | E23: 999 | H23: 90 | L23: 0 | M23: 668 | P23: 62
D24: 0 | E24: 671 | H24: 65 | L24: 39 | M24: 0 | P24: 0
L25: 53 | M25: 720 | P25: 56
D27: 王静
D28: 黄宏飞
