Workbook

Sheet 原材料、燃料、动力购进、库存及价格表
B2: 原材料、燃料、动力购进、库存及价格表
B3: 填报单位：生产计划部 | E3: 时间： | F3: 2025-12 | H3: =Sheet2!A1&Sheet2!B1&Sheet2!C1 -> 报表生成时间：2025-12 8:00:00
B4: 指标名称 | C4: 期初库存（吨） | D4: 购进量(吨) | F4: 消费量(吨) | H4: 期末库存（吨） | I4: 价格（元/吨） （元/Nm3） | J4: 当月金额(千元) | K4: 累计金额（千元）
B5: 一、原材料 | D5: 本月 | E5: 累计 | F5: 本月 | G5: 累计
B6: 原 油 | C6: 182117 | D6: 620160 | E6: =_xlfn.IFERROR(取值!A34+D6,"") -> 5387158.5 | F6: 556317 | G6: =_xlfn.IFERROR(取值!A43+F6,"") -> 5261864 | H6: 246434 | J6: 2264464.3 | K6: =_xlfn.IFERROR(TRUNC(取值!A52+J6,0),"") -> 21929843
B7: 其中（油田） | D7: 324472 | E7: =_xlfn.IFERROR(取值!A207+D7,"") -> 3017765 | G7: =_xlfn.IFERROR(取值!A216+F7,"") -> 0 | I7: 3292 | J7: 1068161.8 | K7: =_xlfn.IFERROR(TRUNC(取值!A221+J7,0),"") -> 10918994
B8: 其中（长庆） | D8: 85025 | E8: =_xlfn.IFERROR(取值!A208+D8,"") -> 700263 | G8: =_xlfn.IFERROR(取值!A217+F8,"") -> 0 | I8: 3596 | J8: 305749.9 | K8: =_xlfn.IFERROR(TRUNC(取值!A222+J8,0),"") -> 2835898
B9: 其中（进口） | D9: 210662 | E9: =_xlfn.IFERROR(取值!A209+D9,"") -> 1669130 | G9: =_xlfn.IFERROR(取值!A218+F9,"") -> 0 | I9: 4227.4 | J9: 890552.54 | K9: =_xlfn.IFERROR(TRUNC(取值!A223+J9,0),"") -> 8174954
B10: MTBE | C10: 4020 | D10: 6594 | E10: =_xlfn.IFERROR(取值!A37+D10,"") -> 91515 | F10: 7552 | G10: =_xlfn.IFERROR(取值!A46+F10,"") -> 90377 | H10: 3062 | J10: 0 | K10: =_xlfn.IFERROR(TRUNC(取值!A55+J10,0),"") -> 0
B11: MMT | E11: =_xlfn.IFERROR(取值!A226+D11,"") -> 0 | G11: =_xlfn.IFERROR(取值!A227+F11,"") -> 0 | J11: 0
B12: 裂解石脑油 | C12: 0 | D12: 0 | E12: =_xlfn.IFERROR(取值!A40+D12,"") -> 0 | F12: 0 | G12: =_xlfn.IFERROR(取值!A49+F12,"") -> 0 | H12: 0 | J12: 0 | K12: =_xlfn.IFERROR(TRUNC(取值!A58+J12,0),"") -> 0
B13: 二、燃料
B14: 原煤 | E14: =_xlfn.IFERROR(取值!A230+D14,"") -> 0 | G14: =_xlfn.IFERROR(取值!A231+F14,"") -> 0 | J14: 0 | K14: =_xlfn.IFERROR(TRUNC(取值!A232+J14,0),"") -> 0
B15: 天然气(万Nm3） | D15: 156.9 | E15: =_xlfn.IFERROR(取值!A41+D15,"") -> 2301.3 | F15: 156.9 | G15: =_xlfn.IFERROR(取值!A50+F15,"") -> 2301.4 | I15: 1.15 | J15: 1804.35 | K15: =_xlfn.IFERROR(TRUNC(取值!A59+J15,0),"") -> 22000
B16: 三、半成品 | C16: 期初库存（吨） | F16: 期末库存（吨)
B17: 汽 油 | C17: 11663 | F17: 33494
B18: 柴 油 | C18: 20912 | F18: 17723
B19: 液化气 | C19: 4074 | F19: 1524
B20: 1#渣 油 | C20: 17226 | F20: 31914
B21: 2#渣 油 | C21: 5357 | F21: 4359
B22: 苯 | C22: 767 | F22: 1012
B23: 四、成品 | C23: 期初库存（吨） | F23: 期末库存（吨）
B24: 汽 油 | C24: 58753.306 | F24: 77340
B25: 柴 油 | C25: 84205.066 | F25: 90893
B26: 原料液化气 | C26: 1121 | F26: 0
B27: MTBE
B28: 聚丙烯
B29: 苯
B30: 苯乙烯
B31: 五、动力 | C31: 购进量(万千瓦时) | D31: 购进量(度) | E31: 工业消费(万千瓦时) | F31: 工业消费(度) | G31: 非工业消费(万千瓦时) | H31: 非工业消费(度) | I31: 价格(元/度) | J31: 当月金额 （千元） | K31: 累计金额 （千元）
C32: 本月 | D32: 累计 | E32: 本月 | F32: 累计 | G32: 本月 | H32: 累计 | I32: 价格(元/度)
B33: 电 | C33: 0 | D33: =_xlfn.IFERROR(取值!A234+C33,"") -> 0 | F33: =_xlfn.IFERROR(取值!A236+E33,"") -> 0 | H33: =_xlfn.IFERROR(取值!A238+G33,"") -> 0 | K33: =_xlfn.IFERROR(取值!A240+J33,"") -> 0
B34: 电（自产） | C34: 378 | D34: =_xlfn.IFERROR(取值!A245+C34,"") -> 5832.2496 | E34: 2273 | F34: =_xlfn.IFERROR(取值!A250+E34,"") -> 28510.83 | G34: 98 | H34: =_xlfn.IFERROR(取值!A254+G34,"") -> 1395.3351 | I34: 0.41 | J34: 9721.1 | K34: =_xlfn.IFERROR(取值!A259+J34,"") -> 122615.28
B35: 电（外购） | C35: 1994 | D35: =_xlfn.IFERROR(取值!A246+C35,"") -> 24073.915
B36: 油煤用电 | C36: 16 | D36: =_xlfn.IFERROR(取值!A247+C36,"") -> 236.9776
B37: 六、热力外供 | C37: 当月（kg标油） | E37: 累计（kg标油）
E38: =_xlfn.IFERROR(取值!A242+C38,"") -> 0
B39: 单位负责人： | C39: 0 | F39: 统计负责人： | G39: 0 | J39: 填报人： | K39: 0

Sheet Sheet2
A1: 报表生成时间： | B1: 2025-12 | C1: 8:00:00

Sheet 公式
A1: 公式类型 | C1: 数据源 | E1: 取值 | G1: 计量点名称 | I1: 取值条件
A2: #SQL | B2: (" | C2: Yul_Balance_Start | D2: "," | E2: VALUE | F2: ",":where{NAME= | G2: 榆炼_榆炼油品产、销、存日报表_期初库存_原油 | H2: }") | I2: =A2&B2&C2&D2&E2&F2&G2&H2 -> #SQL("Yul_Balance_Start","VALUE",":where{NAME=榆炼_榆炼油品产、销、存日报表_期初库存_原油}")
A3: #SQL | B3: (" | C3: Yul_Balance_Start | D3: "," | E3: VALUE | F3: ",":where{NAME= | G3: 榆炼_榆炼油品产、销、存日报表_期初库存_MTBE | H3: }") | I3: =A3&B3&C3&D3&E3&F3&G3&H3 -> #SQL("Yul_Balance_Start","VALUE",":where{NAME=榆炼_榆炼油品产、销、存日报表_期初库存_MTBE}")
A4: #SQL | B4: (" | C4: Yul_Balance_Start | D4: "," | E4: VALUE | F4: ",":where{NAME= | G4: 榆炼_榆炼油品产、销、存日报表_期初库存_裂解石脑油 | H4: }") | I4: =A4&B4&C4&D4&E4&F4&G4&H4 -> #SQL("Yul_Balance_Start","VALUE",":where{NAME=榆炼_榆炼油品产、销、存日报表_期初库存_裂解石脑油}")
A5: #SQL | B5: (" | C5: Yul_Device_ByMonth | D5: "," | E5: VALUE | F5: ",":where{NAME= | G5: 榆炼_榆炼油品产、销、存日报表_收购量_原油 | H5: }") | I5: =A5&B5&C5&D5&E5&F5&G5&H5 -> #SQL("Yul_Device_ByMonth","VALUE",":where{NAME=榆炼_榆炼油品产、销、存日报表_收购量_原油}")
A6: #SQL | B6: (" | C6: Yul_Device_ByMonth | D6: "," | E6: VALUE | F6: ",":where{NAME= | G6: 榆炼_榆炼油品产、销、存日报表_收购量_MTBE | H6: }") | I6: =A6&B6&C6&D6&E6&F6&G6&H6 -> #SQL("Yul_Device_ByMonth","VALUE",":where{NAME=榆炼_榆炼油品产、销、存日报表_收购量_MTBE}")
A7: #SQL | B7: (" | C7: Yul_Device_ByMonth | D7: "," | E7: VALUE | F7: ",":where{NAME= | G7: 榆炼_榆炼油品产、销、存日报表_收购量_裂解石脑油 | H7: }") | I7: =A7&B7&C7&D7&E7&F7&G7&H7 -> #SQL("Yul_Device_ByMonth","VALUE",":where{NAME=榆炼_榆炼油品产、销、存日报表_收购量_裂解石脑油}")
A8: #SQL | B8: (" | C8: Yul_Device_ByMonth | D8: "," | E8: VALUE | F8: ",":where{NAME= | G8: 榆炼_榆炼油品产、销、存日报表_500万吨/年常压装置_原油加工 | H8: }") | I8: =A8&B8&C8&D8&E8&F8&G8&H8 -> #SQL("Yul_Device_ByMonth","VALUE",":where{NAME=榆炼_榆炼油品产、销、存日报表_500万吨/年常压装置_原油加工}")
A9: #SQL | B9: (" | C9: Yul_Device_ByMonth | D9: "," | E9: VALUE | F9: ",":where{NAME= | G9: 榆炼_榆炼油品产、销、存日报表_成品调和量_MTBE | H9: }") | I9: =A9&B9&C9&D9&E9&F9&G9&H9 -> #SQL("Yul_Device_ByMonth","VALUE",":where{NAME=榆炼_榆炼油品产、销、存日报表_成品调和量_MTBE}")
A10: #SQL | B10: (" | C10: Yul_Device_ByMonth | D10: "," | E10: VALUE | F10: ",":where{NAME= | G10: 榆炼_榆炼油品产、销、存日报表_20万吨/年DCC裂解石脑油装置_原料处理量 | H10: }") | I10: =A10&B10&C10&D10&E10&F10&G10&H10 -> #SQL("Yul_Device_ByMonth","VALUE",":where{NAME=榆炼_榆炼油品产、销、存日报表_20万吨/年DCC裂解石脑油装置_原料处理量}")
A11: #SQL | B11: (" | C11: Yul_Balance_Start | D11: "," | E11: VALUE | F11: ",":where{NAME= | G11: 榆炼_榆炼油品产、销、存日报表_期末库存_原油 | H11: }") | I11: =A11&B11&C11&D11&E11&F11&G11&H11 -> #SQL("Yul_Balance_Start","VALUE",":where{NAME=榆炼_榆炼油品产、销、存日报表_期末库存_原油}")
A12: #SQL | B12: (" | C12: Yul_Balance_Start | D12: "," | E12: VALUE | F12: ",":where{NAME= | G12: 榆炼_榆炼油品产、销、存日报表_期末库存_MTBE | H12: }") | I12: =A12&B12&C12&D12&E12&F12&G12&H12 -> #SQL("Yul_Balance_Start","VALUE",":where{NAME=榆炼_榆炼油品产、销、存日报表_期末库存_MTBE}")
A13: #SQL | B13: (" | C13: Yul_Balance_Start | D13: "," | E13: VALUE | F13: ",":where{NAME= | G13: 榆炼_榆炼油品产、销、存日报表_期末库存_裂解石脑油 | H13: }") | I13: =A13&B13&C13&D13&E13&F13&G13&H13 -> #SQL("Yul_Balance_Start","VALUE",":where{NAME=榆炼_榆炼油品产、销、存日报表_期末库存_裂解石脑油}")
... A63: #SQL | B63: (" | C63: Yul_Device_ByMonth_SUM | D63: "," | E63: VALUE | F63: ",":where{NAME= | G63: 榆炼_生产计划部_原材料燃料动力购进库存及价格表_总价格_电 | H63: }") | I63: =A63&B63&C63&D63&E63&F63&G63&H63 -> #SQL("Yul_Device_ByMonth_SUM","VALUE",":where{NAME=榆炼_生产计划部_原材料燃料动力购进库存及价格表_总价格_电}")

Sheet 取值
M1: 0
A2: 182117 | M2: 0
A3: 4020 | M3: 0
A4: 0
A5: 565161
A6: 6594
A8: 501317
A9: 7552
A10: 0
A11: 234937.28
A12: 4033.94
A13: -0.206
A14: 20912
A15: 17226
A16: 4598.7
... A110: 5882
A112: =A115+A116+A117-A118-A119-A120+A121+A122-A123+A124 -> 0
A113: =A126+A127+A128-A129-A130-A131+A132+A133-A134+A135 -> 5141
A114: =A138+A139+A140-A141-A142-A143+A144+A145-A146+A147 -> 5781
A115: 0
A118: 0
A124: 0
A126: 5882
A127: 0
A128: 69784
A129: 70525
A130: 0
A131: 0
A132: 0
A135: 0
A138: 5781
... A259: 112894.18

Sheet Sheet3
A1: 0
A4: 0
A10: 0
