Workbook

Sheet Sheet2
B1: 炼化公司产品库存信息
B2: 编制单位：炼化生产计划部 | E2: 日期： | F2: 2026-01-05 | G2: 单位：吨
B3: 产品名称 | D3: 生产企业
D4: 安全库容 | E4: 当日库存 | F4: 当日可销量 | G4: 生产动态
B6: 合计 | D6: 0 | E6: =取值!E6 -> 10810 | F6: =取值!F6 -> 3592
B7: 聚丙烯 | D7: 7200 | E7: =取值!E7 -> 1992 | F7: =取值!F7 -> 937 | G7: =取值!G7
B8: 民用气 | D8: 3400 | E8: =取值!E8 -> 1070 | F8: =取值!F8 -> 750 | G8: =取值!G8
B9: 醚后碳四 | D9: 3769 | E9: =取值!E9 -> 615 | F9: =取值!F9 -> 400 | G9: =取值!G9
B10: 醋酸仲丁酯 | D10: 1600 | E10: =取值!E10 -> 810 | F10: =取值!F10 -> 331 | G10: =取值!G10
B11: 苯 | D11: 3000 | E11: =取值!E12 -> 1474 | F11: =取值!F12 -> 160 | G11: =取值!G12
B12: 苯乙烯 | D12: 9066 | E12: =取值!E13 -> 2088 | F12: =取值!F13 -> 216 | G12: =取值!G13
B13: 2#渣油 | C13: 延炼 | D13: 2000 | E13: =取值!E14 -> 1630 | F13: =取值!F14 -> 219 | G13: =取值!G14 -> 0
C14: 永炼 | D14: 1200 | E14: =取值!E15 -> 861 | F14: =取值!F15 -> 361 | G14: =取值!G15 -> 0
B15: 工业硫磺 | C15: 延炼 | D15: 0 | E15: =取值!E60 -> 111 | F15: =取值!F60 -> 111 | G15: =取值!G16 -> 0
C16: 永炼 | D16: 400 | E16: =取值!E62 -> 107 | F16: =取值!F62 -> 107 | G16: =取值!G17 -> 0
C17: 石化厂 | D17: 300 | E17: =取值!E66 -> 52 | F17: =取值!F66 -> 0 | G17: =取值!G18 -> 0
C18: 合计 | D18: 700 | E18: =SUM(E15:E17) -> 270 | F18: =SUM(F15:F17) -> 218
B19: 备注
B20: 审核人： | C20: 马飞 | F20: 一审人: | G20: 杨文东

Sheet 取值
B1: 炼化公司产品库存信息 2021年11月15日
B2: 编制单位：炼化生产计划部 | G2: 单位：吨
B3: 产品名称 | D3: 生产企业
D4: 安全库容 | E4: 当日库存 | F4: 当日可销量 | G4: 生产动态
B6: 合计 | D6: =_xlfn.IFERROR(SUM(D7:D18),"") -> 32195 | E6: =_xlfn.IFERROR(SUM(E7:E18),"") -> 10810 | F6: =_xlfn.IFERROR(SUM(F7:F18),"") -> 3592
B7: 聚丙烯 | D7: 7200 | E7: =_xlfn.IFERROR(SUM(E21:E24),"") -> 1992 | F7: =_xlfn.IFERROR(SUM(F21:F24),"") -> 937 | G7: =G21&G22&G23&G24
B8: 民用气 | D8: 3400 | E8: =_xlfn.IFERROR(SUM(E26:E29),"") -> 1070 | F8: =_xlfn.IFERROR(SUM(F26:F29),"") -> 750 | G8: =G26&G27&G28&G29
B9: 醚后碳四 | D9: 3769 | E9: =_xlfn.IFERROR(SUM(E31:E34),"") -> 615 | F9: =_xlfn.IFERROR(SUM(F31:F34),"") -> 400 | G9: =G31&G32&G33&G34
B10: 醋酸仲丁酯 | D10: 1600 | E10: =_xlfn.IFERROR(SUM(E36:E39),"") -> 810 | F10: =_xlfn.IFERROR(SUM(F36:F39),"") -> 331 | G10: =G36&G37&G38&G39
B11: 醋酸仲丁酯粗脂 | D11: 260 | E11: =_xlfn.IFERROR(SUM(E41:E44),"") -> 0 | F11: =_xlfn.IFERROR(SUM(F41:F44),"") -> 0 | G11: =G41&G42&G43&G44
B12: 苯 | D12: 3000 | E12: =_xlfn.IFERROR(SUM(E46:E49),"") -> 1474 | F12: =_xlfn.IFERROR(SUM(F46:F49),"") -> 160 | G12: =G46&G47&G48&G49
B13: 苯乙烯 | D13: 9066 | E13: =_xlfn.IFERROR(SUM(E51:E54),"") -> 2088 | F13: =_xlfn.IFERROR(SUM(F51:F54),"") -> 216 | G13: =G27&G28&G29&G30
B14: 2#渣油 | C14: 延炼 | D14: 2000 | E14: =_xlfn.IFERROR(E56,"") -> 1630 | F14: =_xlfn.IFERROR(F56,"") -> 219 | G14: =_xlfn.IFERROR(G56,"") -> 0
C15: 永炼 | D15: 1200 | E15: =_xlfn.IFERROR(E58,"") -> 861 | F15: =_xlfn.IFERROR(F58,"") -> 361 | G15: =_xlfn.IFERROR(G58,"") -> 0
B16: 硫磺滤饼 | C16: 延炼 | D16: 0 | E16: =_xlfn.IFERROR(E60,"") -> 111 | F16: =_xlfn.IFERROR(F60,"") -> 111 | G16: =_xlfn.IFERROR(G60,"") -> 0
C17: 永炼 | D17: 400 | E17: =_xlfn.IFERROR(E62,"") -> 107 | F17: =_xlfn.IFERROR(F62,"") -> 107 | G17: =_xlfn.IFERROR(G62,"") -> 0
B18: 工业硫磺 | D18: 300 | E18: =_xlfn.IFERROR(SUM(E64:E66),"") -> 52 | F18: =_xlfn.IFERROR(SUM(F64:F66),"") -> 0
B19: 备注 | D19: =D21&D22&D23&D24
E21: 937 | F21: 937
E24: 1055
C26: 2026-01-06 | E26: 1070 | F26: 750
E29: 0
E31: 615 | F31: 400
E36: 810 | F36: 331
E48: 1114 | F48: 160
E49: 360
E51: 2088 | F51: 216
E56: 1630 | F56: 219
E58: 861 | F58: 361
E60: 111 | F60: 111
E62: 107 | F62: 107
E66: 52
