Workbook

Sheet 延安石化厂装置生产完成情况（3-1）
B2: 延安石化厂装置生产完成情况（3-1）
B3: 编制单位：延安石油化工厂 | E3: 日期： | F3: 2025-12 | H3: =取值!A1&取值!B1&取值!C1 -> 报表生成时间：2026-01-01 8:00:00 | K3: 附表3-1
B4: 单位名称 | C4: 装置名称 | D4: 指标名称 | E4: 产量（吨） | G4: 收率（%） | I4: 去年同期 | K4: 备注
E5: 本月 | F5: 累计 | G5: 本月 | H5: 累计 | I5: 产量 | J5: 收率
B6: 联 合 一 车 间 | C6: 120 万 吨/ 年 重 整 | D6: 原料处理量 | E6: 128791 | F6: =取值!F6 -> 1493268 | G6: / | H6: / | I6: =取值!I6 -> 128893 | J6: /
D7: 其中：石脑油 | E7: 128791 | F7: =IFERROR(F6-F8,0) -> 1491491 | G7: / | H7: / | I7: =取值!I7 -> 128893 | J7: /
D8: 引精制油 | E8: 0 | F8: =取值!F10 -> 1777 | G8: / | H8: / | I8: =取值!I8 -> 0 | J8: /
D9: 液化气 | E9: 6188 | F9: =取值!F13 -> 69265 | G9: =IFERROR(E9/E6*100,0) -> 4.8046836 | H9: =IFERROR(F9/F6*100,0) -> 4.6384842 | I9: =取值!I9 -> 6162 | J9: =IFERROR(I9/I$6*100,0) -> 4.7807096
D10: 重整汽油 | E10: 72842 | F10: =取值!F14 -> 866531 | G10: =IFERROR(E10/E6*100,0) -> 56.5583 | H10: =IFERROR(F10/F6*100,0) -> 58.029168 | I10: =取值!I10 -> 74804 | J10: =IFERROR(I10/I$6*100,0) -> 58.035735
D11: 重整轻汽油 | E11: 23079 | F11: =取值!F15 -> 260107 | G11: =IFERROR(E11/E6*100,0) -> 17.91973 | H11: =IFERROR(F11/F6*100,0) -> 17.418642 | I11: =取值!I11 -> 22756 | J11: =IFERROR(I11/I$6*100,0) -> 17.654954
D12: 精制油 | E12: 507 | F12: =取值!F16 -> 1849 | G12: =IFERROR(E12/E6*100,0) -> 0.39366105 | H12: =IFERROR(F12/F6*100,0) -> 0.12382238 | I12: =取值!I12 -> 0 | J12: =IFERROR(I12/I$6*100,0) -> 0
D13: C6馏分 | E13: 17318 | F13: =取值!F17 -> 187561 | G13: =IFERROR(E13/E6*100,0) -> 13.446592 | H13: =IFERROR(F13/F6*100,0) -> 12.560438 | I13: =取值!I13 -> 15888 | J13: =IFERROR(I13/I$6*100,0) -> 12.326503
D14: 含氢气体 | E14: 4105 | F14: =取值!F18 -> 49689 | G14: =IFERROR(E14/E6*100,0) -> 3.1873345 | H14: =IFERROR(F14/F6*100,0) -> 3.327534 | I14: =取值!I14 -> 4405 | J14: =IFERROR(I14/I$6*100,0) -> 3.4175634
D15: 含硫燃料气 | E15: 482 | F15: =取值!F19 -> 5716 | G15: =IFERROR(E15/E6*100,0) -> 0.37424975 | H15: =IFERROR(F15/F6*100,0) -> 0.3827846 | I15: =取值!I15 -> 470 | J15: =IFERROR(I15/I$6*100,0) -> 0.36464354
D16: 燃料气 | E16: 3787 | F16: =取值!F20 -> 45597 | G16: =IFERROR(E16/E6*100,0) -> 2.9404229 | H16: =IFERROR(F16/F6*100,0) -> 3.0535041 | I16: =取值!I16 -> 3990 | J16: =IFERROR(I16/I$6*100,0) -> 3.0955909
D17: 不合格汽油 | E17: 0 | F17: =取值!F21 -> 854 | G17: =IFERROR(E17/E6*100,0) -> 0 | H17: =IFERROR(F17/F6*100,0) -> 0.057190002 | I17: =取值!I17 -> 0 | J17: =IFERROR(I17/I$6*100,0) -> 0
D18: 污油 | E18: 33 | F18: =取值!F22 -> 875 | G18: =IFERROR(E18/E6*100,0) -> 0.025622908 | H18: =IFERROR(F18/F6*100,0) -> 0.058596314 | I18: =取值!I18 -> 15 | J18: =IFERROR(I18/I$6*100,0) -> 0.01163756
D19: 加工损失 | E19: =IFERROR(E6-SUM(E9:E18),"") -> 450 | F19: =IFERROR(F6-SUM(F9:F18),"") -> 5224 | G19: =IFERROR(E19/E6*100,0) -> 0.3494033 | H19: =IFERROR(F19/F6*100,0) -> 0.34983673 | I19: =IFERROR(I6-SUM(I9:I18),"") -> 403 | J19: =IFERROR(I19/I$6*100,0) -> 0.31266244
C20: 140 万 吨/ 年 加 氢 | D20: 原料处理量 | E20: 78582 | F20: =SUM(F21,F22,F23) -> 1055917 | G20: / | H20: / | I20: =取值!I19 -> 87494 | J20: /
D21: 其中：催化柴油 | E21: 74282 | F21: =取值!F25 -> 1018725 | G21: / | H21: / | I21: =取值!I20 -> 84009 | J21: /
D22: 氢气 | E22: 1530 | F22: =取值!F26 -> 16051 | G22: / | H22: / | I22: =取值!I21 -> 1892 | J22: /
D23: 轻烃 | E23: 2770 | F23: =取值!F27 -> 21141 | G23: / | H23: / | I23: =取值!I23 -> 1593 | J23: /
D24: 柴油 | E24: 64655 | F24: =取值!F28 -> 892459 | G24: =IFERROR(E24/E20*100,0) -> 82.277112 | H24: =IFERROR(F24/F20*100,0) -> 84.519806 | I24: =取值!I24 -> 73979 | J24: =IFERROR(I24/I$20*100,0) -> 84.553227
D25: 粗汽油 | E25: 10214 | F25: =取值!F29 -> 121561 | G25: =IFERROR(E25/E20*100,0) -> 12.997888 | H25: =IFERROR(F25/F20*100,0) -> 11.512363 | I25: =取值!I25 -> 10237 | J25: =IFERROR(I25/I$20*100,0) -> 11.700231
D26: 液化气 | E26: 3457 | F26: =取值!F30 -> 36001 | G26: =IFERROR(E26/E20*100,0) -> 4.3992263 | H26: =IFERROR(F26/F20*100,0) -> 3.4094536 | I26: =取值!I26 -> 3019 | J26: =IFERROR(I26/I$20*100,0) -> 3.4505223
D27: 高、低气分 | E27: 79 | F27: =取值!F31 -> 1055 | G27: =IFERROR(E27/E20*100,0) -> 0.10053193 | H27: =IFERROR(F27/F20*100,0) -> 0.099913156 | I27: =取值!I27 -> 95 | J27: =IFERROR(I27/I$20*100,0) -> 0.10857887
D28: 干气 | E28: 94 | F28: =取值!F32 -> 1395 | G28: =IFERROR(E28/E20*100,0) -> 0.11962027 | H28: =IFERROR(F28/F20*100,0) -> 0.13211266 | I28: =取值!I28 -> 86 | J28: =IFERROR(I28/I$20*100,0) -> 0.098292454
D29: 不合格柴油 | E29: 0 | F29: =取值!F33 -> 2533.8 | G29: =IFERROR(E29/E20*100,0) -> 0 | H29: =IFERROR(F29/F20*100,0) -> 0.23996204 | I29: =取值!I29 -> 0 | J29: =IFERROR(I29/I$20*100,0) -> 0
D30: 反冲洗污油 | E30: 52 | F30: =取值!F34 -> 532 | G30: =IFERROR(E30/E20*100,0) -> 0.066172915 | H30: =IFERROR(F30/F20*100,0) -> 0.050382748 | I30: =取值!I30 -> 47 | J30: =IFERROR(I30/I$20*100,0) -> 0.053717969
D31: 加工损失 | E31: =E20-SUM(E24,E25,E26,E27,E28,E29,E30) -> 31 | F31: =F20-SUM(F24,F25,F26,F27,F28,F29,F30) -> 380.2 | G31: =IFERROR(E31/E20*100,0) -> 0.039449238 | H31: =IFERROR(F31/F20*100,0) -> 0.036006618 | I31: =IFERROR(I20-SUM(I24,I25,I26,I27,I28,I29,I30),0) -> 31 | J31: =IFERROR(I31/I$20*100,0) -> 0.035431001
C32: 20 万 吨/ 年 苯 抽 提 | D32: 原料处理量 | E32: 17318 | F32: =取值!F36 -> 187561 | G32: / | H32: / | I32: =取值!I32 -> 15888 | J32: /
D33: 苯 | E33: 5552 | F33: =取值!F37 -> 59342 | G33: =IFERROR(E33/E32*100,0) -> 32.059129 | H33: =IFERROR(F33/F32*100,0) -> 31.638774 | I33: =取值!I33 -> 4740 | J33: =IFERROR(I33/I$32*100,0) -> 29.833837
D34: 非芳烃 | E34: 11673 | F34: =取值!F38 -> 126972 | G34: =IFERROR(E34/E32*100,0) -> 67.403857 | H34: =IFERROR(F34/F32*100,0) -> 67.696376 | I34: =取值!I34 -> 11056 | J34: =IFERROR(I34/I$32*100,0) -> 69.58711
D35: 重组分 | E35: 0 | F35: =取值!F39 -> 0 | G35: =IFERROR(E35/E32*100,0) -> 0 | H35: =IFERROR(F35/F32*100,0) -> 0 | I35: =取值!I35 -> 0 | J35: =IFERROR(I35/I$32*100,0) -> 0
D36: 不合格苯 | E36: 0 | F36: =取值!F40 -> 0 | G36: =IFERROR(E36/E32*100,0) -> 0 | H36: =IFERROR(F36/F32*100,0) -> 0 | I36: =取值!I36 -> 0 | J36: =IFERROR(I36/I$32*100,0) -> 0
D37: 加工损失 | E37: =IFERROR(E32-SUM(E33,E34,E35,E36),"") -> 93 | F37: =IFERROR(F32-SUM(F33,F34,F35,F36),"") -> 1247 | G37: =IFERROR(E37/E32*100,0) -> 0.53701351 | H37: =IFERROR(F37/F32*100,0) -> 0.66485037 | I37: =IFERROR(I32-SUM(I33,I34,I35,I36),"") -> 92 | J37: =IFERROR(I37/I$32*100,0) -> 0.57905337
B38: 备注：
C39: 主管领导： | D39: 陈张友 | F39: 单位负责人： | G39: 温铜川 | I39: 填报人： | J39: 李洛娟

Sheet 取值
A1: 报表生成时间： | B1: 2026-01-01 | C1: 8:00:00
E6: 128791 | F6: 1493268 | I6: 128893 | J6: 1372497
E7: 128791 | F7: 1491491 | I7: 128893 | J7: 1372497
E8: 128791 | F8: 1491491 | I8: 0 | J8: 1372497
I9: 6162
E10: 0 | F10: 1777 | I10: 74804 | J10: 0
I11: 22756
E12: 128791 | F12: 1491491 | I12: 0 | J12: 1372497
E13: 6188 | F13: 69265 | I13: 15888 | J13: 62907
E14: 72842 | F14: 866531 | I14: 4405 | J14: 805238
E15: 23079 | F15: 260107 | I15: 470 | J15: 240282
E16: 507 | F16: 1849 | I16: 3990 | J16: 0
E17: 17318 | F17: 187561 | I17: 0 | J17: 165208
E18: 4105 | F18: 49689 | I18: 15 | J18: 45541
E19: 482 | F19: 5716 | I19: 87494 | J19: 5413
E20: 3787 | F20: 45597 | I20: 84009 | J20: 41229
E21: 0 | F21: 854 | I21: 1892 | J21: 0
E22: 33 | F22: 875 | I22: 1892 | J22: 1511
I23: 1593
I24: 73979
E25: 74282 | F25: 1018725 | I25: 10237 | J25: 938743
E26: 1530 | F26: 16051 | I26: 3019 | J26: 18675
E27: 2770 | F27: 21141 | I27: 95 | J27: 16176
E28: 64655 | F28: 892459 | I28: 86 | J28: 838272
E29: 10214 | F29: 121561 | I29: 0 | J29: 101727
E30: 3457 | F30: 36001 | I30: 47 | J30: 30026
E31: 79 | F31: 1055 | J31: 1112
E32: 94 | F32: 1395 | I32: 15888 | J32: 941
E33: 0 | F33: 2533.8 | I33: 4740 | J33: 0
E34: 52 | F34: 532 | I34: 11056 | J34: 1120.1
I35: 0
E36: 17318 | F36: 187561 | I36: 0 | J36: 165208
E37: 5552 | F37: 59342 | J37: 50497
E38: 11673 | F38: 126972 | J38: 113667
E39: 0 | F39: 0 | J39: 0
E40: 0 | F40: 0 | J40: 0
C44: 陈张友
C45: 温铜川
C46: 李洛娟
