Workbook

Sheet 延安石化厂装置生产完成情况（3-2）
B2: 延安石化厂装置生产完成情况（3-2）
B3: 编制单位：延安石油化工厂 | E3: 日期： | F3: 2025-12 | G3: =取值!A16&取值!B16&取值!C16 -> 报表生成时间：2026-01-01 8:00:00 | K3: 附表3-2
B4: 单位名称 | C4: 装置名称 | D4: 指标名称 | E4: 产量（吨） | G4: 收率（%） | I4: 去年同期 | K4: 备注
E5: 本 月 | F5: 累 计 | G5: 本 月 | H5: 累 计 | I5: 产 量 | J5: 收 率
B6: 联 合 二 车 间 | C6: 60 万 吨/ 年 气 体 分 馏 装 置 | D6: 原料处理量 | E6: 58343 | F6: =_xlfn.IFERROR(SUM(F7:F8),"") -> 662215 | G6: / | H6: / | I6: =取值!E40 -> 57282 | J6: /
D7: 其中： 精制液化气 | E7: 58343 | F7: =取值!F7 -> 662215 | G7: / | H7: / | I7: =取值!E41 -> 57282 | J7: /
D8: OG气 | E8: 0 | F8: =取值!F8 -> 0 | G8: / | H8: / | I8: =取值!E42 -> 0 | J8: /
D9: 燃料气 | E9: 1040 | F9: =取值!F9 -> 10225 | G9: =_xlfn.IFERROR(E9/E6*100,0) -> 1.7825617 | H9: =_xlfn.IFERROR(F9/F6*100,0) -> 1.5440605 | I9: =取值!E43 -> 1024 | J9: =_xlfn.IFERROR(I9/I$6*100,0) -> 1.7876471
D10: 丙烯 | E10: 15366 | F10: =取值!F10 -> 177839 | G10: =_xlfn.IFERROR(E10/E6*100,0) -> 26.33735 | H10: =_xlfn.IFERROR(F10/F6*100,0) -> 26.855175 | I10: =取值!E44 -> 16032 | J10: =_xlfn.IFERROR(I10/I$6*100,0) -> 27.98785
D11: 戊烷馏分 | E11: 466 | F11: =取值!F11 -> 5870 | G11: =_xlfn.IFERROR(E11/E6*100,0) -> 0.79872478 | H11: =_xlfn.IFERROR(F11/F6*100,0) -> 0.88641906 | I11: =取值!E45 -> 672 | J11: =_xlfn.IFERROR(I11/I$6*100,0) -> 1.1731434
D12: 丙烷 | E12: 7710 | F12: =取值!F12 -> 81368 | G12: =_xlfn.IFERROR(E12/E6*100,0) -> 13.214953 | H12: =_xlfn.IFERROR(F12/F6*100,0) -> 12.287248 | I12: =取值!E46 -> 7384 | J12: =_xlfn.IFERROR(I12/I$6*100,0) -> 12.890611
D13: 气分碳四 | E13: 33598 | F13: =取值!F13 -> 385084 | G13: =_xlfn.IFERROR(E13/E6*100,0) -> 57.587028 | H13: =_xlfn.IFERROR(F13/F6*100,0) -> 58.150903 | I13: =取值!E47 -> 31905 | J13: =_xlfn.IFERROR(I13/I$6*100,0) -> 55.698125
D14: 不合格丙烯 | E14: 0 | F14: =取值!F14 -> 0 | G14: =_xlfn.IFERROR(E14/E6*100,0) -> 0 | H14: =_xlfn.IFERROR(F14/F6*100,0) -> 0 | I14: =取值!E48 -> 0 | J14: =_xlfn.IFERROR(I14/I$6*100,0) -> 0
D15: 加工损失 | E15: =E6-SUM(E9,E10,E11,E12,E13,E14) -> 163 | F15: =F6-SUM(F9,F10,F11,F12,F13,F14) -> 1829 | G15: =_xlfn.IFERROR(E15/E6*100,0) -> 0.27938227 | H15: =_xlfn.IFERROR(F15/F6*100,0) -> 0.27619429 | I15: =_xlfn.IFERROR(I6-SUM(I9,I10,I11,I12,I13,I14),0) -> 265 | J15: =_xlfn.IFERROR(I15/I$6*100,0) -> 0.46262351
C16: 20 万 吨/ 年 聚 丙 烯 装 置 | D16: 丙烯原料 | E16: 19514 | F16: =取值!F16 -> 224400 | G16: / | H16: / | I16: =取值!E50 -> 18754 | J16: /
D17: 聚丙烯粒料(T30S) | E17: 18886 | F17: =取值!F17 -> 215576 | G17: =_xlfn.IFERROR(E17/E16*100,0) -> 96.781798 | H17: =_xlfn.IFERROR(F17/F16*100,0) -> 96.067736 | I17: =取值!E51 -> 17726 | J17: =_xlfn.IFERROR(I17/I$16*100,0) -> 94.518503
D18: 聚丙烯粒料(C30S) | E18: 0 | F18: =取值!F18 -> 0 | G18: =_xlfn.IFERROR(E18/E16*100,0) -> 0 | H18: =_xlfn.IFERROR(F18/F16*100,0) -> 0 | I18: =取值!E52 -> 0 | J18: =_xlfn.IFERROR(I18/I$16*100,0) -> 0
D19: 聚丙烯粉料 | E19: 0 | F19: =取值!F19 -> 1259.72 | G19: =_xlfn.IFERROR(E19/E16*100,0) -> 0 | H19: =_xlfn.IFERROR(F19/F16*100,0) -> 0.56137255 | I19: =取值!E53 -> 363.94 | J19: =_xlfn.IFERROR(I19/I$16*100,0) -> 1.9405993
D20: 大块料 | E20: 0 | F20: =取值!F20 -> 51.66 | G20: =_xlfn.IFERROR(E20/E16*100,0) -> 0 | H20: =_xlfn.IFERROR(F20/F16*100,0) -> 0.02302139 | I20: =取值!E54 -> 63.58 | J20: =_xlfn.IFERROR(I20/I$16*100,0) -> 0.33902101
D21: 落地料 | E21: 0 | F21: =取值!F21 -> 114.62 | G21: =_xlfn.IFERROR(E21/E16*100,0) -> 0 | H21: =_xlfn.IFERROR(F21/F16*100,0) -> 0.051078431 | I21: =取值!E55 -> 6.48 | J21: =_xlfn.IFERROR(I21/I$16*100,0) -> 0.034552629
D22: 粉尘料 | E22: 24 | F22: =取值!F22 -> 167 | G22: =_xlfn.IFERROR(E22/E16*100,0) -> 0.12298862 | H22: =_xlfn.IFERROR(F22/F16*100,0) -> 0.074420677 | I22: =取值!E56 -> 0 | J22: =_xlfn.IFERROR(I22/I$16*100,0) -> 0
D23: 不合格料 | E23: 0 | F23: =取值!F23 -> 0 | G23: =_xlfn.IFERROR(E23/E16*100,0) -> 0 | H23: =_xlfn.IFERROR(F23/F16*100,0) -> 0 | I23: =取值!E57 -> 0 | J23: =_xlfn.IFERROR(I23/I$16*100,0) -> 0
D24: 回收气OG | E24: 467 | F24: =取值!F24 -> 5109 | G24: =_xlfn.IFERROR(E24/E16*100,0) -> 2.3931536 | H24: =_xlfn.IFERROR(F24/F16*100,0) -> 2.276738 | I24: =取值!E58 -> 440 | J24: =_xlfn.IFERROR(I24/I$16*100,0) -> 2.3461662
D25: 加工损失 | E25: =_xlfn.IFERROR(E16-SUM(E17,E18,E19,E20,E21,E22,E23,E24),0) -> 137 | F25: =_xlfn.IFERROR(F16-SUM(F17,F18,F19,F20,F21,F22,F23,F24),0) -> 2122 | G25: =_xlfn.IFERROR(E25/E16*100,0) -> 0.70206006 | H25: =_xlfn.IFERROR(F25/F16*100,0) -> 0.9456328 | I25: =_xlfn.IFERROR(I16-SUM(I17,I18,I19,I20,I21,I22,I23,I24),0) -> 154 | J25: =_xlfn.IFERROR(I25/I$16*100,0) -> 0.82115815
C26: 12 万 吨/ 年 MTBE 装 置 | D26: 原料处理量 | E26: 35401 | F26: =_xlfn.IFERROR(SUM(F27:F28),"") -> 409158 | I26: =取值!E60 -> 35044 | J26: /
D27: 其中：碳四馏分 | E27: 33299 | F27: =取值!F27 -> 382615 | G27: / | H27: / | I27: =取值!E61 -> 32760 | J27: /
D28: 甲醇 | E28: 2102 | F28: =取值!F28 -> 26543 | G28: / | H28: / | I28: =取值!E62 -> 2284 | J28: /
D29: MTBE | E29: 6538 | F29: =取值!F29 -> 73615 | G29: =_xlfn.IFERROR(E29/E26*100,0) -> 18.468405 | H29: =_xlfn.IFERROR(F29/F26*100,0) -> 17.991827 | I29: =取值!E63 -> 6224 | J29: =_xlfn.IFERROR(I29/I$26*100,0) -> 17.76053
D30: 醚后C4 | E30: 28789 | F30: =取值!F30 -> 334537 | G30: =_xlfn.IFERROR(E30/E26*100,0) -> 81.322562 | H30: =_xlfn.IFERROR(F30/F26*100,0) -> 81.762302 | I30: =取值!E64 -> 28661 | J30: =_xlfn.IFERROR(I30/I$26*100,0) -> 81.785755
D31: 不合格MTBE | E31: 0 | F31: =取值!F31 -> 0 | G31: =_xlfn.IFERROR(E31/E26*100,0) -> 0 | H31: =_xlfn.IFERROR(F31/F26*100,0) -> 0 | I31: =取值!E65 -> 0 | J31: =_xlfn.IFERROR(I31/I$26*100,0) -> 0
D32: 加工损失 | E32: =E26-SUM(E29,E30,E31) -> 74 | F32: =F26-SUM(F29,F30,F31) -> 1006 | G32: =_xlfn.IFERROR(E32/E26*100,0) -> 0.20903364 | H32: =_xlfn.IFERROR(F32/F26*100,0) -> 0.24587079 | I32: =_xlfn.IFERROR(I26-SUM(I29,I30,I31),0) -> 159 | J32: =_xlfn.IFERROR(I32/I$26*100,0) -> 0.45371533
B33: 联 合 三 车 间 | C33: 2万标立方米/年制氢装置 | D33: 原料加工量 | E33: 0 | F33: =SUM(F34,F35,F36) -> 0 | I33: =取值!E67 -> 0 | J33: /
D34: 其中：重整氢 | E34: 0 | F34: =取值!F34 -> 0 | G34: / | H34: / | I34: =取值!E68 -> 0 | J34: /
D35: 丙烷馏分 | E35: 0 | F35: =取值!F35 -> 0 | G35: / | H35: / | I35: =取值!E69 -> 0 | J35: /
D36: 天然气 | E36: 0 | F36: =取值!F36 -> 0 | G36: / | H36: / | I36: =取值!E70 -> 0 | J36: /
D37: 工业氢 | E37: 0 | F37: =取值!F37 -> 0 | G37: =_xlfn.IFERROR(E37/E33*100,0) -> 0 | H37: =_xlfn.IFERROR(F37/F33*100,0) -> 0 | I37: =取值!E71 -> 0 | J37: =_xlfn.IFERROR(I37/I$33*100,0) -> 0
D38: 燃料气 | E38: 0 | F38: =取值!F38 -> 0 | G38: =_xlfn.IFERROR(E38/E33*100,0) -> 0 | H38: =_xlfn.IFERROR(F38/F33*100,0) -> 0 | I38: =取值!E72 -> 0 | J38: =_xlfn.IFERROR(I38/I$33*100,0) -> 0
D39: 加工损失 | E39: =E33-SUM(E37,E38) -> 0 | F39: =F33-SUM(F37,F38) -> 0 | G39: =_xlfn.IFERROR(E39/E33*100,0) -> 0 | H39: =_xlfn.IFERROR(F39/F33*100,0) -> 0 | I39: =_xlfn.IFERROR(I33-SUM(I37,I38),0) -> 0 | J39: =_xlfn.IFERROR(I39/I$33*100,0) -> 0
B40: 备注
C41: 主管领导： | D41: 陈张友 | F41: 单位负责人： | G41: 温铜川 | I41: 填报人： | J41: 李洛娟

Sheet 公式
A1: 公式类型 | C1: 数据源 | E1: 取值 | G1: 计量点名称 | I1: 取值条件
A2: #SQL | B2: (" | C2: SH_PM_ALL_ByMonth | D2: "," | E2: VALUE | F2: ",":where{NAME= | G2: 延安石油化工厂_生产_联合二车间_60万吨/年气体分馏装置_进_精制液化气 | H2: }") | I2: =A2&B2&C2&D2&E2&F2&G2&H2 -> #SQL("SH_PM_ALL_ByMonth","VALUE",":where{NAME=延安石油化工厂_生产_联合二车间_60万吨/年气体分馏装置_进_精制液化气}")
A3: #SQL | B3: (" | C3: SH_PM_ALL_ByMonth | D3: "," | E3: VALUE | F3: ",":where{NAME= | G3: 延安石油化工厂_生产_联合二车间_60万吨/年气体分馏装置_进_OG气 | H3: }") | I3: =A3&B3&C3&D3&E3&F3&G3&H3 -> #SQL("SH_PM_ALL_ByMonth","VALUE",":where{NAME=延安石油化工厂_生产_联合二车间_60万吨/年气体分馏装置_进_OG气}")
A4: #SQL | B4: (" | C4: SH_PM_ALL_ByMonth | D4: "," | E4: VALUE | F4: ",":where{NAME= | G4: 延安石油化工厂_生产_联合二车间_60万吨/年气体分馏装置_出_燃料气 | H4: }") | I4: =A4&B4&C4&D4&E4&F4&G4&H4 -> #SQL("SH_PM_ALL_ByMonth","VALUE",":where{NAME=延安石油化工厂_生产_联合二车间_60万吨/年气体分馏装置_出_燃料气}")
A5: #SQL | B5: (" | C5: SH_PM_ALL_ByMonth | D5: "," | E5: VALUE | F5: ",":where{NAME= | G5: 延安石油化工厂_生产_联合二车间_60万吨/年气体分馏装置_出_丙烯 | H5: }") | I5: =A5&B5&C5&D5&E5&F5&G5&H5 -> #SQL("SH_PM_ALL_ByMonth","VALUE",":where{NAME=延安石油化工厂_生产_联合二车间_60万吨/年气体分馏装置_出_丙烯}")
A6: #SQL | B6: (" | C6: SH_PM_ALL_ByMonth | D6: "," | E6: VALUE | F6: ",":where{NAME= | G6: 延安石油化工厂_生产_联合二车间_60万吨/年气体分馏装置_出_戊烷馏分 | H6: }") | I6: =A6&B6&C6&D6&E6&F6&G6&H6 -> #SQL("SH_PM_ALL_ByMonth","VALUE",":where{NAME=延安石油化工厂_生产_联合二车间_60万吨/年气体分馏装置_出_戊烷馏分}")
A7: #SQL | B7: (" | C7: SH_PM_ALL_ByMonth | D7: "," | E7: VALUE | F7: ",":where{NAME= | G7: 延安石油化工厂_生产_联合二车间_60万吨/年气体分馏装置_出_丙烷 | H7: }") | I7: =A7&B7&C7&D7&E7&F7&G7&H7 -> #SQL("SH_PM_ALL_ByMonth","VALUE",":where{NAME=延安石油化工厂_生产_联合二车间_60万吨/年气体分馏装置_出_丙烷}")
A8: #SQL | B8: (" | C8: SH_PM_ALL_ByMonth | D8: "," | E8: VALUE | F8: ",":where{NAME= | G8: 延安石油化工厂_生产_联合二车间_60万吨/年气体分馏装置_出_碳四馏分 | H8: }") | I8: =A8&B8&C8&D8&E8&F8&G8&H8 -> #SQL("SH_PM_ALL_ByMonth","VALUE",":where{NAME=延安石油化工厂_生产_联合二车间_60万吨/年气体分馏装置_出_碳四馏分}")
A9: #SQL | B9: (" | C9: SH_PM_ALL_ByMonth | D9: "," | E9: VALUE | F9: ",":where{NAME= | G9: 延安石油化工厂_生产_联合二车间_60万吨/年气体分馏装置_出_不合格丙烯 | H9: }") | I9: =A9&B9&C9&D9&E9&F9&G9&H9 -> #SQL("SH_PM_ALL_ByMonth","VALUE",":where{NAME=延安石油化工厂_生产_联合二车间_60万吨/年气体分馏装置_出_不合格丙烯}")
A10: #SQL | B10: (" | C10: SH_PM_ALL_ByMonth | D10: "," | E10: VALUE | F10: ",":where{NAME= | G10: 延安石油化工厂_生产_联合二车间_60万吨/年气体分馏装置_出_加工损失 | H10: }") | I10: =A10&B10&C10&D10&E10&F10&G10&H10 -> #SQL("SH_PM_ALL_ByMonth","VALUE",":where{NAME=延安石油化工厂_生产_联合二车间_60万吨/年气体分馏装置_出_加工损失}")
A11: #SQL | B11: (" | C11: SH_PM_ALL_ByMonth | D11: "," | E11: VALUE | F11: ",":where{NAME= | G11: 延安石油化工厂_生产_联合二车间_20万吨/年聚丙烯装置_进_丙烯原料 | H11: }") | I11: =A11&B11&C11&D11&E11&F11&G11&H11 -> #SQL("SH_PM_ALL_ByMonth","VALUE",":where{NAME=延安石油化工厂_生产_联合二车间_20万吨/年聚丙烯装置_进_丙烯原料}")
A12: #SQL | B12: (" | C12: SH_PM_ALL_ByMonth | D12: "," | E12: VALUE | F12: ",":where{NAME= | G12: 延安石油化工厂_生产_联合二车间_20万吨/年聚丙烯装置_出_聚丙烯粒料(T30S) | H12: }") | I12: =A12&B12&C12&D12&E12&F12&G12&H12 -> #SQL("SH_PM_ALL_ByMonth","VALUE",":where{NAME=延安石油化工厂_生产_联合二车间_20万吨/年聚丙烯装置_出_聚丙烯粒料(T30S)}")
A13: #SQL | B13: (" | C13: SH_PM_ALL_ByMonth | D13: "," | E13: VALUE | F13: ",":where{NAME= | G13: 延安石油化工厂_生产_联合二车间_20万吨/年聚丙烯装置_出_聚丙烯粒料(C30S) | H13: }") | I13: =A13&B13&C13&D13&E13&F13&G13&H13 -> #SQL("SH_PM_ALL_ByMonth","VALUE",":where{NAME=延安石油化工厂_生产_联合二车间_20万吨/年聚丙烯装置_出_聚丙烯粒料(C30S)}")
... A27: #SQL | B27: (" | C27: SH_PM_ALL_ByMonth | D27: "," | E27: VALUE | F27: ",":where{NAME= | G27: 延安石油化工厂_生产_联合二车间_12万吨/年MTBE装置_出_加工损失 | H27: }") | I27: =A27&B27&C27&D27&E27&F27&G27&H27 -> #SQL("SH_PM_ALL_ByMonth","VALUE",":where{NAME=延安石油化工厂_生产_联合二车间_12万吨/年MTBE装置_出_加工损失}")

Sheet 取值
E7: 58343 | F7: 662215 | I7: 660975
E8: 0 | F8: 0 | I8: 0
E9: 1040 | F9: 10225 | I9: 10890
E10: 15366 | F10: 177839 | I10: 179886
E11: 466 | F11: 5870 | I11: 7437
E12: 7710 | F12: 81368 | I12: 75949
E13: 33598 | F13: 385084 | I13: 385136
E14: 0 | F14: 0 | I14: 0
A16: 报表生成时间： | B16: 2026-01-01 | C16: 8:00:00 | E16: 19514 | F16: 224400 | I16: 228247
E17: 18886 | F17: 215576 | I17: 220050
E18: 0 | F18: 0 | I18: 0
E19: 0 | F19: 1259.72 | I19: 866.44
E20: 0 | F20: 51.66 | I20: 83.1
E21: 0 | F21: 114.62 | I21: 78.26
E22: 24 | F22: 167 | I22: 196.2
E23: 0 | F23: 0 | I23: 0
E24: 467 | F24: 5109 | I24: 5216
E27: 33299 | F27: 382615 | I27: 380530
E28: 2102 | F28: 26543 | I28: 26979
E29: 6538 | F29: 73615 | I29: 74272
E30: 28789 | F30: 334537 | I30: 331930
E31: 0 | F31: 0 | I31: 0
E40: 57282
E41: 57282
E42: 0
E43: 1024
E44: 16032
E45: 672
E46: 7384
E47: 31905
E48: 0
E50: 18754
E51: 17726
E52: 0
... E72: 0
A76: 陈张友
A77: 温铜川
A78: 李洛娟
